model,month,games_all,mse_all,games_shared_with_fide,mse_shared_with_fide,fide_official_mse_on_shared
classic_elo,2008-04,180982,0.1789239754542179,144265,0.17511693412353374,0.13764081149142152
classic_elo,2008-05,0,,0,,
classic_elo,2008-06,0,,0,,
classic_elo,2008-07,236675,0.1681493492226674,187852,0.1631302627493291,0.13679543234739883
classic_elo,2008-08,0,,0,,
classic_elo,2008-09,0,,0,,
classic_elo,2008-10,243167,0.16689501286092354,187997,0.16045901120581596,0.13360164260122337
classic_elo,2008-11,0,,0,,
classic_elo,2008-12,0,,0,,
classic_elo,2009-01,167185,0.16493787755529543,129736,0.1576730150883332,0.13549237721585075
classic_elo,2009-02,0,,0,,
classic_elo,2009-03,0,,0,,
classic_elo,2009-04,185579,0.16266717627387633,144117,0.15511242337597045,0.1362235904853938
classic_elo,2009-05,0,,0,,
classic_elo,2009-06,0,,0,,
classic_elo,2009-07,276319,0.15930227275416195,213427,0.1519580502972901,0.13672714563217941
classic_elo,2009-08,0,,0,,
classic_elo,2009-09,203525,0.158382785752487,156525,0.15046460432163286,0.1358919539142354
classic_elo,2009-10,0,,0,,
classic_elo,2009-11,124272,0.1535348274095366,97975,0.14676622930502004,0.1332768421482737
classic_elo,2009-12,0,,0,,
classic_elo,2010-01,129027,0.16037408156879887,98157,0.15216751615257676,0.13953411914446878
classic_elo,2010-02,0,,0,,
classic_elo,2010-03,120543,0.1577866052018872,93770,0.15044050412641483,0.13844180215781
classic_elo,2010-04,0,,0,,
classic_elo,2010-05,199670,0.15574379802616423,158485,0.14955181621896343,0.13968666619760683
classic_elo,2010-06,0,,0,,
classic_elo,2010-07,159042,0.15643831365558283,124520,0.14912554366895037,0.1392908571539941
classic_elo,2010-08,0,,0,,
classic_elo,2010-09,195050,0.1555517223761664,147890,0.14536979649423507,0.13571324516676864
classic_elo,2010-10,0,,0,,
classic_elo,2010-11,140448,0.15283517925692588,109782,0.14429674657150812,0.1347141978585435
classic_elo,2010-12,0,,0,,
classic_elo,2011-01,145193,0.1581180917418675,109700,0.1483723110567904,0.13972153095692524
classic_elo,2011-02,0,,0,,
classic_elo,2011-03,132088,0.1568401852256637,99511,0.14641889266429672,0.13901446406464418
classic_elo,2011-04,0,,0,,
classic_elo,2011-05,223039,0.15545455532693292,178791,0.148804399043433,0.14128042527243903
classic_elo,2011-06,0,,0,,
classic_elo,2011-07,176771,0.1553864870353825,132854,0.14589909910283055,0.13871616654654184
classic_elo,2011-08,0,,0,,
classic_elo,2011-09,224484,0.1527517198953894,172951,0.1427601476073286,0.1363402433763059
classic_elo,2011-10,0,,0,,
classic_elo,2011-11,161794,0.15445748495536202,123278,0.14355646219200663,0.13767324972062722
classic_elo,2011-12,0,,0,,
classic_elo,2012-01,164518,0.15895829769047815,122749,0.1483715804653497,0.14188899280634668
classic_elo,2012-02,0,,0,,
classic_elo,2012-03,140138,0.15559868759978462,105841,0.14468416074340687,0.13903934561748874
classic_elo,2012-04,0,,0,,
classic_elo,2012-05,259245,0.15603339232699714,200618,0.14656501931142885,0.14118119535100415
classic_elo,2012-06,0,,0,,
classic_elo,2012-07,196973,0.1542351809432581,150058,0.14406782467351284,0.1391799920494064
classic_elo,2012-08,102757,0.15332883225454855,80200,0.14305113052293475,0.13820478774648162
classic_elo,2012-09,130159,0.15385506591805498,102300,0.1444953779043029,0.13901320342270362
classic_elo,2012-10,77341,0.15233285450712816,61915,0.1428614055824968,0.13801826261835118
classic_elo,2012-11,77002,0.15147162697621094,59606,0.14142635654040717,0.1349325056168898
classic_elo,2012-12,86451,0.1563437954658629,65482,0.14550312318800956,0.1397145225049369
classic_elo,2013-01,80760,0.1571603220596524,63960,0.14761209928773392,0.14187160749925978
classic_elo,2013-02,93367,0.15690781988751612,71354,0.14559271698736748,0.14106790244226441
classic_elo,2013-03,79090,0.1615528348066332,57496,0.1494914041821149,0.14463920306920244
classic_elo,2013-04,114967,0.15716343599136928,88831,0.147474380910908,0.14274204141553173
classic_elo,2013-05,142160,0.15661528585792245,111877,0.14748933668251954,0.14275613557467082
classic_elo,2013-06,135294,0.15597652628099112,103699,0.14568559921926466,0.14104759241351278
classic_elo,2013-07,81625,0.1538719365730712,62282,0.14326721858036165,0.13854468283755306
classic_elo,2013-08,122736,0.1542347222001334,95291,0.14359702313986328,0.13992060789383104
classic_elo,2013-09,115276,0.15071153900871165,92932,0.14169957843105602,0.13816549139479253
classic_elo,2013-10,97687,0.1531150551632751,75665,0.14084168278824882,0.13937549825209636
classic_elo,2013-11,95769,0.1544919674272649,73887,0.1437214001819892,0.1394298478564762
classic_elo,2013-12,84857,0.15467536254721495,65445,0.14315432140977935,0.13880307904996353
classic_elo,2014-01,106181,0.15958568167755782,81289,0.1495380831660101,0.1460064473258296
classic_elo,2014-02,108120,0.15843471977907822,79651,0.1457046898913804,0.1430932326926938
classic_elo,2014-03,80830,0.15899666618236644,60179,0.1470347724964818,0.14316917976868246
classic_elo,2014-04,113306,0.15792905943142604,89232,0.14734580356674515,0.1441804468367671
classic_elo,2014-05,162815,0.15621376502572792,126191,0.1464636670525628,0.14265614762268508
classic_elo,2014-06,105949,0.15810053662766746,77629,0.14535673306521993,0.1419576478009314
classic_elo,2014-07,104568,0.1565441718346814,77884,0.14488682396181718,0.1410323395154555
classic_elo,2014-08,124004,0.15578228280767425,95737,0.1443111851487566,0.14282311855056548
classic_elo,2014-09,122451,0.1529110435599499,95259,0.14224658737743803,0.13991135775109212
classic_elo,2014-10,100479,0.15447743348108564,76267,0.14213111980541493,0.13806934959809425
classic_elo,2014-11,107622,0.1569864447680781,81645,0.14583484007074732,0.14154703103499125
classic_elo,2014-12,94431,0.15977871687682463,70550,0.14690618229979507,0.1413232080433178
classic_elo,2015-01,119188,0.1602980353468808,89310,0.1476687975032098,0.14301551463703546
classic_elo,2015-02,115470,0.15623155183165524,91069,0.14579309255508896,0.1408391753876161
classic_elo,2015-03,98328,0.15986053640148046,74441,0.14725536944487624,0.14294080489593167
classic_elo,2015-04,120313,0.15697116729754826,96431,0.14690295352729008,0.1411449748553981
classic_elo,2015-05,159203,0.15768428822420685,123999,0.1461138826260809,0.1410949021103982
classic_elo,2015-06,133429,0.15892335670133395,100399,0.14641471432364134,0.1410344339458968
classic_elo,2015-07,106171,0.15862508906594727,81232,0.14643326436088325,0.14068374643292697
classic_elo,2015-08,137771,0.1563832864551044,108745,0.1450019404447482,0.14040461511111746
classic_elo,2015-09,154547,0.15345710915396302,125379,0.1435024564928277,0.1390173806964231
classic_elo,2015-10,103432,0.15820990476612484,81712,0.1467000991574111,0.139442672554209
classic_elo,2015-11,118017,0.15488980337288014,93670,0.14456966247344788,0.13782485450295093
classic_elo,2015-12,120452,0.16039713353037796,96094,0.1494649221846117,0.14334223570105317
classic_elo,2016-01,142820,0.16308482631372792,111822,0.15183024393702535,0.14617404210702173
classic_elo,2016-02,131816,0.1591891772934313,103358,0.14768773535245788,0.14149156769821652
classic_elo,2016-03,132128,0.15971414142025872,106823,0.14964088453408417,0.14364726774250317
classic_elo,2016-04,155437,0.16043228292926873,124640,0.15006311285521196,0.14377650175885232
classic_elo,2016-05,137093,0.15934920198353847,111315,0.1495633259466482,0.1428058053019569
classic_elo,2016-06,142698,0.16001226706720742,110644,0.14779625017301587,0.14126813853236594
classic_elo,2016-07,109570,0.16077451278051447,87396,0.14939627123148455,0.14293209434493165
classic_elo,2016-08,156349,0.1581733438808551,125466,0.14693147997251982,0.14106828550107872
classic_elo,2016-09,170541,0.15521198639456796,141565,0.14581258331477245,0.14154906017596586
classic_elo,2016-10,102692,0.15920440971371552,81888,0.14788300323193987,0.14190715383649383
classic_elo,2016-11,130785,0.15677594485972463,106284,0.14677327260105277,0.14085633062498779
classic_elo,2016-12,141489,0.15939648128807032,116345,0.1505310229799505,0.1436400786611406
classic_elo,2017-01,155897,0.16377197328606893,123531,0.15263691073770386,0.14670666475019908
classic_elo,2017-02,150759,0.1576317475787494,121558,0.1471893392274925,0.14262319169159204
classic_elo,2017-03,117131,0.1607178411228652,96153,0.15080330417009777,0.1454640615563146
classic_elo,2017-04,148123,0.16156162334454036,121788,0.15250790033433362,0.14660659289062322
classic_elo,2017-05,168769,0.15779383690639104,138400,0.1479081907339902,0.1414714100110548
classic_elo,2017-06,143535,0.15782096854739758,115773,0.14796037427664216,0.14381991804577768
classic_elo,2017-07,130033,0.15981429122555646,104188,0.1494473100680905,0.1447036230325956
classic_elo,2017-08,171045,0.1574591656786094,139774,0.14791244475499538,0.14385007764281413
classic_elo,2017-09,166013,0.15404368990089362,138049,0.14496380132177203,0.14127705307757643
classic_elo,2017-10,114268,0.15648009730821985,93445,0.146822541036453,0.1430673773604005
classic_elo,2017-11,124767,0.1534686066170254,101873,0.14441177130291624,0.1397531099635756
classic_elo,2017-12,152995,0.15868186459111394,126971,0.15011957050172897,0.14593946554204865
classic_elo,2018-01,158039,0.16174097076914876,128128,0.15251160891168675,0.14795017354637724
classic_elo,2018-02,159448,0.15676288554627824,130833,0.1482779263704276,0.14516506605768278
classic_elo,2018-03,140200,0.15846129284709712,113958,0.1486017497847704,0.1438710706118439
classic_elo,2018-04,136794,0.1602859177853657,114566,0.15184178339796991,0.14638299361794493
classic_elo,2018-05,175647,0.15901120492939547,142890,0.14950937501522987,0.14478892880618174
classic_elo,2018-06,155857,0.15741213679534385,124913,0.14744594677226128,0.14461917809477368
classic_elo,2018-07,127445,0.15971422095028268,101253,0.15024864811825844,0.14776779749934635
classic_elo,2018-08,183183,0.15533858371098808,151293,0.14603115867932273,0.14505380291679337
classic_elo,2018-09,163513,0.15501049078699572,134001,0.14541797294988962,0.1438768147320056
classic_elo,2018-10,99339,0.15600238448641301,81172,0.14652300910915367,0.14439505080350473
classic_elo,2018-11,132573,0.1538183008829057,110473,0.14572849018637654,0.1435403399992663
classic_elo,2018-12,160329,0.15935587886779073,132013,0.15083053424507678,0.1486459346962695
classic_elo,2019-01,151587,0.15933096073243788,123867,0.15104059880021398,0.14846589402257646
classic_elo,2019-02,166560,0.1565784086845669,136179,0.14791595653434272,0.14674861876527814
classic_elo,2019-03,123549,0.1565183483894823,102775,0.14814471446427682,0.1457772082195778
classic_elo,2019-04,147548,0.15883876669713487,122103,0.15013625622831223,0.14767940148047384
classic_elo,2019-05,203830,0.15620819037239414,167801,0.14740300134694226,0.14549958711491992
classic_elo,2019-06,131996,0.1581397264855714,105832,0.1490118865739764,0.1477431887930657
classic_elo,2019-07,150657,0.15749314226701777,122965,0.14883815596333466,0.14871307352825164
classic_elo,2019-08,184892,0.15414541573740398,153532,0.1456870967378462,0.1466920341447409
classic_elo,2019-09,174646,0.15347034486387953,145075,0.14589912857131584,0.14783924411519628
classic_elo,2019-10,105337,0.15432525801998312,86984,0.1464376581268124,0.1487107912354122
classic_elo,2019-11,136652,0.15515059131659711,112749,0.14700247419807272,0.14706445098924276
classic_elo,2019-12,163304,0.15692320295834575,135706,0.14898579796497438,0.1477000164205632
classic_elo,2020-01,154730,0.1582037863494476,127518,0.15053036395147865,0.15014015496170627
classic_elo,2020-02,166424,0.15499815450480048,138404,0.14755114277983808,0.14813930255937824
classic_elo,2020-03,134659,0.15671293999256444,113746,0.14914226376270553,0.14837624462817883
classic_elo,2020-04,98206,0.15777478766547492,84539,0.15095041419001187,0.14827489869085791
classic_elo,2020-05,6318,0.16705860700813088,5203,0.15860833627428697,0.1550410720513652
classic_elo,2020-06,1983,0.16295220811017205,1604,0.1570068022249098,0.14456280345942843
classic_elo,2020-07,10453,0.14116788064719718,9776,0.13734875373387265,0.1370723543159292
classic_elo,2020-08,17416,0.15008929958328304,14879,0.14089410310512865,0.14461018568376216
classic_elo,2020-09,35859,0.15334782364108385,31616,0.14646195907558576,0.14855440760545635
classic_elo,2020-10,35958,0.15070908194388863,31602,0.14330519289684865,0.14576140867445989
classic_elo,2020-11,38815,0.14978304230416534,34066,0.14368805796348547,0.14359375483932493
classic_elo,2020-12,20568,0.15698989267239297,16928,0.1478766999656961,0.151251817381171
classic_elo,2021-01,24591,0.15866878311060603,20345,0.1516226521941109,0.15407100493093484
classic_elo,2021-02,19935,0.15967422072981885,15945,0.1495445476581335,0.1548057050279339
classic_elo,2021-03,14473,0.1603221825060037,11227,0.14989966222785855,0.15813373659938568
classic_elo,2021-04,31608,0.15851965776577198,25655,0.14936498251698876,0.15485994249315774
classic_elo,2021-05,42571,0.16012182754824536,32833,0.14989196807820668,0.1572828194095197
classic_elo,2021-06,32623,0.15819330500287437,26524,0.14847603267717704,0.15361593144860108
classic_elo,2021-07,67486,0.16026146115835557,52070,0.14948859298311226,0.15534107897680646
classic_elo,2021-08,85151,0.15382160949351104,70202,0.14475882973636356,0.15329495645721306
classic_elo,2021-09,107478,0.15497489448121568,87526,0.14577705954084438,0.15486003762158035
classic_elo,2021-10,72035,0.1533797840413618,58242,0.14330093450711026,0.14973921777886925
classic_elo,2021-11,88431,0.15220749509984444,73424,0.14286936369694217,0.1484686863486792
classic_elo,2021-12,120499,0.15985226817322537,95357,0.1493437965667797,0.1564535839666976
classic_elo,2022-01,106332,0.1629578416812784,81324,0.1520532533336746,0.1594703565523222
classic_elo,2022-02,84471,0.1582386829571392,66176,0.14719417212642386,0.15475191427107401
classic_elo,2022-03,79374,0.15696930616880883,64167,0.14612261986441327,0.15226536773714602
classic_elo,2022-04,129046,0.1568477671053497,103775,0.14638863049929224,0.15363782815108565
classic_elo,2022-05,151542,0.15932137461889004,120708,0.147951232576618,0.15458422070004835
classic_elo,2022-06,121892,0.15692577718717715,96978,0.1457124963028544,0.1538702364839426
classic_elo,2022-07,123467,0.15739522592991081,97255,0.145921539837506,0.15439572665176224
classic_elo,2022-08,147775,0.1560012721074272,118956,0.14538352117499365,0.1566583743112495
classic_elo,2022-09,166586,0.15445003311405034,135348,0.14403931669971604,0.15403433891707607
classic_elo,2022-10,112576,0.15699705519877688,91113,0.14618948855727534,0.15612180778860027
classic_elo,2022-11,121255,0.15613458810656228,95722,0.14414639684372943,0.15054956403779413
classic_elo,2022-12,155614,0.15738438415457834,125814,0.14715001024134425,0.1552064950378177
classic_elo,2023-01,117006,0.15974851329762238,93656,0.14917844334199704,0.1555209729020314
classic_elo,2023-02,158635,0.15661938314635881,125878,0.1461716695048733,0.1541977404775415
classic_elo,2023-03,148995,0.1589247027640859,118611,0.148094013390564,0.15346944489148756
classic_elo,2023-04,134395,0.15796966876692894,109286,0.14786108826913816,0.15364614231316087
classic_elo,2023-05,161031,0.15629021223440837,125552,0.14466244076391213,0.15124570422864655
classic_elo,2023-06,154070,0.15742675982177143,120933,0.14662509888490471,0.15205762795967753
classic_elo,2023-07,134541,0.1572287642089711,104978,0.14622654375333138,0.15421571596188255
classic_elo,2023-08,174520,0.1559230463572783,140987,0.1458680532991004,0.15663805054240293
classic_elo,2023-09,181717,0.15517916671714202,144747,0.14429338220407628,0.15312476630520452
classic_elo,2023-10,109233,0.15438313863731815,89765,0.14487879334691958,0.15245830891061207
classic_elo,2023-11,155183,0.15416362669892003,123446,0.14324232645716353,0.14857358303711993
classic_elo,2023-12,157723,0.15717608676373784,129553,0.14830913401367726,0.15461103282679903
classic_elo,2024-01,136753,0.15872369639741615,107620,0.1479027260659684,0.15515565682445132
classic_elo,2024-02,188591,0.15789816740963372,148100,0.14767446030659867,0.15458904603311982
classic_elo,2024-03,158871,0.1593338121210399,125251,0.1486967656774268,0.1536947440799163
classic_elo,2024-04,153312,0.15733513072099678,126462,0.14795764594541785,0.14904309409256347
classic_elo,2024-05,184379,0.15480220176862217,148516,0.1449551580083685,0.1440756316314139
classic_elo,2024-06,166980,0.15605190829885662,128797,0.14441598260239832,0.14346134520623752
classic_elo,2024-07,124316,0.15461728718996753,97658,0.1440029534120858,0.14459813674808647
classic_elo,2024-08,204608,0.15315432902485526,165841,0.1434839522537463,0.14595087092256542
classic_elo,2024-09,170646,0.1531117679150847,137992,0.14346660842618986,0.14490793270601346
classic_elo,2024-10,127181,0.1540687639531067,103637,0.14463926579245232,0.14513949766479062
classic_elo,2024-11,150324,0.15424592956543917,122605,0.14479818697865401,0.14348358933736863
classic_elo,2024-12,178838,0.15604173721341308,146431,0.14732078225787407,0.14670192491710318
classic_elo,2025-01,164555,0.15751458204259103,132507,0.149186893206397,0.1500422774990157
classic_elo,2025-02,201036,0.15764647312325944,158773,0.1478181123775031,0.14842691902018532
classic_elo,2025-03,168718,0.1559456576907268,137738,0.14738218749892765,0.14668756884309575
classic_elo,2025-04,174938,0.15618225817575013,144880,0.14772257686328624,0.14755620165780653
classic_elo,2025-05,198582,0.15424677250875085,161724,0.14516612420437017,0.14424900164020438
classic_elo,2025-06,178781,0.1555117464401864,138929,0.14546943977713295,0.14518967706496425
classic_elo,2025-07,163965,0.15419285635494132,131684,0.14463617928600514,0.14404662662381607
classic_elo,2025-08,206483,0.15384391056471872,169796,0.14547047832985313,0.14615148256468435
classic_elo,2025-09,198411,0.15313287846121573,162815,0.14480318947967413,0.1456144322313506
classic_elo,2025-10,147779,0.15235143618617625,123999,0.1441889047223577,0.14357558504245022
classic_elo,2025-11,165904,0.15289489432297684,137859,0.1448890611213514,0.14412473099827613
classic_elo,2025-12,192614,0.154276415347777,161785,0.1472039731590236,0.14623287424657014
previous_dynamic_seed,2008-04,180982,0.17675999205383924,144265,0.17271599909445998,0.13764081149142152
previous_dynamic_seed,2008-05,0,,0,,
previous_dynamic_seed,2008-06,0,,0,,
previous_dynamic_seed,2008-07,236675,0.1651570224365993,187852,0.1602165999974227,0.13679543234739883
previous_dynamic_seed,2008-08,0,,0,,
previous_dynamic_seed,2008-09,0,,0,,
previous_dynamic_seed,2008-10,243167,0.16212138145177177,187997,0.155406750726414,0.13360164260122337
previous_dynamic_seed,2008-11,0,,0,,
previous_dynamic_seed,2008-12,0,,0,,
previous_dynamic_seed,2009-01,167185,0.1602519290677118,129736,0.1531027715485611,0.13549237721585075
previous_dynamic_seed,2009-02,0,,0,,
previous_dynamic_seed,2009-03,0,,0,,
previous_dynamic_seed,2009-04,185579,0.1580227751677309,144117,0.15091831308387266,0.1362235904853938
previous_dynamic_seed,2009-05,0,,0,,
previous_dynamic_seed,2009-06,0,,0,,
previous_dynamic_seed,2009-07,276319,0.15614025034887152,213427,0.14923096456939589,0.13672714563217941
previous_dynamic_seed,2009-08,0,,0,,
previous_dynamic_seed,2009-09,203525,0.1540764377313901,156525,0.14677510598714805,0.1358919539142354
previous_dynamic_seed,2009-10,0,,0,,
previous_dynamic_seed,2009-11,124272,0.14916545616100466,97975,0.14325581018968608,0.1332768421482737
previous_dynamic_seed,2009-12,0,,0,,
previous_dynamic_seed,2010-01,129027,0.1561121622355566,98157,0.14858801142372877,0.13953411914446878
previous_dynamic_seed,2010-02,0,,0,,
previous_dynamic_seed,2010-03,120543,0.1534108984078997,93770,0.14676647710407384,0.13844180215781
previous_dynamic_seed,2010-04,0,,0,,
previous_dynamic_seed,2010-05,199670,0.15313492901229517,158485,0.1476319637199469,0.13968666619760683
previous_dynamic_seed,2010-06,0,,0,,
previous_dynamic_seed,2010-07,159042,0.15281137575840464,124520,0.1461702485099151,0.1392908571539941
previous_dynamic_seed,2010-08,0,,0,,
previous_dynamic_seed,2010-09,195050,0.15152700927195722,147890,0.14205750632396566,0.13571324516676864
previous_dynamic_seed,2010-10,0,,0,,
previous_dynamic_seed,2010-11,140448,0.14879100796179662,109782,0.14089074763071693,0.1347141978585435
previous_dynamic_seed,2010-12,0,,0,,
previous_dynamic_seed,2011-01,145193,0.15420161816787492,109700,0.14514986761530357,0.13972153095692524
previous_dynamic_seed,2011-02,0,,0,,
previous_dynamic_seed,2011-03,132088,0.1525558595933398,99511,0.1432069052197277,0.13901446406464418
previous_dynamic_seed,2011-04,0,,0,,
previous_dynamic_seed,2011-05,223039,0.15285913410215207,178791,0.1472831616458272,0.14128042527243903
previous_dynamic_seed,2011-06,0,,0,,
previous_dynamic_seed,2011-07,176771,0.15145853536950832,132854,0.1434732361812922,0.13871616654654184
previous_dynamic_seed,2011-08,0,,0,,
previous_dynamic_seed,2011-09,224484,0.14878717012404305,172951,0.1398661766527926,0.1363402433763059
previous_dynamic_seed,2011-10,0,,0,,
previous_dynamic_seed,2011-11,161794,0.15049159076669338,123278,0.14104411317743473,0.13767324972062722
previous_dynamic_seed,2011-12,0,,0,,
previous_dynamic_seed,2012-01,164518,0.15440670849628516,122749,0.14537560980322237,0.14188899280634668
previous_dynamic_seed,2012-02,0,,0,,
previous_dynamic_seed,2012-03,140138,0.15069944062443785,105841,0.1415184319710575,0.13903934561748874
previous_dynamic_seed,2012-04,0,,0,,
previous_dynamic_seed,2012-05,259245,0.15277145776829784,200618,0.14494627233540378,0.14118119535100415
previous_dynamic_seed,2012-06,0,,0,,
previous_dynamic_seed,2012-07,196973,0.150520053240811,150058,0.14246904727718446,0.1391799920494064
previous_dynamic_seed,2012-08,102757,0.14859617893626553,80200,0.13995813872078972,0.13820478774648162
previous_dynamic_seed,2012-09,130159,0.14921189822939898,102300,0.14165717064193023,0.13901320342270362
previous_dynamic_seed,2012-10,77341,0.14742682377136082,61915,0.13980886102161486,0.13801826261835118
previous_dynamic_seed,2012-11,77002,0.14921810162711097,59606,0.1404161116617274,0.1349325056168898
previous_dynamic_seed,2012-12,86451,0.15135257812928657,65482,0.14277600838802082,0.1397145225049369
previous_dynamic_seed,2013-01,80760,0.15257229960737242,63960,0.14490627838059597,0.14187160749925978
previous_dynamic_seed,2013-02,93367,0.15256401215826293,71354,0.14330802035862752,0.14106790244226441
previous_dynamic_seed,2013-03,79090,0.15645244569736547,57496,0.14717059356818674,0.14463920306920244
previous_dynamic_seed,2013-04,114967,0.1536130527453049,88831,0.1458945631414183,0.14274204141553173
previous_dynamic_seed,2013-05,142160,0.1530078769752266,111877,0.14616660787378213,0.14275613557467082
previous_dynamic_seed,2013-06,135294,0.15143854785181704,103699,0.1433505730391479,0.14104759241351278
previous_dynamic_seed,2013-07,81625,0.14895500302571066,62282,0.14097441436238722,0.13854468283755306
previous_dynamic_seed,2013-08,122736,0.14974641733898536,95291,0.1413204398933275,0.13992060789383104
previous_dynamic_seed,2013-09,115276,0.14574088563974996,92932,0.13910001719574383,0.13816549139479253
previous_dynamic_seed,2013-10,97687,0.1479874471378335,75665,0.13898296996197554,0.13937549825209636
previous_dynamic_seed,2013-11,95769,0.15065018076769032,73887,0.14199471170894984,0.1394298478564762
previous_dynamic_seed,2013-12,84857,0.1501563571636718,65445,0.14087898555873338,0.13880307904996353
previous_dynamic_seed,2014-01,106181,0.1540736606208982,81289,0.1470598587536069,0.1460064473258296
previous_dynamic_seed,2014-02,108120,0.1529543492979991,79651,0.14357516748148108,0.1430932326926938
previous_dynamic_seed,2014-03,80830,0.1527398353004817,60179,0.14446612850762985,0.14316917976868246
previous_dynamic_seed,2014-04,113306,0.15289067592838138,89232,0.14538365064381434,0.1441804468367671
previous_dynamic_seed,2014-05,162815,0.15142472034029017,126191,0.14477195791630415,0.14265614762268508
previous_dynamic_seed,2014-06,105949,0.15186660609557376,77629,0.14259690714378445,0.1419576478009314
previous_dynamic_seed,2014-07,104568,0.14982515203159252,77884,0.1421754668311952,0.1410323395154555
previous_dynamic_seed,2014-08,124004,0.14919319389787772,95737,0.14194400901229548,0.14282311855056548
previous_dynamic_seed,2014-09,122451,0.147203289621052,95259,0.14014044521686003,0.13991135775109212
previous_dynamic_seed,2014-10,100479,0.14687605949596774,76267,0.1395122765910628,0.13806934959809425
previous_dynamic_seed,2014-11,107622,0.15077408579732024,81645,0.1435053413428117,0.14154703103499125
previous_dynamic_seed,2014-12,94431,0.15347306475289216,70550,0.14480860184597077,0.1413232080433178
previous_dynamic_seed,2015-01,119188,0.15375651034574228,89310,0.1455215430769909,0.14301551463703546
previous_dynamic_seed,2015-02,115470,0.15006376081244277,91069,0.14328680079749762,0.1408391753876161
previous_dynamic_seed,2015-03,98328,0.15327786463869783,74441,0.14476892578260486,0.14294080489593167
previous_dynamic_seed,2015-04,120313,0.1518892399498811,96431,0.14503904214511257,0.1411449748553981
previous_dynamic_seed,2015-05,159203,0.15171975309307226,123999,0.1443605048720591,0.1410949021103982
previous_dynamic_seed,2015-06,133429,0.15158953095066527,100399,0.14368986441469375,0.1410344339458968
previous_dynamic_seed,2015-07,106171,0.15205722559292764,81232,0.14435146701617196,0.14068374643292697
previous_dynamic_seed,2015-08,137771,0.14990909310575198,108745,0.1427729720971946,0.14040461511111746
previous_dynamic_seed,2015-09,154547,0.14780261814007237,125379,0.14138771984717347,0.1390173806964231
previous_dynamic_seed,2015-10,103432,0.15119879752079893,81712,0.14383811027617907,0.139442672554209
previous_dynamic_seed,2015-11,118017,0.14943655151438492,93670,0.14251027958209797,0.13782485450295093
previous_dynamic_seed,2015-12,120452,0.15417648977278062,96094,0.14720992454824655,0.14334223570105317
previous_dynamic_seed,2016-01,142820,0.1576701472252429,111822,0.14992813731925692,0.14617404210702173
previous_dynamic_seed,2016-02,131816,0.15300310420065807,103358,0.14539146024449992,0.14149156769821652
previous_dynamic_seed,2016-03,132128,0.15415239573647835,106823,0.14751478650882857,0.14364726774250317
previous_dynamic_seed,2016-04,155437,0.1540886035158706,124640,0.14774703524430696,0.14377650175885232
previous_dynamic_seed,2016-05,137093,0.1538245292149803,111315,0.14766711966045587,0.1428058053019569
previous_dynamic_seed,2016-06,142698,0.15336549960539342,110644,0.14503957472372606,0.14126813853236594
previous_dynamic_seed,2016-07,109570,0.15425905281855984,87396,0.1470829271168577,0.14293209434493165
previous_dynamic_seed,2016-08,156349,0.1518403813441747,125466,0.14456599043759144,0.14106828550107872
previous_dynamic_seed,2016-09,170541,0.14922280026002485,141565,0.14340801284056248,0.14154906017596586
previous_dynamic_seed,2016-10,102692,0.15257585378817817,81888,0.14518875436631581,0.14190715383649383
previous_dynamic_seed,2016-11,130785,0.151616080638646,106284,0.14464323137680418,0.14085633062498779
previous_dynamic_seed,2016-12,141489,0.1543801848615287,116345,0.14891229070981893,0.1436400786611406
previous_dynamic_seed,2017-01,155897,0.15765271847901166,123531,0.1503253326953501,0.14670666475019908
previous_dynamic_seed,2017-02,150759,0.15213534168600434,121558,0.1453241695880918,0.14262319169159204
previous_dynamic_seed,2017-03,117131,0.1552938408286595,96153,0.14846830638232753,0.1454640615563146
previous_dynamic_seed,2017-04,148123,0.15701507787770597,121788,0.15106030827075,0.14660659289062322
previous_dynamic_seed,2017-05,168769,0.15223028107374317,138400,0.14557279639981713,0.1414714100110548
previous_dynamic_seed,2017-06,143535,0.15193066075784195,115773,0.14557744268081244,0.14381991804577768
previous_dynamic_seed,2017-07,130033,0.1531480811194789,104188,0.14674473208326494,0.1447036230325956
previous_dynamic_seed,2017-08,171045,0.15138121837302804,139774,0.14498307817040285,0.14385007764281413
previous_dynamic_seed,2017-09,166013,0.14797418173427732,138049,0.1421418844807048,0.14127705307757643
previous_dynamic_seed,2017-10,114268,0.1507701797290673,93445,0.14428980333523198,0.1430673773604005
previous_dynamic_seed,2017-11,124767,0.14852954929460457,101873,0.1424843999841463,0.1397531099635756
previous_dynamic_seed,2017-12,152995,0.15418608995730865,126971,0.1485882905950153,0.14593946554204865
previous_dynamic_seed,2018-01,158039,0.15616772462756018,128128,0.15004804682107448,0.14795017354637724
previous_dynamic_seed,2018-02,159448,0.15147358426061977,130833,0.1464032417976026,0.14516506605768278
previous_dynamic_seed,2018-03,140200,0.15242139458009973,113958,0.14581015088443697,0.1438710706118439
previous_dynamic_seed,2018-04,136794,0.15521923168294371,114566,0.14962795175359073,0.14638299361794493
previous_dynamic_seed,2018-05,175647,0.15328328236552702,142890,0.14685919912186116,0.14478892880618174
previous_dynamic_seed,2018-06,155857,0.1511767573115849,124913,0.14512226309351098,0.14461917809477368
previous_dynamic_seed,2018-07,127445,0.15438041648424347,101253,0.14886060110326138,0.14776779749934635
previous_dynamic_seed,2018-08,183183,0.1494684864298045,151293,0.1436158102233408,0.14505380291679337
previous_dynamic_seed,2018-09,163513,0.14900196046846734,134001,0.14291111877669604,0.1438768147320056
previous_dynamic_seed,2018-10,99339,0.15056608596556215,81172,0.14413556001502273,0.14439505080350473
previous_dynamic_seed,2018-11,132573,0.14908277066225453,110473,0.14411439065870876,0.1435403399992663
previous_dynamic_seed,2018-12,160329,0.15415602632329006,132013,0.14873181206684458,0.1486459346962695
previous_dynamic_seed,2019-01,151587,0.15388355700647163,123867,0.14857940893843255,0.14846589402257646
previous_dynamic_seed,2019-02,166560,0.15146565702023468,136179,0.14591999960148525,0.14674861876527814
previous_dynamic_seed,2019-03,123549,0.15129639741465473,102775,0.14572665823402306,0.1457772082195778
previous_dynamic_seed,2019-04,147548,0.15397396074758904,122103,0.14830265001765258,0.14767940148047384
previous_dynamic_seed,2019-05,203830,0.1506060795589651,167801,0.14490149711383324,0.14549958711491992
previous_dynamic_seed,2019-06,131996,0.15278653829055622,105832,0.1472152674418681,0.1477431887930657
previous_dynamic_seed,2019-07,150657,0.15241530537055456,122965,0.14671563642033292,0.14871307352825164
previous_dynamic_seed,2019-08,184892,0.14884516785145405,153532,0.14346329876924202,0.1466920341447409
previous_dynamic_seed,2019-09,174646,0.14903746099854906,145075,0.14418947708223556,0.14783924411519628
previous_dynamic_seed,2019-10,105337,0.149369567249047,86984,0.14411969421458443,0.1487107912354122
previous_dynamic_seed,2019-11,136652,0.15065673271133537,112749,0.14520732686403995,0.14706445098924276
previous_dynamic_seed,2019-12,163304,0.15234267993663847,135706,0.14721679323702824,0.1477000164205632
previous_dynamic_seed,2020-01,154730,0.1532963271983256,127518,0.14849984341924313,0.15014015496170627
previous_dynamic_seed,2020-02,166424,0.15051907836287795,138404,0.145736489207901,0.14813930255937824
previous_dynamic_seed,2020-03,134659,0.1526156166500265,113746,0.14729886164361913,0.14837624462817883
previous_dynamic_seed,2020-04,98206,0.15291440015366173,84539,0.14869870075852468,0.14827489869085791
previous_dynamic_seed,2020-05,6318,0.16252258705620176,5203,0.15648023046007822,0.1550410720513652
previous_dynamic_seed,2020-06,1983,0.1558575917869789,1604,0.15296441892212118,0.14456280345942843
previous_dynamic_seed,2020-07,10453,0.13786399574973557,9776,0.13612145928603336,0.1370723543159292
previous_dynamic_seed,2020-08,17416,0.14346925693606394,14879,0.1383400711518399,0.14461018568376216
previous_dynamic_seed,2020-09,35859,0.14759787794592963,31616,0.14391971906467332,0.14855440760545635
previous_dynamic_seed,2020-10,35958,0.14628302559699286,31602,0.14172698594811925,0.14576140867445989
previous_dynamic_seed,2020-11,38815,0.14530595003154373,34066,0.14189614975233864,0.14359375483932493
previous_dynamic_seed,2020-12,20568,0.15167113518142852,16928,0.1467940273578134,0.151251817381171
previous_dynamic_seed,2021-01,24591,0.15493253653284075,20345,0.1509704083881135,0.15407100493093484
previous_dynamic_seed,2021-02,19935,0.15451471880098905,15945,0.1479862778707843,0.1548057050279339
previous_dynamic_seed,2021-03,14473,0.15317921564192713,11227,0.1480239143469695,0.15813373659938568
previous_dynamic_seed,2021-04,31608,0.15294168398719987,25655,0.1478270398619832,0.15485994249315774
previous_dynamic_seed,2021-05,42571,0.15495716276631738,32833,0.14882819707634015,0.1572828194095197
previous_dynamic_seed,2021-06,32623,0.15264765318914797,26524,0.14712325348205585,0.15361593144860108
previous_dynamic_seed,2021-07,67486,0.15441132653636858,52070,0.14863019197956165,0.15534107897680646
previous_dynamic_seed,2021-08,85151,0.14876110365464743,70202,0.1429839602599634,0.15329495645721306
previous_dynamic_seed,2021-09,107478,0.15064169952811665,87526,0.14439866147589966,0.15486003762158035
previous_dynamic_seed,2021-10,72035,0.1484508657069344,58242,0.14191558704242158,0.14973921777886925
previous_dynamic_seed,2021-11,88431,0.14789785853284,73424,0.1418350062246315,0.1484686863486792
previous_dynamic_seed,2021-12,120499,0.1545101300767307,95357,0.14806440538884721,0.1564535839666976
previous_dynamic_seed,2022-01,106332,0.15726341343798939,81324,0.1506345604772708,0.1594703565523222
previous_dynamic_seed,2022-02,84471,0.15302082491743998,66176,0.14559629516645936,0.15475191427107401
previous_dynamic_seed,2022-03,79374,0.15138326552835216,64167,0.14421067950356778,0.15226536773714602
previous_dynamic_seed,2022-04,129046,0.15150079128512076,103775,0.1449924829119037,0.15363782815108565
previous_dynamic_seed,2022-05,151542,0.15311879799659803,120708,0.145782901762749,0.15458422070004835
previous_dynamic_seed,2022-06,121892,0.15028477060145368,96978,0.1436988846625034,0.1538702364839426
previous_dynamic_seed,2022-07,123467,0.1514346381250733,97255,0.144307481778005,0.15439572665176224
previous_dynamic_seed,2022-08,147775,0.15059887354194723,118956,0.14379831095869783,0.1566583743112495
previous_dynamic_seed,2022-09,166586,0.14901180958581142,135348,0.1424625960501732,0.15403433891707607
previous_dynamic_seed,2022-10,112576,0.1518466396784799,91113,0.14475126587540205,0.15612180778860027
previous_dynamic_seed,2022-11,121255,0.15018354655924507,95722,0.14234528202035124,0.15054956403779413
previous_dynamic_seed,2022-12,155614,0.15268520777928538,125814,0.14584036954377358,0.1552064950378177
previous_dynamic_seed,2023-01,117006,0.15433785463058367,93656,0.14763320251202242,0.1555209729020314
previous_dynamic_seed,2023-02,158635,0.1512879529363419,125878,0.14453364062572188,0.1541977404775415
previous_dynamic_seed,2023-03,148995,0.153142132566769,118611,0.14607884427537127,0.15346944489148756
previous_dynamic_seed,2023-04,134395,0.15238651446890228,109286,0.14596544442469842,0.15364614231316087
previous_dynamic_seed,2023-05,161031,0.14943240636069066,125552,0.14243393933916518,0.15124570422864655
previous_dynamic_seed,2023-06,154070,0.15089824991103787,120933,0.14460678196460397,0.15205762795967753
previous_dynamic_seed,2023-07,134541,0.1514915892884944,104978,0.14446037106868406,0.15421571596188255
previous_dynamic_seed,2023-08,174520,0.15082694332776583,140987,0.14435225962068426,0.15663805054240293
previous_dynamic_seed,2023-09,181717,0.14947176483867997,144747,0.1424231305544462,0.15312476630520452
previous_dynamic_seed,2023-10,109233,0.14889175113421652,89765,0.14253940929851278,0.15245830891061207
previous_dynamic_seed,2023-11,155183,0.14856004344195184,123446,0.1412455782748168,0.14857358303711993
previous_dynamic_seed,2023-12,157723,0.1524549424871157,129553,0.14645220956005914,0.15461103282679903
previous_dynamic_seed,2024-01,136753,0.15306293702366378,107620,0.14562984664467413,0.15515565682445132
previous_dynamic_seed,2024-02,188591,0.15232735924910693,148100,0.1459218015430485,0.15458904603311982
previous_dynamic_seed,2024-03,158871,0.1537714630320925,125251,0.14642110921283216,0.1536947440799163
previous_dynamic_seed,2024-04,153312,0.15326360072831335,126462,0.14657908103052572,0.14904309409256347
previous_dynamic_seed,2024-05,184379,0.1498325889229752,148516,0.14323890667079686,0.1440756316314139
previous_dynamic_seed,2024-06,166980,0.1491462026697964,128797,0.14158534127398406,0.14346134520623752
previous_dynamic_seed,2024-07,124316,0.14867836116550828,97658,0.14161513839706855,0.14459813674808647
previous_dynamic_seed,2024-08,204608,0.14826300483160365,165841,0.14140033234508956,0.14595087092256542
previous_dynamic_seed,2024-09,170646,0.1484754624264742,137992,0.14162352302431316,0.14490793270601346
previous_dynamic_seed,2024-10,127181,0.14974848797053641,103637,0.14289844146346756,0.14513949766479062
previous_dynamic_seed,2024-11,150324,0.1493278604594574,122605,0.14278363492074556,0.14348358933736863
previous_dynamic_seed,2024-12,178838,0.15166569891328568,146431,0.14543931177917876,0.14670192491710318
previous_dynamic_seed,2025-01,164555,0.15276622560818914,132507,0.14707894915217262,0.1500422774990157
previous_dynamic_seed,2025-02,201036,0.1525500148204945,158773,0.14590937010258231,0.14842691902018532
previous_dynamic_seed,2025-03,168718,0.15127572586105795,137738,0.14512157800585643,0.14668756884309575
previous_dynamic_seed,2025-04,174938,0.15156243469155284,144880,0.14528943886103635,0.14755620165780653
previous_dynamic_seed,2025-05,198582,0.1495125586387464,161724,0.14269579469111762,0.14424900164020438
previous_dynamic_seed,2025-06,178781,0.15037512212561716,138929,0.14330789576618524,0.14518967706496425
previous_dynamic_seed,2025-07,163965,0.14998863263907336,131684,0.14287298030182527,0.14404662662381607
previous_dynamic_seed,2025-08,206483,0.14947010367044147,169796,0.14314632766524324,0.14615148256468435
previous_dynamic_seed,2025-09,198411,0.14905097327564834,162815,0.14269726928545742,0.1456144322313506
previous_dynamic_seed,2025-10,147779,0.14806514714208985,123999,0.14182346335096524,0.14357558504245022
previous_dynamic_seed,2025-11,165904,0.14874548018296554,137859,0.1424397113826531,0.14412473099827613
previous_dynamic_seed,2025-12,192614,0.15025523118676104,161785,0.144666697968689,0.14623287424657014
advanced_seed,2008-04,180982,0.17739072728205568,144265,0.17347924518204225,0.13764081149142152
advanced_seed,2008-05,0,,0,,
advanced_seed,2008-06,0,,0,,
advanced_seed,2008-07,236675,0.16571097370709958,187852,0.16066572654495523,0.13679543234739883
advanced_seed,2008-08,0,,0,,
advanced_seed,2008-09,0,,0,,
advanced_seed,2008-10,243167,0.16041306871280758,187997,0.1530568178698835,0.13360164260122337
advanced_seed,2008-11,0,,0,,
advanced_seed,2008-12,0,,0,,
advanced_seed,2009-01,167185,0.15779696024393813,129736,0.15023991049409438,0.13549237721585075
advanced_seed,2009-02,0,,0,,
advanced_seed,2009-03,0,,0,,
advanced_seed,2009-04,185579,0.15539376361128185,144117,0.14809677542849567,0.1362235904853938
advanced_seed,2009-05,0,,0,,
advanced_seed,2009-06,0,,0,,
advanced_seed,2009-07,276319,0.1544184706333084,213427,0.14756547436210704,0.13672714563217941
advanced_seed,2009-08,0,,0,,
advanced_seed,2009-09,203525,0.1508323399354375,156525,0.14349284551581748,0.1358919539142354
advanced_seed,2009-10,0,,0,,
advanced_seed,2009-11,124272,0.1459798517529376,97975,0.14030994980003525,0.1332768421482737
advanced_seed,2009-12,0,,0,,
advanced_seed,2010-01,129027,0.15300239174386823,98157,0.1457027499798226,0.13953411914446878
advanced_seed,2010-02,0,,0,,
advanced_seed,2010-03,120543,0.15001574164146805,93770,0.1434603404691236,0.13844180215781
advanced_seed,2010-04,0,,0,,
advanced_seed,2010-05,199670,0.1509100141708179,158485,0.1455982744310323,0.13968666619760683
advanced_seed,2010-06,0,,0,,
advanced_seed,2010-07,159042,0.15006850356347695,124520,0.143664059153243,0.1392908571539941
advanced_seed,2010-08,0,,0,,
advanced_seed,2010-09,195050,0.1481751599716502,147890,0.13902951122136462,0.13571324516676864
advanced_seed,2010-10,0,,0,,
advanced_seed,2010-11,140448,0.1456936598710765,109782,0.13804390426449473,0.1347141978585435
advanced_seed,2010-12,0,,0,,
advanced_seed,2011-01,145193,0.15094718741562596,109700,0.14214154763183398,0.13972153095692524
advanced_seed,2011-02,0,,0,,
advanced_seed,2011-03,132088,0.1494298890983787,99511,0.14064418134724643,0.13901446406464418
advanced_seed,2011-04,0,,0,,
advanced_seed,2011-05,223039,0.15052184599484136,178791,0.14511414192057753,0.14128042527243903
advanced_seed,2011-06,0,,0,,
advanced_seed,2011-07,176771,0.1489464183987731,132854,0.14112774850005594,0.13871616654654184
advanced_seed,2011-08,0,,0,,
advanced_seed,2011-09,224484,0.14553687268048393,172951,0.13683372770711766,0.1363402433763059
advanced_seed,2011-10,0,,0,,
advanced_seed,2011-11,161794,0.14798869708235174,123278,0.13848676776723556,0.13767324972062722
advanced_seed,2011-12,0,,0,,
advanced_seed,2012-01,164518,0.15166874275985098,122749,0.14267057906053915,0.14188899280634668
advanced_seed,2012-02,0,,0,,
advanced_seed,2012-03,140138,0.14773429629963436,105841,0.13874827212067492,0.13903934561748874
advanced_seed,2012-04,0,,0,,
advanced_seed,2012-05,259245,0.15047022980884198,200618,0.14263249060190314,0.14118119535100415
advanced_seed,2012-06,0,,0,,
advanced_seed,2012-07,196973,0.14789074231058985,150058,0.1400305047125018,0.1391799920494064
advanced_seed,2012-08,102757,0.14577787068063386,80200,0.13714218515656487,0.13820478774648162
advanced_seed,2012-09,130159,0.1458170159743083,102300,0.13844987757438407,0.13901320342270362
advanced_seed,2012-10,77341,0.1441985257516144,61915,0.13685445062441656,0.13801826261835118
advanced_seed,2012-11,77002,0.14640917482858648,59606,0.13804101840162158,0.1349325056168898
advanced_seed,2012-12,86451,0.1480870846679266,65482,0.1395668980106736,0.1397145225049369
advanced_seed,2013-01,80760,0.1496627514569748,63960,0.1420056875361998,0.14187160749925978
advanced_seed,2013-02,93367,0.14964241787072763,71354,0.14070434420715822,0.14106790244226441
advanced_seed,2013-03,79090,0.1543663752700768,57496,0.14467126431301894,0.14463920306920244
advanced_seed,2013-04,114967,0.15137209860230927,88831,0.14376274700031408,0.14274204141553173
advanced_seed,2013-05,142160,0.15001065957573637,111877,0.14370404579646595,0.14275613557467082
advanced_seed,2013-06,135294,0.14865323913397105,103699,0.1409976064712382,0.14104759241351278
advanced_seed,2013-07,81625,0.14565260326326265,62282,0.13831800720036455,0.13854468283755306
advanced_seed,2013-08,122736,0.14647210597004284,95291,0.138594951059886,0.13992060789383104
advanced_seed,2013-09,115276,0.14225816581438602,92932,0.1365721734169728,0.13816549139479253
advanced_seed,2013-10,97687,0.14508252026849827,75665,0.13649144677253092,0.13937549825209636
advanced_seed,2013-11,95769,0.14774042008660193,73887,0.1397893556078194,0.1394298478564762
advanced_seed,2013-12,84857,0.14681635558233758,65445,0.13841555084596746,0.13880307904996353
advanced_seed,2014-01,106181,0.15097644124717108,81289,0.14429809164195784,0.1460064473258296
advanced_seed,2014-02,108120,0.14951993209731687,79651,0.14061627845078978,0.1430932326926938
advanced_seed,2014-03,80830,0.1501855317204596,60179,0.14271986121824617,0.14316917976868246
advanced_seed,2014-04,113306,0.1500865944061108,89232,0.14286082366819047,0.1441804468367671
advanced_seed,2014-05,162815,0.14823324189449924,126191,0.14215383993802932,0.14265614762268508
advanced_seed,2014-06,105949,0.14887970419198435,77629,0.14028519431700295,0.1419576478009314
advanced_seed,2014-07,104568,0.14653572396112846,77884,0.1397256481760912,0.1410323395154555
advanced_seed,2014-08,124004,0.1458730192331806,95737,0.13911167938035052,0.14282311855056548
advanced_seed,2014-09,122451,0.1431672321781976,95259,0.13731272656932325,0.13991135775109212
advanced_seed,2014-10,100479,0.14303505186412055,76267,0.13629974599959144,0.13806934959809425
advanced_seed,2014-11,107622,0.1467948074569314,81645,0.14052026923524072,0.14154703103499125
advanced_seed,2014-12,94431,0.14914890077288329,70550,0.141442978681688,0.1413232080433178
advanced_seed,2015-01,119188,0.14986254231049112,89310,0.14225987867913106,0.14301551463703546
advanced_seed,2015-02,115470,0.14598226280149787,91069,0.13968977008075717,0.1408391753876161
advanced_seed,2015-03,98328,0.14969335922022556,74441,0.14143905445999752,0.14294080489593167
advanced_seed,2015-04,120313,0.14783565475686353,96431,0.1414657921995143,0.1411449748553981
advanced_seed,2015-05,159203,0.14820633594435279,123999,0.14077321553593466,0.1410949021103982
advanced_seed,2015-06,133429,0.14759717657712107,100399,0.13966265807173994,0.1410344339458968
advanced_seed,2015-07,106171,0.1470938811856697,81232,0.13939451933604355,0.14068374643292697
advanced_seed,2015-08,137771,0.14539998041154076,108745,0.13800829061363298,0.14040461511111746
advanced_seed,2015-09,154547,0.1429639825537168,125379,0.136500868356695,0.1390173806964231
advanced_seed,2015-10,103432,0.14631954399675842,81712,0.13851600768549507,0.139442672554209
advanced_seed,2015-11,118017,0.14510784891819348,93670,0.13798633184272524,0.13782485450295093
advanced_seed,2015-12,120452,0.14940213375004807,96094,0.14220175110498992,0.14334223570105317
advanced_seed,2016-01,142820,0.15318655774369505,111822,0.14481936373436338,0.14617404210702173
advanced_seed,2016-02,131816,0.148640812787311,103358,0.1406750591933435,0.14149156769821652
advanced_seed,2016-03,132128,0.1502774141278593,106823,0.14309251391589234,0.14364726774250317
advanced_seed,2016-04,155437,0.15027506640520696,124640,0.14343104552527852,0.14377650175885232
advanced_seed,2016-05,137093,0.1492557736089376,111315,0.14258331564249754,0.1428058053019569
advanced_seed,2016-06,142698,0.14910725262458485,110644,0.14035685918009644,0.14126813853236594
advanced_seed,2016-07,109570,0.14989910391911954,87396,0.14216193214629422,0.14293209434493165
advanced_seed,2016-08,156349,0.14720203330055626,125466,0.1394255391663423,0.14106828550107872
advanced_seed,2016-09,170541,0.14435474462052594,141565,0.13807019669937046,0.14154906017596586
advanced_seed,2016-10,102692,0.148296771622429,81888,0.139986232111374,0.14190715383649383
advanced_seed,2016-11,130785,0.14721137115821983,106284,0.13966567546885403,0.14085633062498779
advanced_seed,2016-12,141489,0.14896863955462253,116345,0.14327375207914989,0.1436400786611406
advanced_seed,2017-01,155897,0.15337722577076593,123531,0.1454136651014029,0.14670666475019908
advanced_seed,2017-02,150759,0.14747348627247175,121558,0.1404895140292775,0.14262319169159204
advanced_seed,2017-03,117131,0.15154821018863468,96153,0.14429054843472178,0.1454640615563146
advanced_seed,2017-04,148123,0.15306533143389994,121788,0.14672656277072332,0.14660659289062322
advanced_seed,2017-05,168769,0.1481450121645192,138400,0.1408627952308888,0.1414714100110548
advanced_seed,2017-06,143535,0.14709885724809255,115773,0.14105964011009448,0.14381991804577768
advanced_seed,2017-07,130033,0.14833188596538602,104188,0.14170781431309862,0.1447036230325956
advanced_seed,2017-08,171045,0.14669763138428837,139774,0.1401092307964811,0.14385007764281413
advanced_seed,2017-09,166013,0.14287204706415113,138049,0.13735880790722504,0.14127705307757643
advanced_seed,2017-10,114268,0.14614096431064788,93445,0.13907266676826815,0.1430673773604005
advanced_seed,2017-11,124767,0.1435019615530524,101873,0.13780039973173677,0.1397531099635756
advanced_seed,2017-12,152995,0.14967508361497756,126971,0.14423053910848704,0.14593946554204865
advanced_seed,2018-01,158039,0.15148794538883373,128128,0.1454804938864013,0.14795017354637724
advanced_seed,2018-02,159448,0.14695344676674932,130833,0.1420073915682306,0.14516506605768278
advanced_seed,2018-03,140200,0.1484604739410785,113958,0.14145340341759885,0.1438710706118439
advanced_seed,2018-04,136794,0.15000645360511417,114566,0.14461922224902587,0.14638299361794493
advanced_seed,2018-05,175647,0.14865177854470607,142890,0.14224264355901145,0.14478892880618174
advanced_seed,2018-06,155857,0.14625355610923166,124913,0.14049722964626946,0.14461917809477368
advanced_seed,2018-07,127445,0.14984017414937573,101253,0.14454910898692702,0.14776779749934635
advanced_seed,2018-08,183183,0.14523111343763953,151293,0.13922911858302736,0.14505380291679337
advanced_seed,2018-09,163513,0.14405644455620192,134001,0.1382505356969564,0.1438768147320056
advanced_seed,2018-10,99339,0.14572143484602612,81172,0.13984075881904567,0.14439505080350473
advanced_seed,2018-11,132573,0.1447071124653935,110473,0.14021024259544937,0.1435403399992663
advanced_seed,2018-12,160329,0.14951726269714619,132013,0.14431083445890075,0.1486459346962695
advanced_seed,2019-01,151587,0.14905140761423213,123867,0.14398742991532656,0.14846589402257646
advanced_seed,2019-02,166560,0.14670292862480974,136179,0.14176131517844456,0.14674861876527814
advanced_seed,2019-03,123549,0.14657618628193908,102775,0.14137836345096394,0.1457772082195778
advanced_seed,2019-04,147548,0.1497581460252618,122103,0.14434529272259802,0.14767940148047384
advanced_seed,2019-05,203830,0.1461833309897755,167801,0.14087810855545954,0.14549958711491992
advanced_seed,2019-06,131996,0.14843597604191258,105832,0.14337381081641146,0.1477431887930657
advanced_seed,2019-07,150657,0.1472278812315655,122965,0.1422259498733632,0.14871307352825164
advanced_seed,2019-08,184892,0.14419273286775391,153532,0.13949272059673123,0.1466920341447409
advanced_seed,2019-09,174646,0.14415038584567172,145075,0.13993076650719632,0.14783924411519628
advanced_seed,2019-10,105337,0.1452008626957429,86984,0.14079337807877926,0.1487107912354122
advanced_seed,2019-11,136652,0.14607626077571464,112749,0.1414856300257941,0.14706445098924276
advanced_seed,2019-12,163304,0.1479337591948169,135706,0.14354744031953687,0.1477000164205632
advanced_seed,2020-01,154730,0.14845675025407648,127518,0.1443284601546585,0.15014015496170627
advanced_seed,2020-02,166424,0.14562056887527808,138404,0.1417819599900192,0.14813930255937824
advanced_seed,2020-03,134659,0.14888595055481346,113746,0.1439646520426896,0.14837624462817883
advanced_seed,2020-04,98206,0.14918390312212812,84539,0.14537188459994443,0.14827489869085791
advanced_seed,2020-05,6318,0.15665338005156867,5203,0.15139965171728859,0.1550410720513652
advanced_seed,2020-06,1983,0.14838886457897868,1604,0.14754628229678238,0.14456280345942843
advanced_seed,2020-07,10453,0.13459998261554665,9776,0.13335097681296432,0.1370723543159292
advanced_seed,2020-08,17416,0.13873979550175258,14879,0.13440444303943838,0.14461018568376216
advanced_seed,2020-09,35859,0.14337316330051406,31616,0.14027685441894683,0.14855440760545635
advanced_seed,2020-10,35958,0.14258206853650904,31602,0.1386082230310689,0.14576140867445989
advanced_seed,2020-11,38815,0.1422449374553322,34066,0.13924955450092782,0.14359375483932493
advanced_seed,2020-12,20568,0.14800799339928025,16928,0.14324458527344375,0.151251817381171
advanced_seed,2021-01,24591,0.15050403916476815,20345,0.14756149611804806,0.15407100493093484
advanced_seed,2021-02,19935,0.15125759407452574,15945,0.14452449147863317,0.1548057050279339
advanced_seed,2021-03,14473,0.14918276237224676,11227,0.14430363146346464,0.15813373659938568
advanced_seed,2021-04,31608,0.1496644239893886,25655,0.1445026294111529,0.15485994249315774
advanced_seed,2021-05,42571,0.15269211866134746,32833,0.14603797439578697,0.1572828194095197
advanced_seed,2021-06,32623,0.1511897859784052,26524,0.145520907455697,0.15361593144860108
advanced_seed,2021-07,67486,0.15136904763755604,52070,0.14544617099123933,0.15534107897680646
advanced_seed,2021-08,85151,0.1455170547833849,70202,0.1397962415994686,0.15329495645721306
advanced_seed,2021-09,107478,0.14701895209063381,87526,0.1413461986422693,0.15486003762158035
advanced_seed,2021-10,72035,0.14573828878325146,58242,0.13893093955615007,0.14973921777886925
advanced_seed,2021-11,88431,0.14553705227765046,73424,0.13951137295542587,0.1484686863486792
advanced_seed,2021-12,120499,0.15154299027970478,95357,0.14529189863505956,0.1564535839666976
advanced_seed,2022-01,106332,0.15396652684200016,81324,0.14787089797298916,0.1594703565523222
advanced_seed,2022-02,84471,0.1492761535773935,66176,0.14259639405523244,0.15475191427107401
advanced_seed,2022-03,79374,0.14787733003763698,64167,0.14128160864262465,0.15226536773714602
advanced_seed,2022-04,129046,0.1484325358493431,103775,0.14244959199155918,0.15363782815108565
advanced_seed,2022-05,151542,0.1498875861982777,120708,0.14292354351505923,0.15458422070004835
advanced_seed,2022-06,121892,0.14696155193972574,96978,0.1412704319708934,0.1538702364839426
advanced_seed,2022-07,123467,0.14790363676485663,97255,0.14156703816155494,0.15439572665176224
advanced_seed,2022-08,147775,0.1470744873675062,118956,0.1409185846644771,0.1566583743112495
advanced_seed,2022-09,166586,0.14472048687073855,135348,0.13941614936210014,0.15403433891707607
advanced_seed,2022-10,112576,0.1481251361531704,91113,0.14200593544194157,0.15612180778860027
advanced_seed,2022-11,121255,0.14661772938937184,95722,0.13948164045900324,0.15054956403779413
advanced_seed,2022-12,155614,0.14871134070234165,125814,0.14285881229280145,0.1552064950378177
advanced_seed,2023-01,117006,0.15011839873506608,93656,0.14428487039459015,0.1555209729020314
advanced_seed,2023-02,158635,0.1479147483800846,125878,0.14187406513800588,0.1541977404775415
advanced_seed,2023-03,148995,0.15013224247166523,118611,0.14360881139745607,0.15346944489148756
advanced_seed,2023-04,134395,0.1490297659312085,109286,0.14321446078301456,0.15364614231316087
advanced_seed,2023-05,161031,0.1453276790538439,125552,0.1392407341001455,0.15124570422864655
advanced_seed,2023-06,154070,0.1468098028177068,120933,0.14153998771201542,0.15205762795967753
advanced_seed,2023-07,134541,0.14715159307032202,104978,0.14130001728906777,0.15421571596188255
advanced_seed,2023-08,174520,0.1472069539035292,140987,0.1416907644672929,0.15663805054240293
advanced_seed,2023-09,181717,0.14548215911513532,144747,0.13950568048972115,0.15312476630520452
advanced_seed,2023-10,109233,0.14488614848837397,89765,0.1394376360228359,0.15245830891061207
advanced_seed,2023-11,155183,0.14434229055957096,123446,0.1380303289935913,0.14857358303711993
advanced_seed,2023-12,157723,0.14820063832075347,129553,0.14314933435012944,0.15461103282679903
advanced_seed,2024-01,136753,0.14904757761649348,107620,0.14255423696961703,0.15515565682445132
advanced_seed,2024-02,188591,0.14841372635134353,148100,0.14268271207588426,0.15458904603311982
advanced_seed,2024-03,158871,0.1501258738465271,125251,0.14343103158094944,0.1536947440799163
advanced_seed,2024-04,153312,0.14965350935848953,126462,0.14370086998933732,0.14904309409256347
advanced_seed,2024-05,184379,0.14604882376115066,148516,0.14009592536613347,0.1440756316314139
advanced_seed,2024-06,166980,0.1445826294785456,128797,0.1379090981685755,0.14346134520623752
advanced_seed,2024-07,124316,0.14444273919079692,97658,0.13837625758074373,0.14459813674808647
advanced_seed,2024-08,204608,0.14418588830249696,165841,0.13821114701882276,0.14595087092256542
advanced_seed,2024-09,170646,0.14386594865185098,137992,0.13801037467727467,0.14490793270601346
advanced_seed,2024-10,127181,0.14540816950080698,103637,0.1394415622777452,0.14513949766479062
advanced_seed,2024-11,150324,0.14535650073321435,122605,0.13968657127483963,0.14348358933736863
advanced_seed,2024-12,178838,0.1478473487390438,146431,0.14267538581163172,0.14670192491710318
advanced_seed,2025-01,164555,0.14919550294490053,132507,0.14437593875123006,0.1500422774990157
advanced_seed,2025-02,201036,0.14857170305724934,158773,0.14259724238448168,0.14842691902018532
advanced_seed,2025-03,168718,0.14800093111074838,137738,0.1425547588921343,0.14668756884309575
advanced_seed,2025-04,174938,0.14773156877518553,144880,0.14228229881290666,0.14755620165780653
advanced_seed,2025-05,198582,0.14535622049758617,161724,0.13945625036511666,0.14424900164020438
advanced_seed,2025-06,178781,0.1456171949664018,138929,0.13975858132184948,0.14518967706496425
advanced_seed,2025-07,163965,0.14460719554182547,131684,0.1388395076611453,0.14404662662381607
advanced_seed,2025-08,206483,0.14542154822843126,169796,0.13995306181197792,0.14615148256468435
advanced_seed,2025-09,198411,0.14445238103758343,162815,0.13929943398486366,0.1456144322313506
advanced_seed,2025-10,147779,0.1436260520178072,123999,0.13828582802129755,0.14357558504245022
advanced_seed,2025-11,165904,0.14397963893511287,137859,0.13875394611611738,0.14412473099827613
advanced_seed,2025-12,192614,0.14552227022957187,161785,0.14105910594157473,0.14623287424657014
provisional_9_seed,2008-04,180982,0.17912615962512726,144265,0.175358889638195,0.13764081149142152
provisional_9_seed,2008-05,0,,0,,
provisional_9_seed,2008-06,0,,0,,
provisional_9_seed,2008-07,236675,0.16757186724855838,187852,0.1623269364068371,0.13679543234739883
provisional_9_seed,2008-08,0,,0,,
provisional_9_seed,2008-09,0,,0,,
provisional_9_seed,2008-10,243167,0.1605457473284912,187997,0.15243166999875282,0.13360164260122337
provisional_9_seed,2008-11,0,,0,,
provisional_9_seed,2008-12,0,,0,,
provisional_9_seed,2009-01,167185,0.15755401614731207,129736,0.14924805216379702,0.13549237721585075
provisional_9_seed,2009-02,0,,0,,
provisional_9_seed,2009-03,0,,0,,
provisional_9_seed,2009-04,185579,0.15451581065124284,144117,0.1466888709840883,0.1362235904853938
provisional_9_seed,2009-05,0,,0,,
provisional_9_seed,2009-06,0,,0,,
provisional_9_seed,2009-07,276319,0.15421938537999264,213427,0.146676047307983,0.13672714563217941
provisional_9_seed,2009-08,0,,0,,
provisional_9_seed,2009-09,203525,0.1495709914081472,156525,0.14144959636744223,0.1358919539142354
provisional_9_seed,2009-10,0,,0,,
provisional_9_seed,2009-11,124272,0.1447845380904674,97975,0.13847853552569536,0.1332768421482737
provisional_9_seed,2009-12,0,,0,,
provisional_9_seed,2010-01,129027,0.1522575164037347,98157,0.1440084793493291,0.13953411914446878
provisional_9_seed,2010-02,0,,0,,
provisional_9_seed,2010-03,120543,0.1490859469893112,93770,0.14168468586094268,0.13844180215781
provisional_9_seed,2010-04,0,,0,,
provisional_9_seed,2010-05,199670,0.1502814077994438,158485,0.14397516622690792,0.13968666619760683
provisional_9_seed,2010-06,0,,0,,
provisional_9_seed,2010-07,159042,0.14941452021278775,124520,0.1418142682235565,0.1392908571539941
provisional_9_seed,2010-08,0,,0,,
provisional_9_seed,2010-09,195050,0.14749623855595254,147890,0.1370708241557836,0.13571324516676864
provisional_9_seed,2010-10,0,,0,,
provisional_9_seed,2010-11,140448,0.14478093743199325,109782,0.1358694492714932,0.1347141978585435
provisional_9_seed,2010-12,0,,0,,
provisional_9_seed,2011-01,145193,0.15048071240521962,109700,0.1404013057614214,0.13972153095692524
provisional_9_seed,2011-02,0,,0,,
provisional_9_seed,2011-03,132088,0.14914174466442504,99511,0.13883428517059113,0.13901446406464418
provisional_9_seed,2011-04,0,,0,,
provisional_9_seed,2011-05,223039,0.15024463557639406,178791,0.14324734333349146,0.14128042527243903
provisional_9_seed,2011-06,0,,0,,
provisional_9_seed,2011-07,176771,0.149029948513704,132854,0.13960642346532026,0.13871616654654184
provisional_9_seed,2011-08,0,,0,,
provisional_9_seed,2011-09,224484,0.145355254137482,172951,0.13479233690965114,0.1363402433763059
provisional_9_seed,2011-10,0,,0,,
provisional_9_seed,2011-11,161794,0.14849112736422246,123278,0.13666331032933726,0.13767324972062722
provisional_9_seed,2011-12,0,,0,,
provisional_9_seed,2012-01,164518,0.15292211900302324,122749,0.1411375925055734,0.14188899280634668
provisional_9_seed,2012-02,0,,0,,
provisional_9_seed,2012-03,140138,0.14838283895196455,105841,0.13687261639769704,0.13903934561748874
provisional_9_seed,2012-04,0,,0,,
provisional_9_seed,2012-05,259245,0.1515124476545955,200618,0.1410186564552953,0.14118119535100415
provisional_9_seed,2012-06,0,,0,,
provisional_9_seed,2012-07,196973,0.14899041073629585,150058,0.13834419750834506,0.1391799920494064
provisional_9_seed,2012-08,102757,0.14686231152230358,80200,0.13572026852521332,0.13820478774648162
provisional_9_seed,2012-09,130159,0.14635788956837856,102300,0.13660948555220737,0.13901320342270362
provisional_9_seed,2012-10,77341,0.14492527067818767,61915,0.135407849389288,0.13801826261835118
provisional_9_seed,2012-11,77002,0.14642568831440297,59606,0.13576991319254866,0.1349325056168898
provisional_9_seed,2012-12,86451,0.14942796520126797,65482,0.13764538501593102,0.1397145225049369
provisional_9_seed,2013-01,80760,0.15089342279452045,63960,0.1403377397937366,0.14187160749925978
provisional_9_seed,2013-02,93367,0.15106292514236302,71354,0.1390820456245827,0.14106790244226441
provisional_9_seed,2013-03,79090,0.15730566162671317,57496,0.1428389382823809,0.14463920306920244
provisional_9_seed,2013-04,114967,0.15306116260671374,88831,0.14211977878956109,0.14274204141553173
provisional_9_seed,2013-05,142160,0.1514848688546427,111877,0.14222370177097007,0.14275613557467082
provisional_9_seed,2013-06,135294,0.1507212213178349,103699,0.13928438651834607,0.14104759241351278
provisional_9_seed,2013-07,81625,0.1474855136156392,62282,0.13639978546566034,0.13854468283755306
provisional_9_seed,2013-08,122736,0.14834181306852964,95291,0.13676186087561254,0.13992060789383104
provisional_9_seed,2013-09,115276,0.14283829268440837,92932,0.1344600801134164,0.13816549139479253
provisional_9_seed,2013-10,97687,0.14794063820629552,75665,0.13469041571985757,0.13937549825209636
provisional_9_seed,2013-11,95769,0.14963897514191019,73887,0.13778483824477367,0.1394298478564762
provisional_9_seed,2013-12,84857,0.14872331099117717,65445,0.13669456146559328,0.13880307904996353
provisional_9_seed,2014-01,106181,0.15332621611588537,81289,0.14258682263577785,0.1460064473258296
provisional_9_seed,2014-02,108120,0.15351208303794847,79651,0.1389726059218925,0.1430932326926938
provisional_9_seed,2014-03,80830,0.1537417766906754,60179,0.1412303480326432,0.14316917976868246
provisional_9_seed,2014-04,113306,0.15323844601158815,89232,0.14141721410791816,0.1441804468367671
provisional_9_seed,2014-05,162815,0.15136424116141542,126191,0.14076515023308442,0.14265614762268508
provisional_9_seed,2014-06,105949,0.1541288800851493,77629,0.1391223433818056,0.1419576478009314
provisional_9_seed,2014-07,104568,0.15120595411893065,77884,0.13855181659512722,0.1410323395154555
provisional_9_seed,2014-08,124004,0.15079365519222165,95737,0.13747490555458203,0.14282311855056548
provisional_9_seed,2014-09,122451,0.1473902515159417,95259,0.13577746804570845,0.13991135775109212
provisional_9_seed,2014-10,100479,0.1484939207300283,76267,0.1345462168984285,0.13806934959809425
provisional_9_seed,2014-11,107622,0.15236886492054136,81645,0.13906407152114764,0.14154703103499125
provisional_9_seed,2014-12,94431,0.15478618453139048,70550,0.1396263643383088,0.1413232080433178
provisional_9_seed,2015-01,119188,0.155797454999029,89310,0.1405969238341183,0.14301551463703546
provisional_9_seed,2015-02,115470,0.15134946324631146,91069,0.13801720571256107,0.1408391753876161
provisional_9_seed,2015-03,98328,0.15639662030829232,74441,0.14019061994150062,0.14294080489593167
provisional_9_seed,2015-04,120313,0.152522627348664,96431,0.14011460157813024,0.1411449748553981
provisional_9_seed,2015-05,159203,0.1543270763521897,123999,0.13961865567302578,0.1410949021103982
provisional_9_seed,2015-06,133429,0.15530583798800493,100399,0.13865027541030076,0.1410344339458968
provisional_9_seed,2015-07,106171,0.15433145265271564,81232,0.13843805361119838,0.14068374643292697
provisional_9_seed,2015-08,137771,0.15168689756217732,108745,0.1367632995421036,0.14040461511111746
provisional_9_seed,2015-09,154547,0.14813013527547503,125379,0.13534259896171683,0.1390173806964231
provisional_9_seed,2015-10,103432,0.1523867487657272,81712,0.13704889754113478,0.139442672554209
provisional_9_seed,2015-11,118017,0.15165014953487768,93670,0.13695533465971543,0.13782485450295093
provisional_9_seed,2015-12,120452,0.15572301534602304,96094,0.14118278639535758,0.14334223570105317
provisional_9_seed,2016-01,142820,0.15961361318507467,111822,0.1438200614286229,0.14617404210702173
provisional_9_seed,2016-02,131816,0.15514554765066454,103358,0.13915429960812942,0.14149156769821652
provisional_9_seed,2016-03,132128,0.15599227255671957,106823,0.14202070764661984,0.14364726774250317
provisional_9_seed,2016-04,155437,0.15649490522532603,124640,0.14228789138350462,0.14377650175885232
provisional_9_seed,2016-05,137093,0.15551663988495693,111315,0.14133985619879508,0.1428058053019569
provisional_9_seed,2016-06,142698,0.15708976790601697,110644,0.13967534512443586,0.14126813853236594
provisional_9_seed,2016-07,109570,0.1575157439248,87396,0.1413794909494576,0.14293209434493165
provisional_9_seed,2016-08,156349,0.15441377884752974,125466,0.13848041810105075,0.14106828550107872
provisional_9_seed,2016-09,170541,0.15028486720353038,141565,0.13702853576481866,0.14154906017596586
provisional_9_seed,2016-10,102692,0.15623145526964066,81888,0.13945129101188763,0.14190715383649383
provisional_9_seed,2016-11,130785,0.1537844806171547,106284,0.13864460947210114,0.14085633062498779
provisional_9_seed,2016-12,141489,0.15499495492502946,116345,0.14228428210998018,0.1436400786611406
provisional_9_seed,2017-01,155897,0.16042252482945107,123531,0.1441654459662189,0.14670666475019908
provisional_9_seed,2017-02,150759,0.15394252564917907,121558,0.13934933768599478,0.14262319169159204
provisional_9_seed,2017-03,117131,0.15720849521819621,96153,0.14311723820999292,0.1454640615563146
provisional_9_seed,2017-04,148123,0.1580820478633589,121788,0.14528075072767754,0.14660659289062322
provisional_9_seed,2017-05,168769,0.1547968390989205,138400,0.1398596529380589,0.1414714100110548
provisional_9_seed,2017-06,143535,0.1536713406990377,115773,0.14056770923482081,0.14381991804577768
provisional_9_seed,2017-07,130033,0.15631914757524568,104188,0.14122272736680982,0.1447036230325956
provisional_9_seed,2017-08,171045,0.15347001758132645,139774,0.13922094903463214,0.14385007764281413
provisional_9_seed,2017-09,166013,0.1485739777209207,138049,0.13649549878318198,0.14127705307757643
provisional_9_seed,2017-10,114268,0.15269781474510014,93445,0.13824239231869337,0.1430673773604005
provisional_9_seed,2017-11,124767,0.14886906230936592,101873,0.13685369325578287,0.1397531099635756
provisional_9_seed,2017-12,152995,0.15514914974511498,126971,0.14325510748713682,0.14593946554204865
provisional_9_seed,2018-01,158039,0.15782625285075552,128128,0.14466111657194097,0.14795017354637724
provisional_9_seed,2018-02,159448,0.15306891767354416,130833,0.1412841976620437,0.14516506605768278
provisional_9_seed,2018-03,140200,0.15517543167897452,113958,0.1408335104020267,0.1438710706118439
provisional_9_seed,2018-04,136794,0.1552399352453733,114566,0.14372468736766805,0.14638299361794493
provisional_9_seed,2018-05,175647,0.15518544305745785,142890,0.14127545534425157,0.14478892880618174
provisional_9_seed,2018-06,155857,0.15391077779184467,124913,0.14015624814906963,0.14461917809477368
provisional_9_seed,2018-07,127445,0.1570162972338833,101253,0.14352295988272543,0.14776779749934635
provisional_9_seed,2018-08,183183,0.15203401298237604,151293,0.13832148193325774,0.14505380291679337
provisional_9_seed,2018-09,163513,0.15090431478143407,134001,0.13753987176101817,0.1438768147320056
provisional_9_seed,2018-10,99339,0.15208049028094128,81172,0.1392243200006321,0.14439505080350473
provisional_9_seed,2018-11,132573,0.15034723917543738,110473,0.1394876979257355,0.1435403399992663
provisional_9_seed,2018-12,160329,0.15552847324984792,132013,0.14354322326988447,0.1486459346962695
provisional_9_seed,2019-01,151587,0.15524519674351822,123867,0.14332248060139358,0.14846589402257646
provisional_9_seed,2019-02,166560,0.15292440957257195,136179,0.14114447370366764,0.14674861876527814
provisional_9_seed,2019-03,123549,0.1521478686411632,102775,0.14081558982644674,0.1457772082195778
provisional_9_seed,2019-04,147548,0.1561929820449252,122103,0.14367455403829965,0.14767940148047384
provisional_9_seed,2019-05,203830,0.15266180966253123,167801,0.14020593684124022,0.14549958711491992
provisional_9_seed,2019-06,131996,0.1556951383044759,105832,0.14301997244004974,0.1477431887930657
provisional_9_seed,2019-07,150657,0.15381224488449385,122965,0.1418144670761714,0.14871307352825164
provisional_9_seed,2019-08,184892,0.15054481093900138,153532,0.13890608305066507,0.1466920341447409
provisional_9_seed,2019-09,174646,0.14934030189188566,145075,0.13919382608606287,0.14783924411519628
provisional_9_seed,2019-10,105337,0.15132173312528407,86984,0.14080309780118444,0.1487107912354122
provisional_9_seed,2019-11,136652,0.15211394171364154,112749,0.14097531304558558,0.14706445098924276
provisional_9_seed,2019-12,163304,0.15364306098428668,135706,0.14297152068563534,0.1477000164205632
provisional_9_seed,2020-01,154730,0.15395663954114652,127518,0.14366162639813743,0.15014015496170627
provisional_9_seed,2020-02,166424,0.1510357623503553,138404,0.14141786441793672,0.14813930255937824
provisional_9_seed,2020-03,134659,0.15406745840434585,113746,0.14345629493297202,0.14837624462817883
provisional_9_seed,2020-04,98206,0.15420213180788978,84539,0.14450610262804445,0.14827489869085791
provisional_9_seed,2020-05,6318,0.16321994684085908,5203,0.15181373362284104,0.1550410720513652
provisional_9_seed,2020-06,1983,0.15492217094659827,1604,0.14664191472559998,0.14456280345942843
provisional_9_seed,2020-07,10453,0.13718391381150544,9776,0.1329727868783682,0.1370723543159292
provisional_9_seed,2020-08,17416,0.1466111942788133,14879,0.13468851599762988,0.14461018568376216
provisional_9_seed,2020-09,35859,0.15038575127101372,31616,0.1406883261301843,0.14855440760545635
provisional_9_seed,2020-10,35958,0.14895457730771489,31602,0.13865824328024776,0.14576140867445989
provisional_9_seed,2020-11,38815,0.14736384702907568,34066,0.13886337484195233,0.14359375483932493
provisional_9_seed,2020-12,20568,0.15653139936584248,16928,0.14330274159271253,0.151251817381171
provisional_9_seed,2021-01,24591,0.15679708037019302,20345,0.14732878383256134,0.15407100493093484
provisional_9_seed,2021-02,19935,0.15902350656192696,15945,0.14472478214259946,0.1548057050279339
provisional_9_seed,2021-03,14473,0.16083105928109637,11227,0.14519230267538796,0.15813373659938568
provisional_9_seed,2021-04,31608,0.15929538924976316,25655,0.14533509364866032,0.15485994249315774
provisional_9_seed,2021-05,42571,0.16381998887679033,32833,0.1469016440510644,0.1572828194095197
provisional_9_seed,2021-06,32623,0.1599186588918461,26524,0.14508784195660054,0.15361593144860108
provisional_9_seed,2021-07,67486,0.16297934096348463,52070,0.14595333100558913,0.15534107897680646
provisional_9_seed,2021-08,85151,0.15365219489533558,70202,0.14005931758257495,0.15329495645721306
provisional_9_seed,2021-09,107478,0.1550385607604615,87526,0.1415753099337222,0.15486003762158035
provisional_9_seed,2021-10,72035,0.1542176885151273,58242,0.13901297923318273,0.14973921777886925
provisional_9_seed,2021-11,88431,0.15286087774485657,73424,0.13934754759306214,0.1484686863486792
provisional_9_seed,2021-12,120499,0.16147609755300155,95357,0.14591864933345589,0.1564535839666976
provisional_9_seed,2022-01,106332,0.16527727253306015,81324,0.14864307930070267,0.1594703565523222
provisional_9_seed,2022-02,84471,0.15813348584793527,66176,0.14291857807059877,0.15475191427107401
provisional_9_seed,2022-03,79374,0.15622211784757925,64167,0.14112415349287466,0.15226536773714602
provisional_9_seed,2022-04,129046,0.15738674921485,103775,0.14263024718553796,0.15363782815108565
provisional_9_seed,2022-05,151542,0.15946481708862073,120708,0.1430901025796063,0.15458422070004835
provisional_9_seed,2022-06,121892,0.15613702839365773,96978,0.14140485311445794,0.1538702364839426
provisional_9_seed,2022-07,123467,0.15666125060243255,97255,0.14103015449814868,0.15439572665176224
provisional_9_seed,2022-08,147775,0.15538723768293247,118956,0.14062494206066378,0.1566583743112495
provisional_9_seed,2022-09,166586,0.15253650815194986,135348,0.1395408480759193,0.15403433891707607
provisional_9_seed,2022-10,112576,0.15676269956169003,91113,0.14176328319506548,0.15612180778860027
provisional_9_seed,2022-11,121255,0.15591941830387537,95722,0.1390292090283792,0.15054956403779413
provisional_9_seed,2022-12,155614,0.1562739110670813,125814,0.14266406354358768,0.1552064950378177
provisional_9_seed,2023-01,117006,0.15866523776783828,93656,0.14442640176172433,0.1555209729020314
provisional_9_seed,2023-02,158635,0.15657524136004847,125878,0.14185740319556936,0.1541977404775415
provisional_9_seed,2023-03,148995,0.15932407495666423,118611,0.1431486332251592,0.15346944489148756
provisional_9_seed,2023-04,134395,0.15794169053535584,109286,0.14343625262774334,0.15364614231316087
provisional_9_seed,2023-05,161031,0.15537657752435108,125552,0.13915273812947865,0.15124570422864655
provisional_9_seed,2023-06,154070,0.15659202679523757,120933,0.14144316406820587,0.15205762795967753
provisional_9_seed,2023-07,134541,0.15626403927037033,104978,0.14112135008229823,0.15421571596188255
provisional_9_seed,2023-08,174520,0.155268256081655,140987,0.14124949122607597,0.15663805054240293
provisional_9_seed,2023-09,181717,0.1538918064664641,144747,0.13947119168721514,0.15312476630520452
provisional_9_seed,2023-10,109233,0.15251220330015844,89765,0.13926105565666502,0.15245830891061207
provisional_9_seed,2023-11,155183,0.1530394397661551,123446,0.13792877772614662,0.14857358303711993
provisional_9_seed,2023-12,157723,0.15550089722324065,129553,0.14294285590305858,0.15461103282679903
provisional_9_seed,2024-01,136753,0.15743486382477617,107620,0.14243895381942748,0.15515565682445132
provisional_9_seed,2024-02,188591,0.1571181005717199,148100,0.14241851061798208,0.15458904603311982
provisional_9_seed,2024-03,158871,0.1595911134167958,125251,0.14339341750349957,0.1536947440799163
provisional_9_seed,2024-04,153312,0.156721049874214,126462,0.1434123593311892,0.14904309409256347
provisional_9_seed,2024-05,184379,0.15390655195836941,148516,0.13978298124363445,0.1440756316314139
provisional_9_seed,2024-06,166980,0.15546780500984236,128797,0.1388090883585377,0.14346134520623752
provisional_9_seed,2024-07,124316,0.15378526863960873,97658,0.13917482127394018,0.14459813674808647
provisional_9_seed,2024-08,204608,0.1520564609247283,165841,0.138461628581906,0.14595087092256542
provisional_9_seed,2024-09,170646,0.15153669527644323,137992,0.13842164662523448,0.14490793270601346
provisional_9_seed,2024-10,127181,0.15217919108291597,103637,0.13911569326980966,0.14513949766479062
provisional_9_seed,2024-11,150324,0.15299118235205178,122605,0.13948393264878925,0.14348358933736863
provisional_9_seed,2024-12,178838,0.15445871830501798,146431,0.1420063969143777,0.14670192491710318
provisional_9_seed,2025-01,164555,0.1564586526808413,132507,0.14424342467875428,0.1500422774990157
provisional_9_seed,2025-02,201036,0.15726306821812355,158773,0.1430155597994491,0.14842691902018532
provisional_9_seed,2025-03,168718,0.15490870618948818,137738,0.14228448829805881,0.14668756884309575
provisional_9_seed,2025-04,174938,0.15466061671833173,144880,0.14265397177565622,0.14755620165780653
provisional_9_seed,2025-05,198582,0.15281097462958368,161724,0.13956757615674917,0.14424900164020438
provisional_9_seed,2025-06,178781,0.15417480172619943,138929,0.1400988188210051,0.14518967706496425
provisional_9_seed,2025-07,163965,0.1512620434077441,131684,0.13851730049874372,0.14404662662381607
provisional_9_seed,2025-08,206483,0.1524429737414537,169796,0.14035859458693511,0.14615148256468435
provisional_9_seed,2025-09,198411,0.15072014069943448,162815,0.13947544419326302,0.1456144322313506
provisional_9_seed,2025-10,147779,0.14998511513606438,123999,0.13847999773311206,0.14357558504245022
provisional_9_seed,2025-11,165904,0.1503930966738317,137859,0.13915519718059302,0.14412473099827613
provisional_9_seed,2025-12,192614,0.15120026968669065,161785,0.14150668053532556,0.14623287424657014
provisional_full,2008-04,180982,0.1760976429422982,144265,0.1720408596531137,0.13764081149142152
provisional_full,2008-05,0,,0,,
provisional_full,2008-06,0,,0,,
provisional_full,2008-07,236675,0.16364867748458872,187852,0.15845006200620051,0.13679543234739883
provisional_full,2008-08,0,,0,,
provisional_full,2008-09,0,,0,,
provisional_full,2008-10,243167,0.1590396083860956,187997,0.1522162386465753,0.13360164260122337
provisional_full,2008-11,0,,0,,
provisional_full,2008-12,0,,0,,
provisional_full,2009-01,167185,0.15633234125290377,129736,0.14948121288682634,0.13549237721585075
provisional_full,2009-02,0,,0,,
provisional_full,2009-03,0,,0,,
provisional_full,2009-04,185579,0.15367962604293067,144117,0.14713861847996598,0.1362235904853938
provisional_full,2009-05,0,,0,,
provisional_full,2009-06,0,,0,,
provisional_full,2009-07,276319,0.15212069913313495,213427,0.14579474718510446,0.13672714563217941
provisional_full,2009-08,0,,0,,
provisional_full,2009-09,203525,0.1494991501759964,156525,0.1431365352289897,0.1358919539142354
provisional_full,2009-10,0,,0,,
provisional_full,2009-11,124272,0.1445356089106128,97975,0.1395684846853828,0.1332768421482737
provisional_full,2009-12,0,,0,,
provisional_full,2010-01,129027,0.15134764137673093,98157,0.14514290828367066,0.13953411914446878
provisional_full,2010-02,0,,0,,
provisional_full,2010-03,120543,0.14893915929925156,93770,0.1433150829240676,0.13844180215781
provisional_full,2010-04,0,,0,,
provisional_full,2010-05,199670,0.14901609042522881,158485,0.1441389828724118,0.13968666619760683
provisional_full,2010-06,0,,0,,
provisional_full,2010-07,159042,0.14863058023361994,124520,0.14296412063118535,0.1392908571539941
provisional_full,2010-08,0,,0,,
provisional_full,2010-09,195050,0.1467546099691629,147890,0.13884155837761286,0.13571324516676864
provisional_full,2010-10,0,,0,,
provisional_full,2010-11,140448,0.14435068868588097,109782,0.13775076440940576,0.1347141978585435
provisional_full,2010-12,0,,0,,
provisional_full,2011-01,145193,0.14931977917542347,109700,0.14193513743922243,0.13972153095692524
provisional_full,2011-02,0,,0,,
provisional_full,2011-03,132088,0.14821213509483125,99511,0.1408998349950709,0.13901446406464418
provisional_full,2011-04,0,,0,,
provisional_full,2011-05,223039,0.14863315946428562,178791,0.14390284435171755,0.14128042527243903
provisional_full,2011-06,0,,0,,
provisional_full,2011-07,176771,0.14737328051962495,132854,0.14060326717632135,0.13871616654654184
provisional_full,2011-08,0,,0,,
provisional_full,2011-09,224484,0.1443063613012485,172951,0.1367991948635708,0.1363402433763059
provisional_full,2011-10,0,,0,,
provisional_full,2011-11,161794,0.14648733470674521,123278,0.1384655280671415,0.13767324972062722
provisional_full,2011-12,0,,0,,
provisional_full,2012-01,164518,0.14996463774539381,122749,0.14258817013728697,0.14188899280634668
provisional_full,2012-02,0,,0,,
provisional_full,2012-03,140138,0.14621651012026554,105841,0.13899227403492664,0.13903934561748874
provisional_full,2012-04,0,,0,,
provisional_full,2012-05,259245,0.1482048678901649,200618,0.14183915520562057,0.14118119535100415
provisional_full,2012-06,0,,0,,
provisional_full,2012-07,196973,0.1455137170264037,150058,0.13911909092601552,0.1391799920494064
provisional_full,2012-08,102757,0.14421642349503133,80200,0.1373152263601128,0.13820478774648162
provisional_full,2012-09,130159,0.14423213843389388,102300,0.13841146606064456,0.13901320342270362
provisional_full,2012-10,77341,0.14226012143132236,61915,0.13695751436679632,0.13801826261835118
provisional_full,2012-11,77002,0.14508418765572456,59606,0.13828355992939612,0.1349325056168898
provisional_full,2012-12,86451,0.146335603895337,65482,0.13983136319724554,0.1397145225049369
provisional_full,2013-01,80760,0.1479527055740542,63960,0.14211038420337668,0.14187160749925978
provisional_full,2013-02,93367,0.14736894256336494,71354,0.1404842085067755,0.14106790244226441
provisional_full,2013-03,79090,0.15240160433051025,57496,0.14526876972439834,0.14463920306920244
provisional_full,2013-04,114967,0.1492811406786135,88831,0.14338433882245374,0.14274204141553173
provisional_full,2013-05,142160,0.14769506777270214,111877,0.1428981873547989,0.14275613557467082
provisional_full,2013-06,135294,0.14668269784018967,103699,0.14065891503605155,0.14104759241351278
provisional_full,2013-07,81625,0.1437607807971383,62282,0.1383186544458938,0.13854468283755306
provisional_full,2013-08,122736,0.14446829594213215,95291,0.1385703911946093,0.13992060789383104
provisional_full,2013-09,115276,0.14092564287415685,92932,0.13704333483453332,0.13816549139479253
provisional_full,2013-10,97687,0.14279367393642337,75665,0.1368528365326749,0.13937549825209636
provisional_full,2013-11,95769,0.14622142510219455,73887,0.13985692702665783,0.1394298478564762
provisional_full,2013-12,84857,0.14480480070493673,65445,0.13831079402412233,0.13880307904996353
provisional_full,2014-01,106181,0.14891143922323516,81289,0.14439972800207543,0.1460064473258296
provisional_full,2014-02,108120,0.14728777302020601,79651,0.14088801786555694,0.1430932326926938
provisional_full,2014-03,80830,0.1476659438584233,60179,0.14279574433663697,0.14316917976868246
provisional_full,2014-04,113306,0.14726578852210984,89232,0.14261013871248485,0.1441804468367671
provisional_full,2014-05,162815,0.14612911976569765,126191,0.14205788785255077,0.14265614762268508
provisional_full,2014-06,105949,0.14638152588516887,77629,0.14040891604522684,0.1419576478009314
provisional_full,2014-07,104568,0.14420296016452946,77884,0.14000663796142776,0.1410323395154555
provisional_full,2014-08,124004,0.14336473740509967,95737,0.13935743511003648,0.14282311855056548
provisional_full,2014-09,122451,0.1413750478562864,95259,0.13753957082995244,0.13991135775109212
provisional_full,2014-10,100479,0.140584685826794,76267,0.1366351845357679,0.13806934959809425
provisional_full,2014-11,107622,0.14501232353049856,81645,0.1409422418993123,0.14154703103499125
provisional_full,2014-12,94431,0.14690517030346953,70550,0.14175608430191852,0.1413232080433178
provisional_full,2015-01,119188,0.1466724053889008,89310,0.14214337110134204,0.14301551463703546
provisional_full,2015-02,115470,0.14301935547224007,91069,0.1394843819435128,0.1408391753876161
provisional_full,2015-03,98328,0.14589589171598125,74441,0.1413241089957592,0.14294080489593167
provisional_full,2015-04,120313,0.14462495389889346,96431,0.14072139497618819,0.1411449748553981
provisional_full,2015-05,159203,0.14416678486771067,123999,0.14002146730574455,0.1410949021103982
provisional_full,2015-06,133429,0.1437892654298002,100399,0.13910106011870912,0.1410344339458968
provisional_full,2015-07,106171,0.14318963728345907,81232,0.13875725348441761,0.14068374643292697
provisional_full,2015-08,137771,0.1407615615171994,108745,0.13705917244500612,0.14040461511111746
provisional_full,2015-09,154547,0.1397080561434695,125379,0.13574559805939485,0.1390173806964231
provisional_full,2015-10,103432,0.14227471304867936,81712,0.13753004156418405,0.139442672554209
provisional_full,2015-11,118017,0.1415093313413954,93670,0.13710611235752465,0.13782485450295093
provisional_full,2015-12,120452,0.14518078763237344,96094,0.14102667767096477,0.14334223570105317
provisional_full,2016-01,142820,0.14842876750492812,111822,0.14339371685372548,0.14617404210702173
provisional_full,2016-02,131816,0.1439088722259697,103358,0.13921614797131804,0.14149156769821652
provisional_full,2016-03,132128,0.14626097883004185,106823,0.14180171777254114,0.14364726774250317
provisional_full,2016-04,155437,0.14580386889677088,124640,0.1422245054068944,0.14377650175885232
provisional_full,2016-05,137093,0.14470130865807712,111315,0.14092501760336723,0.1428058053019569
provisional_full,2016-06,142698,0.144263630212551,110644,0.13876127596414217,0.14126813853236594
provisional_full,2016-07,109570,0.1450542102559385,87396,0.14047460897068642,0.14293209434493165
provisional_full,2016-08,156349,0.14251590925968952,125466,0.1378908328765473,0.14106828550107872
provisional_full,2016-09,170541,0.1402966848099114,141565,0.1366572504052293,0.14154906017596586
provisional_full,2016-10,102692,0.14305095932052422,81888,0.13805784866184262,0.14190715383649383
provisional_full,2016-11,130785,0.14285749813319515,106284,0.13796467126091155,0.14085633062498779
provisional_full,2016-12,141489,0.1448416391553515,116345,0.14154583901938503,0.1436400786611406
provisional_full,2017-01,155897,0.14824821307710173,123531,0.1433118029670791,0.14670666475019908
provisional_full,2017-02,150759,0.14307193533865675,121558,0.13866917817663166,0.14262319169159204
provisional_full,2017-03,117131,0.1470418619821264,96153,0.14230686907083523,0.1454640615563146
provisional_full,2017-04,148123,0.14842458312074727,121788,0.1446490627444461,0.14660659289062322
provisional_full,2017-05,168769,0.1430774334150088,138400,0.13860288030526846,0.1414714100110548
provisional_full,2017-06,143535,0.1428920135720134,115773,0.13927480711034057,0.14381991804577768
provisional_full,2017-07,130033,0.14347636789849655,104188,0.13958859428260528,0.1447036230325956
provisional_full,2017-08,171045,0.14219041428567805,139774,0.1378863327557023,0.14385007764281413
provisional_full,2017-09,166013,0.13913124424112336,138049,0.13557870076137557,0.14127705307757643
provisional_full,2017-10,114268,0.1415883200862777,93445,0.13721307399173227,0.1430673773604005
provisional_full,2017-11,124767,0.14005103111021264,101873,0.13607049178029146,0.1397531099635756
provisional_full,2017-12,152995,0.14566427763475756,126971,0.14215757976699167,0.14593946554204865
provisional_full,2018-01,158039,0.14684402427124083,128128,0.14322317638843926,0.14795017354637724
provisional_full,2018-02,159448,0.143254547147386,130833,0.1401713772284427,0.14516506605768278
provisional_full,2018-03,140200,0.14422310773978944,113958,0.13944805005656838,0.1438710706118439
provisional_full,2018-04,136794,0.14579099137818255,114566,0.14262538383803036,0.14638299361794493
provisional_full,2018-05,175647,0.14424564240102772,142890,0.1400967501843505,0.14478892880618174
provisional_full,2018-06,155857,0.14234580371566025,124913,0.1386497854725178,0.14461917809477368
provisional_full,2018-07,127445,0.14595986469249853,101253,0.14261233575203397,0.14776779749934635
provisional_full,2018-08,183183,0.14139873479166143,151293,0.13758424533301583,0.14505380291679337
provisional_full,2018-09,163513,0.14012656280622013,134001,0.13637536948429593,0.1438768147320056
provisional_full,2018-10,99339,0.1416084055044658,81172,0.13773965241646208,0.14439505080350473
provisional_full,2018-11,132573,0.1410290271352602,110473,0.13809457481821885,0.1435403399992663
provisional_full,2018-12,160329,0.14602386942314377,132013,0.14247977812625665,0.1486459346962695
provisional_full,2019-01,151587,0.14519540086238739,123867,0.1419838570527779,0.14846589402257646
provisional_full,2019-02,166560,0.1431943644405979,136179,0.13977669664645306,0.14674861876527814
provisional_full,2019-03,123549,0.14275529123058694,102775,0.13935411981874907,0.1457772082195778
provisional_full,2019-04,147548,0.14534707044981246,122103,0.14193105978299364,0.14767940148047384
provisional_full,2019-05,203830,0.14245723207912586,167801,0.1390412697886312,0.14549958711491992
provisional_full,2019-06,131996,0.14479386702849475,105832,0.14133497891160318,0.1477431887930657
provisional_full,2019-07,150657,0.14397344722523125,122965,0.14061056009767417,0.14871307352825164
provisional_full,2019-08,184892,0.14073714709743623,153532,0.1375468575880136,0.1466920341447409
provisional_full,2019-09,174646,0.14092176599463857,145075,0.13812567333131867,0.14783924411519628
provisional_full,2019-10,105337,0.14190090759527946,86984,0.1389611835450056,0.1487107912354122
provisional_full,2019-11,136652,0.1428609784486193,112749,0.13956423148611358,0.14706445098924276
provisional_full,2019-12,163304,0.14457692856697485,135706,0.14157892279972412,0.1477000164205632
provisional_full,2020-01,154730,0.14508198936462963,127518,0.14240842601104592,0.15014015496170627
provisional_full,2020-02,166424,0.14257216950926807,138404,0.14009071544890253,0.14813930255937824
provisional_full,2020-03,134659,0.14519822086648182,113746,0.14180163747361177,0.14837624462817883
provisional_full,2020-04,98206,0.14487531975518045,84539,0.1427280249057045,0.14827489869085791
provisional_full,2020-05,6318,0.15467111623165236,5203,0.15049490111135821,0.1550410720513652
provisional_full,2020-06,1983,0.14509068778035392,1604,0.1450735810832496,0.14456280345942843
provisional_full,2020-07,10453,0.13170245304451256,9776,0.1311378654796028,0.1370723543159292
provisional_full,2020-08,17416,0.1354809678796254,14879,0.1330532284646452,0.14461018568376216
provisional_full,2020-09,35859,0.14040540472380472,31616,0.13876938584805792,0.14855440760545635
provisional_full,2020-10,35958,0.13939540214227655,31602,0.13679347651168744,0.14576140867445989
provisional_full,2020-11,38815,0.1391437302306261,34066,0.13741181605387448,0.14359375483932493
provisional_full,2020-12,20568,0.1452662842106609,16928,0.14239160867114867,0.151251817381171
provisional_full,2021-01,24591,0.14769046547264789,20345,0.14562086550183015,0.15407100493093484
provisional_full,2021-02,19935,0.14872144043074867,15945,0.14343253919636464,0.1548057050279339
provisional_full,2021-03,14473,0.1457451776803825,11227,0.1429299650577462,0.15813373659938568
provisional_full,2021-04,31608,0.1460289616894789,25655,0.1424723313025172,0.15485994249315774
provisional_full,2021-05,42571,0.1487832028316537,32833,0.14383960688884898,0.1572828194095197
provisional_full,2021-06,32623,0.14694741053222576,26524,0.1432201131362798,0.15361593144860108
provisional_full,2021-07,67486,0.14757056221324952,52070,0.14356426383354962,0.15534107897680646
provisional_full,2021-08,85151,0.14261025618274542,70202,0.1382972543703593,0.15329495645721306
provisional_full,2021-09,107478,0.14422490191634083,87526,0.13970022456863734,0.15486003762158035
provisional_full,2021-10,72035,0.14261716275241829,58242,0.13707328084066625,0.14973921777886925
provisional_full,2021-11,88431,0.14275515287987495,73424,0.13774885235293063,0.1484686863486792
provisional_full,2021-12,120499,0.1479646017194383,95357,0.14332097605793867,0.1564535839666976
provisional_full,2022-01,106332,0.15060085351020647,81324,0.14607389335910778,0.1594703565523222
provisional_full,2022-02,84471,0.14622856155868663,66176,0.14080981267853265,0.15475191427107401
provisional_full,2022-03,79374,0.14487136709628015,64167,0.13975163673569482,0.15226536773714602
provisional_full,2022-04,129046,0.1451616794132556,103775,0.140807963852462,0.15363782815108565
provisional_full,2022-05,151542,0.1465898131527196,120708,0.14137629305280178,0.15458422070004835
provisional_full,2022-06,121892,0.1437476844889715,96978,0.139470989517523,0.1538702364839426
provisional_full,2022-07,123467,0.14495398925911412,97255,0.14005579036230545,0.15439572665176224
provisional_full,2022-08,147775,0.14410419372045608,118956,0.1392046885567096,0.1566583743112495
provisional_full,2022-09,166586,0.1418193596608757,135348,0.1377175123418019,0.15403433891707607
provisional_full,2022-10,112576,0.14501742280309138,91113,0.14029376459608958,0.15612180778860027
provisional_full,2022-11,121255,0.1432102290326757,95722,0.13798317345504554,0.15054956403779413
provisional_full,2022-12,155614,0.14575957620489324,125814,0.1413559621793999,0.1552064950378177
provisional_full,2023-01,117006,0.14684724340932281,93656,0.14253139892697134,0.1555209729020314
provisional_full,2023-02,158635,0.1448016332027014,125878,0.1402851252535014,0.1541977404775415
provisional_full,2023-03,148995,0.14665943093968425,118611,0.14198130113082874,0.15346944489148756
provisional_full,2023-04,134395,0.14544459691551562,109286,0.14148353892246118,0.15364614231316087
provisional_full,2023-05,161031,0.1423904720655414,125552,0.13799756288751544,0.15124570422864655
provisional_full,2023-06,154070,0.14323263364539648,120933,0.13982816311007107,0.15205762795967753
provisional_full,2023-07,134541,0.14406322820166081,104978,0.139569588287809,0.15421571596188255
provisional_full,2023-08,174520,0.14423340775763208,140987,0.14003532129862048,0.15663805054240293
provisional_full,2023-09,181717,0.1425575382296036,144747,0.13788318030207475,0.15312476630520452
provisional_full,2023-10,109233,0.1418778900707329,89765,0.1379232061413268,0.15245830891061207
provisional_full,2023-11,155183,0.14135976958406485,123446,0.1363694153735743,0.14857358303711993
provisional_full,2023-12,157723,0.14553917738191224,129553,0.1415114763120261,0.15461103282679903
provisional_full,2024-01,136753,0.14635383464076818,107620,0.14132155088387943,0.15515565682445132
provisional_full,2024-02,188591,0.14551600668335612,148100,0.14119574137095348,0.15458904603311982
provisional_full,2024-03,158871,0.14684982293839907,125251,0.14200563007685293,0.1536947440799163
provisional_full,2024-04,153312,0.14681202804581275,126462,0.14221840748395162,0.14904309409256347
provisional_full,2024-05,184379,0.1429477880111677,148516,0.13832382551931183,0.1440756316314139
provisional_full,2024-06,166980,0.14176279056680835,128797,0.13657278379953205,0.14346134520623752
provisional_full,2024-07,124316,0.14172585831203907,97658,0.13690825773413895,0.14459813674808647
provisional_full,2024-08,204608,0.14166709026137356,165841,0.13656237441426086,0.14595087092256542
provisional_full,2024-09,170646,0.14114824153873526,137992,0.1361593688031611,0.14490793270601346
provisional_full,2024-10,127181,0.14263018643348646,103637,0.13771544061744972,0.14513949766479062
provisional_full,2024-11,150324,0.1420627003626867,122605,0.13735291545894468,0.14348358933736863
provisional_full,2024-12,178838,0.1447972684012108,146431,0.140233834507854,0.14670192491710318
provisional_full,2025-01,164555,0.14617904925630712,132507,0.14221940800540592,0.1500422774990157
provisional_full,2025-02,201036,0.14590654072831638,158773,0.1410390077424136,0.14842691902018532
provisional_full,2025-03,168718,0.14470258324950236,137738,0.14029695514029927,0.14668756884309575
provisional_full,2025-04,174938,0.14498627599117472,144880,0.14053949853040001,0.14755620165780653
provisional_full,2025-05,198582,0.14256913763883927,161724,0.13743202509724875,0.14424900164020438
provisional_full,2025-06,178781,0.1430171512091437,138929,0.13792400093614188,0.14518967706496425
provisional_full,2025-07,163965,0.14246186570817737,131684,0.13736409998709007,0.14404662662381607
provisional_full,2025-08,206483,0.14315441339806748,169796,0.1381329044190431,0.14615148256468435
provisional_full,2025-09,198411,0.1423940244667853,162815,0.13761792308461016,0.1456144322313506
provisional_full,2025-10,147779,0.1413448959928323,123999,0.13629064011106504,0.14357558504245022
provisional_full,2025-11,165904,0.14196272709296998,137859,0.13701570298934743,0.14412473099827613
provisional_full,2025-12,192614,0.14347802449345648,161785,0.13923558850948511,0.14623287424657014
provisional_fixed_1500_entry,2008-04,180982,0.17638158019151876,144265,0.17226900039164378,0.13764081149142152
provisional_fixed_1500_entry,2008-05,0,,0,,
provisional_fixed_1500_entry,2008-06,0,,0,,
provisional_fixed_1500_entry,2008-07,236675,0.16438837445620416,187852,0.15911473890854252,0.13679543234739883
provisional_fixed_1500_entry,2008-08,0,,0,,
provisional_fixed_1500_entry,2008-09,0,,0,,
provisional_fixed_1500_entry,2008-10,243167,0.16032718412958674,187997,0.15317559069788647,0.13360164260122337
provisional_fixed_1500_entry,2008-11,0,,0,,
provisional_fixed_1500_entry,2008-12,0,,0,,
provisional_fixed_1500_entry,2009-01,167185,0.15754692642490736,129736,0.1500626539768997,0.13549237721585075
provisional_fixed_1500_entry,2009-02,0,,0,,
provisional_fixed_1500_entry,2009-03,0,,0,,
provisional_fixed_1500_entry,2009-04,185579,0.15494055775099125,144117,0.14753582048056874,0.1362235904853938
provisional_fixed_1500_entry,2009-05,0,,0,,
provisional_fixed_1500_entry,2009-06,0,,0,,
provisional_fixed_1500_entry,2009-07,276319,0.15332609613385473,213427,0.14629191264953972,0.13672714563217941
provisional_fixed_1500_entry,2009-08,0,,0,,
provisional_fixed_1500_entry,2009-09,203525,0.15040555844328254,156525,0.1430201228687322,0.1358919539142354
provisional_fixed_1500_entry,2009-10,0,,0,,
provisional_fixed_1500_entry,2009-11,124272,0.1454550547023282,97975,0.13955825489762935,0.1332768421482737
provisional_fixed_1500_entry,2009-12,0,,0,,
provisional_fixed_1500_entry,2010-01,129027,0.1524478020946438,98157,0.14498747195354406,0.13953411914446878
provisional_fixed_1500_entry,2010-02,0,,0,,
provisional_fixed_1500_entry,2010-03,120543,0.14968530304828365,93770,0.14300855349840932,0.13844180215781
provisional_fixed_1500_entry,2010-04,0,,0,,
provisional_fixed_1500_entry,2010-05,199670,0.1499753778862381,158485,0.1443286177631076,0.13968666619760683
provisional_fixed_1500_entry,2010-06,0,,0,,
provisional_fixed_1500_entry,2010-07,159042,0.14958596957001521,124520,0.14289312096906323,0.1392908571539941
provisional_fixed_1500_entry,2010-08,0,,0,,
provisional_fixed_1500_entry,2010-09,195050,0.14793280462848302,147890,0.13834572891301877,0.13571324516676864
provisional_fixed_1500_entry,2010-10,0,,0,,
provisional_fixed_1500_entry,2010-11,140448,0.14521165480115564,109782,0.13717471039486245,0.1347141978585435
provisional_fixed_1500_entry,2010-12,0,,0,,
provisional_fixed_1500_entry,2011-01,145193,0.15066491951140057,109700,0.14142654770452992,0.13972153095692524
provisional_fixed_1500_entry,2011-02,0,,0,,
provisional_fixed_1500_entry,2011-03,132088,0.14927833474901062,99511,0.14005565175182522,0.13901446406464418
provisional_fixed_1500_entry,2011-04,0,,0,,
provisional_fixed_1500_entry,2011-05,223039,0.1494622244023305,178791,0.14367188562845193,0.14128042527243903
provisional_fixed_1500_entry,2011-06,0,,0,,
provisional_fixed_1500_entry,2011-07,176771,0.14841728862401282,132854,0.13992321656547244,0.13871616654654184
provisional_fixed_1500_entry,2011-08,0,,0,,
provisional_fixed_1500_entry,2011-09,224484,0.14505036870755922,172951,0.1358460944663403,0.1363402433763059
provisional_fixed_1500_entry,2011-10,0,,0,,
provisional_fixed_1500_entry,2011-11,161794,0.14753481142203748,123278,0.13743241500291037,0.13767324972062722
provisional_fixed_1500_entry,2011-12,0,,0,,
provisional_fixed_1500_entry,2012-01,164518,0.1511381567398412,122749,0.14161233639827575,0.14188899280634668
provisional_fixed_1500_entry,2012-02,0,,0,,
provisional_fixed_1500_entry,2012-03,140138,0.14748894650673372,105841,0.1378336710203169,0.13903934561748874
provisional_fixed_1500_entry,2012-04,0,,0,,
provisional_fixed_1500_entry,2012-05,259245,0.14945385802808572,200618,0.14114250410030652,0.14118119535100415
provisional_fixed_1500_entry,2012-06,0,,0,,
provisional_fixed_1500_entry,2012-07,196973,0.14688983418026808,150058,0.13828560466758938,0.1391799920494064
provisional_fixed_1500_entry,2012-08,102757,0.14529667637903462,80200,0.13603549535770895,0.13820478774648162
provisional_fixed_1500_entry,2012-09,130159,0.14514782206599255,102300,0.1371875063180743,0.13901320342270362
provisional_fixed_1500_entry,2012-10,77341,0.143314832103143,61915,0.13562503065392784,0.13801826261835118
provisional_fixed_1500_entry,2012-11,77002,0.14571405394534642,59606,0.13665912820569492,0.1349325056168898
provisional_fixed_1500_entry,2012-12,86451,0.14772337551656153,65482,0.13862449994722395,0.1397145225049369
provisional_fixed_1500_entry,2013-01,80760,0.14883298343257934,63960,0.14089779004571573,0.14187160749925978
provisional_fixed_1500_entry,2013-02,93367,0.14875483463579003,71354,0.13942728362067805,0.14106790244226441
provisional_fixed_1500_entry,2013-03,79090,0.15380813933728713,57496,0.14359490222218363,0.14463920306920244
provisional_fixed_1500_entry,2013-04,114967,0.15018011038450585,88831,0.1422894002593152,0.14274204141553173
provisional_fixed_1500_entry,2013-05,142160,0.14887085335962874,111877,0.14199046053824382,0.14275613557467082
provisional_fixed_1500_entry,2013-06,135294,0.1475850120550668,103699,0.139344219746103,0.14104759241351278
provisional_fixed_1500_entry,2013-07,81625,0.14475166713352644,62282,0.13689045875008027,0.13854468283755306
provisional_fixed_1500_entry,2013-08,122736,0.14556598871320586,95291,0.13725049448265528,0.13992060789383104
provisional_fixed_1500_entry,2013-09,115276,0.14152793097134736,92932,0.13551435854491706,0.13816549139479253
provisional_fixed_1500_entry,2013-10,97687,0.14414753573505512,75665,0.1352940170041351,0.13937549825209636
provisional_fixed_1500_entry,2013-11,95769,0.14688903115513996,73887,0.13832369651567367,0.1394298478564762
provisional_fixed_1500_entry,2013-12,84857,0.14586429748647203,65445,0.13689647060416105,0.13880307904996353
provisional_fixed_1500_entry,2014-01,106181,0.14980696273426009,81289,0.14301354914470532,0.1460064473258296
provisional_fixed_1500_entry,2014-02,108120,0.14835485438882473,79651,0.13946796706081138,0.1430932326926938
provisional_fixed_1500_entry,2014-03,80830,0.1488396497867925,60179,0.14150083849650463,0.14316917976868246
provisional_fixed_1500_entry,2014-04,113306,0.14839274847222272,89232,0.14137597432123492,0.1441804468367671
provisional_fixed_1500_entry,2014-05,162815,0.1467333610159273,126191,0.14073136090193933,0.14265614762268508
provisional_fixed_1500_entry,2014-06,105949,0.14752835769761188,77629,0.13915004552528598,0.1419576478009314
provisional_fixed_1500_entry,2014-07,104568,0.14509622205373618,77884,0.13843751690788086,0.1410323395154555
provisional_fixed_1500_entry,2014-08,124004,0.14410215883602542,95737,0.13786375085609576,0.14282311855056548
provisional_fixed_1500_entry,2014-09,122451,0.14166957174384587,95259,0.13616734041157647,0.13991135775109212
provisional_fixed_1500_entry,2014-10,100479,0.14120139566879442,76267,0.1348968047635277,0.13806934959809425
provisional_fixed_1500_entry,2014-11,107622,0.1452766790513518,81645,0.139332291719798,0.14154703103499125
provisional_fixed_1500_entry,2014-12,94431,0.14710141147045533,70550,0.14011665319911304,0.1413232080433178
provisional_fixed_1500_entry,2015-01,119188,0.1475165008645268,89310,0.1408789834585104,0.14301551463703546
provisional_fixed_1500_entry,2015-02,115470,0.14365292735858953,91069,0.13831131159252122,0.1408391753876161
provisional_fixed_1500_entry,2015-03,98328,0.14733557536968975,74441,0.14024018877632916,0.14294080489593167
provisional_fixed_1500_entry,2015-04,120313,0.1453690111434148,96431,0.13973698036174664,0.1411449748553981
provisional_fixed_1500_entry,2015-05,159203,0.1455606987234931,123999,0.1391671657060044,0.1410949021103982
provisional_fixed_1500_entry,2015-06,133429,0.1448693219043165,100399,0.1379817360368426,0.1410344339458968
provisional_fixed_1500_entry,2015-07,106171,0.14454882112520234,81232,0.13765341250524493,0.14068374643292697
provisional_fixed_1500_entry,2015-08,137771,0.1423348000841469,108745,0.13603386488738933,0.14040461511111746
provisional_fixed_1500_entry,2015-09,154547,0.14063789468304794,125379,0.13488739399589691,0.1390173806964231
provisional_fixed_1500_entry,2015-10,103432,0.14352426588664968,81712,0.1365304459159419,0.139442672554209
provisional_fixed_1500_entry,2015-11,118017,0.1427628578700289,93670,0.1364690106963301,0.13782485450295093
provisional_fixed_1500_entry,2015-12,120452,0.14688212849761095,96094,0.14048962704603646,0.14334223570105317
provisional_fixed_1500_entry,2016-01,142820,0.1505071895673877,111822,0.14301577124559603,0.14617404210702173
provisional_fixed_1500_entry,2016-02,131816,0.14601378243259336,103358,0.13878049314880195,0.14149156769821652
provisional_fixed_1500_entry,2016-03,132128,0.14784534260855153,106823,0.14128541938954858,0.14364726774250317
provisional_fixed_1500_entry,2016-04,155437,0.14802036880445332,124640,0.14193048621028284,0.14377650175885232
provisional_fixed_1500_entry,2016-05,137093,0.14667482309339222,111315,0.1405299949448373,0.1428058053019569
provisional_fixed_1500_entry,2016-06,142698,0.1465702195535842,110644,0.1384135743576769,0.14126813853236594
provisional_fixed_1500_entry,2016-07,109570,0.14723893607487104,87396,0.14013978630243615,0.14293209434493165
provisional_fixed_1500_entry,2016-08,156349,0.14458428689342104,125466,0.13738564547013413,0.14106828550107872
provisional_fixed_1500_entry,2016-09,170541,0.14209885365816594,141565,0.13621425880113647,0.14154906017596586
provisional_fixed_1500_entry,2016-10,102692,0.14554444061316765,81888,0.13787722244938597,0.14190715383649383
provisional_fixed_1500_entry,2016-11,130785,0.14482605562050832,106284,0.1377948346724314,0.14085633062498779
provisional_fixed_1500_entry,2016-12,141489,0.14675568734857677,116345,0.14141285082852012,0.1436400786611406
provisional_fixed_1500_entry,2017-01,155897,0.15095238458365684,123531,0.14343909125009974,0.14670666475019908
provisional_fixed_1500_entry,2017-02,150759,0.14525613046191946,121558,0.1386389177834019,0.14262319169159204
provisional_fixed_1500_entry,2017-03,117131,0.14932650969393063,96153,0.1423981234881959,0.1454640615563146
provisional_fixed_1500_entry,2017-04,148123,0.15050902555463477,121788,0.14453391806549307,0.14660659289062322
provisional_fixed_1500_entry,2017-05,168769,0.14554352105666488,138400,0.13865460253534348,0.1414714100110548
provisional_fixed_1500_entry,2017-06,143535,0.14512057590312286,115773,0.13930995751368164,0.14381991804577768
provisional_fixed_1500_entry,2017-07,130033,0.1460153167343203,104188,0.13967968960210367,0.1447036230325956
provisional_fixed_1500_entry,2017-08,171045,0.14438114088259585,139774,0.13805033845963058,0.14385007764281413
provisional_fixed_1500_entry,2017-09,166013,0.14078866665540993,138049,0.1355368574050983,0.14127705307757643
provisional_fixed_1500_entry,2017-10,114268,0.1438986581550921,93445,0.13716952434379537,0.1430673773604005
provisional_fixed_1500_entry,2017-11,124767,0.14151021664910834,101873,0.13603281060244368,0.1397531099635756
provisional_fixed_1500_entry,2017-12,152995,0.1474865406652645,126971,0.14224785680244464,0.14593946554204865
provisional_fixed_1500_entry,2018-01,158039,0.14923609364984472,128128,0.14346664354628125,0.14795017354637724
provisional_fixed_1500_entry,2018-02,159448,0.14519916528704666,130833,0.140273421597873,0.14516506605768278
provisional_fixed_1500_entry,2018-03,140200,0.14659075511961756,113958,0.1396515283814138,0.1438710706118439
provisional_fixed_1500_entry,2018-04,136794,0.14802801493074835,114566,0.14278071664496808,0.14638299361794493
provisional_fixed_1500_entry,2018-05,175647,0.14672392515751256,142890,0.14037045435561404,0.14478892880618174
provisional_fixed_1500_entry,2018-06,155857,0.14471983481829231,124913,0.1389102598774855,0.14461917809477368
provisional_fixed_1500_entry,2018-07,127445,0.14803499900753017,101253,0.14255267518112383,0.14776779749934635
provisional_fixed_1500_entry,2018-08,183183,0.14361917087415624,151293,0.13766432185095281,0.14505380291679337
provisional_fixed_1500_entry,2018-09,163513,0.14214675960689016,134001,0.13643881795423807,0.1438768147320056
provisional_fixed_1500_entry,2018-10,99339,0.14361957365623595,81172,0.1378676107776778,0.14439505080350473
provisional_fixed_1500_entry,2018-11,132573,0.14264045142929865,110473,0.1382133949174825,0.1435403399992663
provisional_fixed_1500_entry,2018-12,160329,0.14792193996395592,132013,0.1426652638066904,0.1486459346962695
provisional_fixed_1500_entry,2019-01,151587,0.14727814511138207,123867,0.14218869657418187,0.14846589402257646
provisional_fixed_1500_entry,2019-02,166560,0.14493240580503694,136179,0.13997172524207702,0.14674861876527814
provisional_fixed_1500_entry,2019-03,123549,0.1446248797433301,102775,0.1394416623561701,0.1457772082195778
provisional_fixed_1500_entry,2019-04,147548,0.1478089548773783,122103,0.1423013069030917,0.14767940148047384
provisional_fixed_1500_entry,2019-05,203830,0.14446653662845022,167801,0.13916387417039275,0.14549958711491992
provisional_fixed_1500_entry,2019-06,131996,0.14690425914647223,105832,0.14166721940297256,0.1477431887930657
provisional_fixed_1500_entry,2019-07,150657,0.1459422593372972,122965,0.14087983406636467,0.14871307352825164
provisional_fixed_1500_entry,2019-08,184892,0.14251131832448302,153532,0.13762609558113187,0.1466920341447409
provisional_fixed_1500_entry,2019-09,174646,0.14236316158084122,145075,0.13822253229261222,0.14783924411519628
provisional_fixed_1500_entry,2019-10,105337,0.14353041197396407,86984,0.13919435820175485,0.1487107912354122
provisional_fixed_1500_entry,2019-11,136652,0.1443087916673511,112749,0.13967239796519154,0.14706445098924276
provisional_fixed_1500_entry,2019-12,163304,0.14617654416109988,135706,0.14169775294852838,0.1477000164205632
provisional_fixed_1500_entry,2020-01,154730,0.1466033721944818,127518,0.1425601167857379,0.15014015496170627
provisional_fixed_1500_entry,2020-02,166424,0.14401349837362676,138404,0.14023230693298636,0.14813930255937824
provisional_fixed_1500_entry,2020-03,134659,0.1470443612755991,113746,0.14216373628285953,0.14837624462817883
provisional_fixed_1500_entry,2020-04,98206,0.14694188905940073,84539,0.14308543505749327,0.14827489869085791
provisional_fixed_1500_entry,2020-05,6318,0.1543544416286461,5203,0.14881171242683391,0.1550410720513652
provisional_fixed_1500_entry,2020-06,1983,0.14744132455293824,1604,0.14559243589942866,0.14456280345942843
provisional_fixed_1500_entry,2020-07,10453,0.13269437217680802,9776,0.1313416846262418,0.1370723543159292
provisional_fixed_1500_entry,2020-08,17416,0.13738480417438395,14879,0.13282437659647967,0.14461018568376216
provisional_fixed_1500_entry,2020-09,35859,0.14213630749374043,31616,0.1388722677857566,0.14855440760545635
provisional_fixed_1500_entry,2020-10,35958,0.14106751897980552,31602,0.13686589905151053,0.14576140867445989
provisional_fixed_1500_entry,2020-11,38815,0.14045363972448083,34066,0.13728673915886636,0.14359375483932493
provisional_fixed_1500_entry,2020-12,20568,0.146887805617395,16928,0.14188846918250372,0.151251817381171
provisional_fixed_1500_entry,2021-01,24591,0.14847900695645233,20345,0.14540016985580478,0.15407100493093484
provisional_fixed_1500_entry,2021-02,19935,0.15022088576158119,15945,0.14331283177438633,0.1548057050279339
provisional_fixed_1500_entry,2021-03,14473,0.14816905400921954,11227,0.14302570615872823,0.15813373659938568
provisional_fixed_1500_entry,2021-04,31608,0.1480629443786858,25655,0.14264392519200148,0.15485994249315774
provisional_fixed_1500_entry,2021-05,42571,0.1515529927393095,32833,0.14439209964247665,0.1572828194095197
provisional_fixed_1500_entry,2021-06,32623,0.14935764478018626,26524,0.14323772612015467,0.15361593144860108
provisional_fixed_1500_entry,2021-07,67486,0.150155706680628,52070,0.14360123520243062,0.15534107897680646
provisional_fixed_1500_entry,2021-08,85151,0.14440952755112788,70202,0.13837111409828934,0.15329495645721306
provisional_fixed_1500_entry,2021-09,107478,0.14575658283331755,87526,0.1397384783796333,0.15486003762158035
provisional_fixed_1500_entry,2021-10,72035,0.14446570393455954,58242,0.13714286071787365,0.14973921777886925
provisional_fixed_1500_entry,2021-11,88431,0.14407794538180274,73424,0.13754170828455864,0.1484686863486792
provisional_fixed_1500_entry,2021-12,120499,0.15054785283656644,95357,0.14363153774773246,0.1564535839666976
provisional_fixed_1500_entry,2022-01,106332,0.15299843718105344,81324,0.14630333990768238,0.1594703565523222
provisional_fixed_1500_entry,2022-02,84471,0.14809269337394476,66176,0.1409845960933612,0.15475191427107401
provisional_fixed_1500_entry,2022-03,79374,0.14700418639302806,64167,0.13984885642377537,0.15226536773714602
provisional_fixed_1500_entry,2022-04,129046,0.14742433327552595,103775,0.140892354578395,0.15363782815108565
provisional_fixed_1500_entry,2022-05,151542,0.14923300866420672,120708,0.14159757646265025,0.15458422070004835
provisional_fixed_1500_entry,2022-06,121892,0.14621550908377884,96978,0.13970555323399925,0.1538702364839426
provisional_fixed_1500_entry,2022-07,123467,0.14708220937111263,97255,0.1400399688364721,0.15439572665176224
provisional_fixed_1500_entry,2022-08,147775,0.14611627590459694,118956,0.13930334912589226,0.1566583743112495
provisional_fixed_1500_entry,2022-09,166586,0.1437086134043726,135348,0.13782854100867464,0.15403433891707607
provisional_fixed_1500_entry,2022-10,112576,0.1470581322379145,91113,0.14029034455277653,0.15612180778860027
provisional_fixed_1500_entry,2022-11,121255,0.14557814745110567,95722,0.13782904587882264,0.15054956403779413
provisional_fixed_1500_entry,2022-12,155614,0.14775077259337024,125814,0.14129173980102894,0.1552064950378177
provisional_fixed_1500_entry,2023-01,117006,0.14919552930098645,93656,0.14265104791255745,0.1555209729020314
provisional_fixed_1500_entry,2023-02,158635,0.14707484043532187,125878,0.14036996522849907,0.1541977404775415
provisional_fixed_1500_entry,2023-03,148995,0.14948251901207416,118611,0.14208342513712022,0.15346944489148756
provisional_fixed_1500_entry,2023-04,134395,0.14848673955672348,109286,0.1417081677809137,0.15364614231316087
provisional_fixed_1500_entry,2023-05,161031,0.1449535953430039,125552,0.13791556346393696,0.15124570422864655
provisional_fixed_1500_entry,2023-06,154070,0.14633635343763038,120933,0.14017548543735328,0.15205762795967753
provisional_fixed_1500_entry,2023-07,134541,0.14658715003095432,104978,0.13978194353760692,0.15421571596188255
provisional_fixed_1500_entry,2023-08,174520,0.14649402130855785,140987,0.14013118187438062,0.15663805054240293
provisional_fixed_1500_entry,2023-09,181717,0.14482670525019847,144747,0.13796264398320243,0.15312476630520452
provisional_fixed_1500_entry,2023-10,109233,0.14419860651935207,89765,0.13796668500475937,0.15245830891061207
provisional_fixed_1500_entry,2023-11,155183,0.14397212259279316,123446,0.1366258878521164,0.14857358303711993
provisional_fixed_1500_entry,2023-12,157723,0.14773882822708367,129553,0.1418077076843632,0.15461103282679903
provisional_fixed_1500_entry,2024-01,136753,0.14887592522383827,107620,0.1414801652552322,0.15515565682445132
provisional_fixed_1500_entry,2024-02,188591,0.14798933906261622,148100,0.14131814232807924,0.15458904603311982
provisional_fixed_1500_entry,2024-03,158871,0.15001630095465346,125251,0.14221533940023512,0.1536947440799163
provisional_fixed_1500_entry,2024-04,153312,0.14906018087858494,126462,0.14214449298980253,0.14904309409256347
provisional_fixed_1500_entry,2024-05,184379,0.14557812579225818,148516,0.13869759229215847,0.1440756316314139
provisional_fixed_1500_entry,2024-06,166980,0.14476374769526187,128797,0.13697187729352625,0.14346134520623752
provisional_fixed_1500_entry,2024-07,124316,0.1443549332551601,97658,0.13727164349959303,0.14459813674808647
provisional_fixed_1500_entry,2024-08,204608,0.14377149045472265,165841,0.1369309038649678,0.14595087092256542
provisional_fixed_1500_entry,2024-09,170646,0.14322545915682616,137992,0.1365823619843917,0.14490793270601346
provisional_fixed_1500_entry,2024-10,127181,0.14469670685304278,103637,0.13792314061313618,0.14513949766479062
provisional_fixed_1500_entry,2024-11,150324,0.144710396776437,122605,0.13787454223256088,0.14348358933736863
provisional_fixed_1500_entry,2024-12,178838,0.14749251112221223,146431,0.1411795496857006,0.14670192491710318
provisional_fixed_1500_entry,2025-01,164555,0.14869907935786877,132507,0.14301394141665028,0.1500422774990157
provisional_fixed_1500_entry,2025-02,201036,0.14841932213877054,158773,0.14152912600710402,0.14842691902018532
provisional_fixed_1500_entry,2025-03,168718,0.14758619102198,137738,0.14116479456688058,0.14668756884309575
provisional_fixed_1500_entry,2025-04,174938,0.1477053238263248,144880,0.14140698247903163,0.14755620165780653
provisional_fixed_1500_entry,2025-05,198582,0.1451018955645014,161724,0.13816472115412556,0.14424900164020438
provisional_fixed_1500_entry,2025-06,178781,0.14561395538642438,138929,0.13865945888922332,0.14518967706496425
provisional_fixed_1500_entry,2025-07,163965,0.14426430208621716,131684,0.13754373374395348,0.14404662662381607
provisional_fixed_1500_entry,2025-08,206483,0.14519504659379406,169796,0.1388009784636075,0.14615148256468435
provisional_fixed_1500_entry,2025-09,198411,0.14392088484253718,162815,0.13806737385105725,0.1456144322313506
provisional_fixed_1500_entry,2025-10,147779,0.14320639449347528,123999,0.13702599514284974,0.14357558504245022
provisional_fixed_1500_entry,2025-11,165904,0.14374956291528285,137859,0.13771828351980447,0.14412473099827613
provisional_fixed_1500_entry,2025-12,192614,0.14526564420791493,161785,0.1400333318821037,0.14623287424657014
provisional_without_performance_entry,2008-04,180982,0.17797092264131006,144265,0.17401947845267984,0.13764081149142152
provisional_without_performance_entry,2008-05,0,,0,,
provisional_without_performance_entry,2008-06,0,,0,,
provisional_without_performance_entry,2008-07,236675,0.16690011721202547,187852,0.1617793997261333,0.13679543234739883
provisional_without_performance_entry,2008-08,0,,0,,
provisional_without_performance_entry,2008-09,0,,0,,
provisional_without_performance_entry,2008-10,243167,0.16138726166859502,187997,0.15377436591508523,0.13360164260122337
provisional_without_performance_entry,2008-11,0,,0,,
provisional_without_performance_entry,2008-12,0,,0,,
provisional_without_performance_entry,2009-01,167185,0.15815841142596643,129736,0.15031421133636544,0.13549237721585075
provisional_without_performance_entry,2009-02,0,,0,,
provisional_without_performance_entry,2009-03,0,,0,,
provisional_without_performance_entry,2009-04,185579,0.15477105201676766,144117,0.14715622985579138,0.1362235904853938
provisional_without_performance_entry,2009-05,0,,0,,
provisional_without_performance_entry,2009-06,0,,0,,
provisional_without_performance_entry,2009-07,276319,0.15457569610465904,213427,0.14735720161927743,0.13672714563217941
provisional_without_performance_entry,2009-08,0,,0,,
provisional_without_performance_entry,2009-09,203525,0.15000258382447723,156525,0.1419945735465657,0.1358919539142354
provisional_without_performance_entry,2009-10,0,,0,,
provisional_without_performance_entry,2009-11,124272,0.14488761784218904,97975,0.13870619349078264,0.1332768421482737
provisional_without_performance_entry,2009-12,0,,0,,
provisional_without_performance_entry,2010-01,129027,0.15243784980347,98157,0.14439018326091355,0.13953411914446878
provisional_without_performance_entry,2010-02,0,,0,,
provisional_without_performance_entry,2010-03,120543,0.14942130989137486,93770,0.14224315231699844,0.13844180215781
provisional_without_performance_entry,2010-04,0,,0,,
provisional_without_performance_entry,2010-05,199670,0.15066050399435943,158485,0.14446217540336326,0.13968666619760683
provisional_without_performance_entry,2010-06,0,,0,,
provisional_without_performance_entry,2010-07,159042,0.14978827271959674,124520,0.14231272752766563,0.1392908571539941
provisional_without_performance_entry,2010-08,0,,0,,
provisional_without_performance_entry,2010-09,195050,0.14782387639733602,147890,0.13738217933038133,0.13571324516676864
provisional_without_performance_entry,2010-10,0,,0,,
provisional_without_performance_entry,2010-11,140448,0.14505007497294412,109782,0.13612985779269787,0.1347141978585435
provisional_without_performance_entry,2010-12,0,,0,,
provisional_without_performance_entry,2011-01,145193,0.1509450874437673,109700,0.14074350064897415,0.13972153095692524
provisional_without_performance_entry,2011-02,0,,0,,
provisional_without_performance_entry,2011-03,132088,0.14945417943390568,99511,0.1393029117307792,0.13901446406464418
provisional_without_performance_entry,2011-04,0,,0,,
provisional_without_performance_entry,2011-05,223039,0.15021694038293706,178791,0.14352321638450632,0.14128042527243903
provisional_without_performance_entry,2011-06,0,,0,,
provisional_without_performance_entry,2011-07,176771,0.14916900403059866,132854,0.13959946577039883,0.13871616654654184
provisional_without_performance_entry,2011-08,0,,0,,
provisional_without_performance_entry,2011-09,224484,0.14546502013181534,172951,0.13489844736386702,0.1363402433763059
provisional_without_performance_entry,2011-10,0,,0,,
provisional_without_performance_entry,2011-11,161794,0.1484402083731256,123278,0.13691669360986464,0.13767324972062722
provisional_without_performance_entry,2011-12,0,,0,,
provisional_without_performance_entry,2012-01,164518,0.15253171741017305,122749,0.14125542554239176,0.14188899280634668
provisional_without_performance_entry,2012-02,0,,0,,
provisional_without_performance_entry,2012-03,140138,0.14811570012318365,105841,0.13701028432544973,0.13903934561748874
provisional_without_performance_entry,2012-04,0,,0,,
provisional_without_performance_entry,2012-05,259245,0.1509472160050001,200618,0.14094696186377284,0.14118119535100415
provisional_without_performance_entry,2012-06,0,,0,,
provisional_without_performance_entry,2012-07,196973,0.1484875950696924,150058,0.13818146325450587,0.1391799920494064
provisional_without_performance_entry,2012-08,102757,0.14686997439114408,80200,0.13593885064550265,0.13820478774648162
provisional_without_performance_entry,2012-09,130159,0.14615437565736833,102300,0.13660403311029676,0.13901320342270362
provisional_without_performance_entry,2012-10,77341,0.14435208837601246,61915,0.13530763268899754,0.13801826261835118
provisional_without_performance_entry,2012-11,77002,0.14649208994054247,59606,0.13594752677557656,0.1349325056168898
provisional_without_performance_entry,2012-12,86451,0.14927699571877417,65482,0.13805150044424921,0.1397145225049369
provisional_without_performance_entry,2013-01,80760,0.1502254139160369,63960,0.14036858331084026,0.14187160749925978
provisional_without_performance_entry,2013-02,93367,0.15066949324294868,71354,0.13925139174485404,0.14106790244226441
provisional_without_performance_entry,2013-03,79090,0.15655784540502618,57496,0.14322565237755683,0.14463920306920244
provisional_without_performance_entry,2013-04,114967,0.15238880612463895,88831,0.14227191843039563,0.14274204141553173
provisional_without_performance_entry,2013-05,142160,0.1506235925810147,111877,0.141919787007333,0.14275613557467082
provisional_without_performance_entry,2013-06,135294,0.14964677376468305,103699,0.13899205317807847,0.14104759241351278
provisional_without_performance_entry,2013-07,81625,0.14662000200175374,62282,0.13637152167958574,0.13854468283755306
provisional_without_performance_entry,2013-08,122736,0.14760223200085545,95291,0.13680743477642518,0.13992060789383104
provisional_without_performance_entry,2013-09,115276,0.14222767360523678,92932,0.13468356719415395,0.13816549139479253
provisional_without_performance_entry,2013-10,97687,0.14687717632597752,75665,0.13518802965166177,0.13937549825209636
provisional_without_performance_entry,2013-11,95769,0.14886656557088482,73887,0.13796406851227494,0.1394298478564762
provisional_without_performance_entry,2013-12,84857,0.14796034086986945,65445,0.13665011886139267,0.13880307904996353
provisional_without_performance_entry,2014-01,106181,0.1518387498649601,81289,0.14278804553745358,0.1460064473258296
provisional_without_performance_entry,2014-02,108120,0.15143131804109572,79651,0.13918053729057145,0.1430932326926938
provisional_without_performance_entry,2014-03,80830,0.15220176804499358,60179,0.14178697194926276,0.14316917976868246
provisional_without_performance_entry,2014-04,113306,0.1513830180525493,89232,0.14124605609587396,0.1441804468367671
provisional_without_performance_entry,2014-05,162815,0.1494625207483449,126191,0.14054462043542088,0.14265614762268508
provisional_without_performance_entry,2014-06,105949,0.1518668508069989,77629,0.13923995203621695,0.1419576478009314
provisional_without_performance_entry,2014-07,104568,0.14858126110291106,77884,0.1382738098165287,0.1410323395154555
provisional_without_performance_entry,2014-08,124004,0.14817207970669613,95737,0.13780664204376447,0.14282311855056548
provisional_without_performance_entry,2014-09,122451,0.14517591172906702,95259,0.1360220418964918,0.13991135775109212
provisional_without_performance_entry,2014-10,100479,0.14501279884319926,76267,0.13438345415546113,0.13806934959809425
provisional_without_performance_entry,2014-11,107622,0.14915166601829766,81645,0.13904944331416724,0.14154703103499125
provisional_without_performance_entry,2014-12,94431,0.1512347251056336,70550,0.13969295734920786,0.1413232080433178
provisional_without_performance_entry,2015-01,119188,0.15187594375966798,89310,0.14058322267344472,0.14301551463703546
provisional_without_performance_entry,2015-02,115470,0.14789202804307872,91069,0.13818035825292715,0.1408391753876161
provisional_without_performance_entry,2015-03,98328,0.15294612884115344,74441,0.140690239377452,0.14294080489593167
provisional_without_performance_entry,2015-04,120313,0.14917120724886465,96431,0.13979022813375794,0.1411449748553981
provisional_without_performance_entry,2015-05,159203,0.1507076653781514,123999,0.13972539080460356,0.1410949021103982
provisional_without_performance_entry,2015-06,133429,0.15075347350665746,100399,0.1383658711002894,0.1410344339458968
provisional_without_performance_entry,2015-07,106171,0.15068481227800593,81232,0.13837758995084767,0.14068374643292697
provisional_without_performance_entry,2015-08,137771,0.14802533200255116,108745,0.13668257587530522,0.14040461511111746
provisional_without_performance_entry,2015-09,154547,0.1450784584193385,125379,0.135401491620227,0.1390173806964231
provisional_without_performance_entry,2015-10,103432,0.14844581516710104,81712,0.1367404217488824,0.139442672554209
provisional_without_performance_entry,2015-11,118017,0.14811705362136232,93670,0.13696043175921485,0.13782485450295093
provisional_without_performance_entry,2015-12,120452,0.1523821697842276,96094,0.1413589815138515,0.14334223570105317
provisional_without_performance_entry,2016-01,142820,0.15673477120195145,111822,0.1442919868543667,0.14617404210702173
provisional_without_performance_entry,2016-02,131816,0.1515875756981225,103358,0.13920967676664317,0.14149156769821652
provisional_without_performance_entry,2016-03,132128,0.15320922931806807,106823,0.14217796314354458,0.14364726774250317
provisional_without_performance_entry,2016-04,155437,0.15370983345143674,124640,0.1428365830304307,0.14377650175885232
provisional_without_performance_entry,2016-05,137093,0.15243461458960575,111315,0.14136960338054305,0.1428058053019569
provisional_without_performance_entry,2016-06,142698,0.15314770047252052,110644,0.13945677205234935,0.14126813853236594
provisional_without_performance_entry,2016-07,109570,0.15359293201364038,87396,0.14113342290172015,0.14293209434493165
provisional_without_performance_entry,2016-08,156349,0.15074859297003157,125466,0.13829058976422445,0.14106828550107872
provisional_without_performance_entry,2016-09,170541,0.14729919035236114,141565,0.1370343708206353,0.14154906017596586
provisional_without_performance_entry,2016-10,102692,0.15199083618256817,81888,0.13908145293799942,0.14190715383649383
provisional_without_performance_entry,2016-11,130785,0.1506281197390582,106284,0.13872770829404904,0.14085633062498779
provisional_without_performance_entry,2016-12,141489,0.15213830588806232,116345,0.1424768688595303,0.1436400786611406
provisional_without_performance_entry,2017-01,155897,0.15727688037865198,123531,0.1445713962686231,0.14670666475019908
provisional_without_performance_entry,2017-02,150759,0.15088463393017454,121558,0.13953463686032203,0.14262319169159204
provisional_without_performance_entry,2017-03,117131,0.15461737948508217,96153,0.14338503235404418,0.1454640615563146
provisional_without_performance_entry,2017-04,148123,0.15539821456140285,121788,0.14520561097230472,0.14660659289062322
provisional_without_performance_entry,2017-05,168769,0.15129139117868,138400,0.13950651940268297,0.1414714100110548
provisional_without_performance_entry,2017-06,143535,0.15095968365382575,115773,0.14064274245400618,0.14381991804577768
provisional_without_performance_entry,2017-07,130033,0.1527125518484255,104188,0.14105895644899885,0.1447036230325956
provisional_without_performance_entry,2017-08,171045,0.15037873443792765,139774,0.13902918135914502,0.14385007764281413
provisional_without_performance_entry,2017-09,166013,0.14551978398364634,138049,0.13621883386951994,0.14127705307757643
provisional_without_performance_entry,2017-10,114268,0.14960389854824974,93445,0.1382177343158348,0.1430673773604005
provisional_without_performance_entry,2017-11,124767,0.14617803590844275,101873,0.1370036372024544,0.1397531099635756
provisional_without_performance_entry,2017-12,152995,0.15254439041471807,126971,0.14332611129362866,0.14593946554204865
provisional_without_performance_entry,2018-01,158039,0.15477084703485142,128128,0.14464717947580896,0.14795017354637724
provisional_without_performance_entry,2018-02,159448,0.1503610544491956,130833,0.1413204734409566,0.14516506605768278
provisional_without_performance_entry,2018-03,140200,0.15219174551627498,113958,0.14070349400160514,0.1438710706118439
provisional_without_performance_entry,2018-04,136794,0.15274505840857777,114566,0.14372809245010276,0.14638299361794493
provisional_without_performance_entry,2018-05,175647,0.15221664154551756,142890,0.14127522728736797,0.14478892880618174
provisional_without_performance_entry,2018-06,155857,0.15067081858737882,124913,0.14023068700271615,0.14461917809477368
provisional_without_performance_entry,2018-07,127445,0.154073178700538,101253,0.1437164205174114,0.14776779749934635
provisional_without_performance_entry,2018-08,183183,0.1491777286712378,151293,0.1385112331603356,0.14505380291679337
provisional_without_performance_entry,2018-09,163513,0.1475278963449621,134001,0.13737459249501024,0.1438768147320056
provisional_without_performance_entry,2018-10,99339,0.1487679495998249,81172,0.13889875669057283,0.14439505080350473
provisional_without_performance_entry,2018-11,132573,0.14706585069518488,110473,0.13915915055668307,0.1435403399992663
provisional_without_performance_entry,2018-12,160329,0.15281266955085063,132013,0.14363919488904847,0.1486459346962695
provisional_without_performance_entry,2019-01,151587,0.15219535557142094,123867,0.1433021648372027,0.14846589402257646
provisional_without_performance_entry,2019-02,166560,0.1498930508682469,136179,0.14106181912835006,0.14674861876527814
provisional_without_performance_entry,2019-03,123549,0.14907309108719324,102775,0.1404229362707673,0.1457772082195778
provisional_without_performance_entry,2019-04,147548,0.15329194789607195,122103,0.14366357527925794,0.14767940148047384
provisional_without_performance_entry,2019-05,203830,0.14954548726853586,167801,0.1402173949946496,0.14549958711491992
provisional_without_performance_entry,2019-06,131996,0.15229898394168107,105832,0.14294874640464733,0.1477431887930657
provisional_without_performance_entry,2019-07,150657,0.1511572335496253,122965,0.1421562320904424,0.14871307352825164
provisional_without_performance_entry,2019-08,184892,0.1473983569029829,153532,0.13853552869769925,0.1466920341447409
provisional_without_performance_entry,2019-09,174646,0.14651615995656564,145075,0.13914494086342408,0.14783924411519628
provisional_without_performance_entry,2019-10,105337,0.1482441871366835,86984,0.1408353100068405,0.1487107912354122
provisional_without_performance_entry,2019-11,136652,0.1488640042911411,112749,0.14092819993683867,0.14706445098924276
provisional_without_performance_entry,2019-12,163304,0.1506257663167519,135706,0.1428033273571959,0.1477000164205632
provisional_without_performance_entry,2020-01,154730,0.1508533358466117,127518,0.14365644045717263,0.15014015496170627
provisional_without_performance_entry,2020-02,166424,0.14822723255196002,138404,0.14149296982067175,0.14813930255937824
provisional_without_performance_entry,2020-03,134659,0.1513246017032519,113746,0.14335621989168645,0.14837624462817883
provisional_without_performance_entry,2020-04,98206,0.15102318525779215,84539,0.14405863404689165,0.14827489869085791
provisional_without_performance_entry,2020-05,6318,0.1596756339185124,5203,0.15066633959841977,0.1550410720513652
provisional_without_performance_entry,2020-06,1983,0.15151337323083458,1604,0.145823083482843,0.14456280345942843
provisional_without_performance_entry,2020-07,10453,0.13508088653821293,9776,0.13238675486610957,0.1370723543159292
provisional_without_performance_entry,2020-08,17416,0.1429869854413601,14879,0.13418107244229815,0.14461018568376216
provisional_without_performance_entry,2020-09,35859,0.1473399829193807,31616,0.14049506651698754,0.14855440760545635
provisional_without_performance_entry,2020-10,35958,0.14554527821897803,31602,0.1380238013902706,0.14576140867445989
provisional_without_performance_entry,2020-11,38815,0.14409283520541188,34066,0.1381894990374769,0.14359375483932493
provisional_without_performance_entry,2020-12,20568,0.15273167587750028,16928,0.1431448966860631,0.151251817381171
provisional_without_performance_entry,2021-01,24591,0.15292477249477757,20345,0.14665698223574333,0.15407100493093484
provisional_without_performance_entry,2021-02,19935,0.1560674672548911,15945,0.1451638216104224,0.1548057050279339
provisional_without_performance_entry,2021-03,14473,0.15619466110061656,11227,0.14541940032907108,0.15813373659938568
provisional_without_performance_entry,2021-04,31608,0.15411235257936554,25655,0.14437838310550627,0.15485994249315774
provisional_without_performance_entry,2021-05,42571,0.15937775466463677,32833,0.14667364102058453,0.1572828194095197
provisional_without_performance_entry,2021-06,32623,0.15577741228393785,26524,0.1446940998379294,0.15361593144860108
provisional_without_performance_entry,2021-07,67486,0.1582471912039481,52070,0.1458880325937236,0.15534107897680646
provisional_without_performance_entry,2021-08,85151,0.15016749514912384,70202,0.1398662497476786,0.15329495645721306
provisional_without_performance_entry,2021-09,107478,0.15155558008688852,87526,0.14163462173862312,0.15486003762158035
provisional_without_performance_entry,2021-10,72035,0.1505460863023666,58242,0.13887884397859915,0.14973921777886925
provisional_without_performance_entry,2021-11,88431,0.14917284254115573,73424,0.13881104795852722,0.1484686863486792
provisional_without_performance_entry,2021-12,120499,0.15703673904065715,95357,0.14550644394496828,0.1564535839666976
provisional_without_performance_entry,2022-01,106332,0.1601571036403545,81324,0.1484694742828793,0.1594703565523222
provisional_without_performance_entry,2022-02,84471,0.15370847037834595,66176,0.14245955251390185,0.15475191427107401
provisional_without_performance_entry,2022-03,79374,0.15260949375394664,64167,0.141300940837535,0.15226536773714602
provisional_without_performance_entry,2022-04,129046,0.1533084896046959,103775,0.14253174140532662,0.15363782815108565
provisional_without_performance_entry,2022-05,151542,0.15540076336897965,120708,0.14309844291733156,0.15458422070004835
provisional_without_performance_entry,2022-06,121892,0.1523340231957611,96978,0.14148291366155405,0.1538702364839426
provisional_without_performance_entry,2022-07,123467,0.1528896330106379,97255,0.14128854978714317,0.15439572665176224
provisional_without_performance_entry,2022-08,147775,0.15179042560925976,118956,0.14063055765846053,0.1566583743112495
provisional_without_performance_entry,2022-09,166586,0.14893625842140068,135348,0.13939170488076183,0.15403433891707607
provisional_without_performance_entry,2022-10,112576,0.15284184638550596,91113,0.14184247665405314,0.15612180778860027
provisional_without_performance_entry,2022-11,121255,0.15136754075923434,95722,0.13907979899832923,0.15054956403779413
provisional_without_performance_entry,2022-12,155614,0.15289753701868422,125814,0.14272690058824836,0.1552064950378177
provisional_without_performance_entry,2023-01,117006,0.15467969053848243,93656,0.144123260717328,0.1555209729020314
provisional_without_performance_entry,2023-02,158635,0.15246788178210174,125878,0.1417464999027954,0.1541977404775415
provisional_without_performance_entry,2023-03,148995,0.15515144010434995,118611,0.1432081692461621,0.15346944489148756
provisional_without_performance_entry,2023-04,134395,0.15419160135506535,109286,0.14332279617673932,0.15364614231316087
provisional_without_performance_entry,2023-05,161031,0.15093090042101584,125552,0.13923679981833684,0.15124570422864655
provisional_without_performance_entry,2023-06,154070,0.15201367357758108,120933,0.14159079818492604,0.15205762795967753
provisional_without_performance_entry,2023-07,134541,0.1520036780685893,104978,0.14098105682999518,0.15421571596188255
provisional_without_performance_entry,2023-08,174520,0.15182489276728692,140987,0.14144478217732465,0.15663805054240293
provisional_without_performance_entry,2023-09,181717,0.1502061231469643,144747,0.1395043742454187,0.15312476630520452
provisional_without_performance_entry,2023-10,109233,0.14903698047545227,89765,0.13920704945262302,0.15245830891061207
provisional_without_performance_entry,2023-11,155183,0.14906173207948473,123446,0.13779610993661565,0.14857358303711993
provisional_without_performance_entry,2023-12,157723,0.1523023255261499,129553,0.14296303094100501,0.15461103282679903
provisional_without_performance_entry,2024-01,136753,0.15395257613312,107620,0.14270011460658755,0.15515565682445132
provisional_without_performance_entry,2024-02,188591,0.15305718698734766,148100,0.1424358805744786,0.15458904603311982
provisional_without_performance_entry,2024-03,158871,0.1553941353194852,125251,0.14334525589472935,0.1536947440799163
provisional_without_performance_entry,2024-04,153312,0.1536759825645512,126462,0.14334389991117286,0.14904309409256347
provisional_without_performance_entry,2024-05,184379,0.1507556712159117,148516,0.14004132765131944,0.1440756316314139
provisional_without_performance_entry,2024-06,166980,0.15066117776788507,128797,0.1386002738890035,0.14346134520623752
provisional_without_performance_entry,2024-07,124316,0.14976671748228412,97658,0.13893577982545205,0.14459813674808647
provisional_without_performance_entry,2024-08,204608,0.14890828990094088,165841,0.13856494592067117,0.14595087092256542
provisional_without_performance_entry,2024-09,170646,0.14825862990814948,137992,0.13821129486120629,0.14490793270601346
provisional_without_performance_entry,2024-10,127181,0.14900973452891,103637,0.13909250673220605,0.14513949766479062
provisional_without_performance_entry,2024-11,150324,0.14922707643005684,122605,0.13906990071016728,0.14348358933736863
provisional_without_performance_entry,2024-12,178838,0.15198330134086596,146431,0.1423627577731562,0.14670192491710318
provisional_without_performance_entry,2025-01,164555,0.15311979617660987,132507,0.1442829342448669,0.1500422774990157
provisional_without_performance_entry,2025-02,201036,0.1536763198797113,158773,0.14305976813936344,0.14842691902018532
provisional_without_performance_entry,2025-03,168718,0.15206503739046556,137738,0.14232300985681162,0.14668756884309575
provisional_without_performance_entry,2025-04,174938,0.15224079738408827,144880,0.14291919521861735,0.14755620165780653
provisional_without_performance_entry,2025-05,198582,0.14983996003371522,161724,0.1394313049007629,0.14424900164020438
provisional_without_performance_entry,2025-06,178781,0.15066440393510705,138929,0.14010998579154577,0.14518967706496425
provisional_without_performance_entry,2025-07,163965,0.14832515033371985,131684,0.13840987931135812,0.14404662662381607
provisional_without_performance_entry,2025-08,206483,0.14978028641826424,169796,0.1402394644090834,0.14615148256468435
provisional_without_performance_entry,2025-09,198411,0.1481958058817204,162815,0.13951371792890507,0.1456144322313506
provisional_without_performance_entry,2025-10,147779,0.14736392012205862,123999,0.13837386967338047,0.14357558504245022
provisional_without_performance_entry,2025-11,165904,0.14780753113338255,137859,0.1389802205482654,0.14412473099827613
provisional_without_performance_entry,2025-12,192614,0.14911338637642527,161785,0.14137279201668274,0.14623287424657014
provisional_without_entry_acceleration,2008-04,180982,0.17604939120594446,144265,0.17193900368183931,0.13764081149142152
provisional_without_entry_acceleration,2008-05,0,,0,,
provisional_without_entry_acceleration,2008-06,0,,0,,
provisional_without_entry_acceleration,2008-07,236675,0.16365820994917998,187852,0.15843265251151833,0.13679543234739883
provisional_without_entry_acceleration,2008-08,0,,0,,
provisional_without_entry_acceleration,2008-09,0,,0,,
provisional_without_entry_acceleration,2008-10,243167,0.15985057205339265,187997,0.15308872220900382,0.13360164260122337
provisional_without_entry_acceleration,2008-11,0,,0,,
provisional_without_entry_acceleration,2008-12,0,,0,,
provisional_without_entry_acceleration,2009-01,167185,0.15736507420740944,129736,0.1504069425548105,0.13549237721585075
provisional_without_entry_acceleration,2009-02,0,,0,,
provisional_without_entry_acceleration,2009-03,0,,0,,
provisional_without_entry_acceleration,2009-04,185579,0.15507905898278937,144117,0.14823880444540963,0.1362235904853938
provisional_without_entry_acceleration,2009-05,0,,0,,
provisional_without_entry_acceleration,2009-06,0,,0,,
provisional_without_entry_acceleration,2009-07,276319,0.1529707600418237,213427,0.1464007794742435,0.13672714563217941
provisional_without_entry_acceleration,2009-08,0,,0,,
provisional_without_entry_acceleration,2009-09,203525,0.15098110677347254,156525,0.14437164130137115,0.1358919539142354
provisional_without_entry_acceleration,2009-10,0,,0,,
provisional_without_entry_acceleration,2009-11,124272,0.14602077472954356,97975,0.14069904030363178,0.1332768421482737
provisional_without_entry_acceleration,2009-12,0,,0,,
provisional_without_entry_acceleration,2010-01,129027,0.15284674741017906,98157,0.1462446183867183,0.13953411914446878
provisional_without_entry_acceleration,2010-02,0,,0,,
provisional_without_entry_acceleration,2010-03,120543,0.15033189945648642,93770,0.14439088748953094,0.13844180215781
provisional_without_entry_acceleration,2010-04,0,,0,,
provisional_without_entry_acceleration,2010-05,199670,0.15001622273677245,158485,0.1449358663569878,0.13968666619760683
provisional_without_entry_acceleration,2010-06,0,,0,,
provisional_without_entry_acceleration,2010-07,159042,0.14994620293266026,124520,0.14403894674647533,0.1392908571539941
provisional_without_entry_acceleration,2010-08,0,,0,,
provisional_without_entry_acceleration,2010-09,195050,0.1483927978121106,147890,0.14002052314431118,0.13571324516676864
provisional_without_entry_acceleration,2010-10,0,,0,,
provisional_without_entry_acceleration,2010-11,140448,0.14587722007804088,109782,0.13894801948036017,0.1347141978585435
provisional_without_entry_acceleration,2010-12,0,,0,,
provisional_without_entry_acceleration,2011-01,145193,0.15089006358017593,109700,0.1430274359528889,0.13972153095692524
provisional_without_entry_acceleration,2011-02,0,,0,,
provisional_without_entry_acceleration,2011-03,132088,0.1498308417849338,99511,0.14195699157769376,0.13901446406464418
provisional_without_entry_acceleration,2011-04,0,,0,,
provisional_without_entry_acceleration,2011-05,223039,0.14974693166980468,178791,0.14480797662015252,0.14128042527243903
provisional_without_entry_acceleration,2011-06,0,,0,,
provisional_without_entry_acceleration,2011-07,176771,0.1487972257874859,132854,0.14156599395565972,0.13871616654654184
provisional_without_entry_acceleration,2011-08,0,,0,,
provisional_without_entry_acceleration,2011-09,224484,0.14587875804635783,172951,0.13799197727525125,0.1363402433763059
provisional_without_entry_acceleration,2011-10,0,,0,,
provisional_without_entry_acceleration,2011-11,161794,0.14805373258076646,123278,0.1395806912395526,0.13767324972062722
provisional_without_entry_acceleration,2011-12,0,,0,,
provisional_without_entry_acceleration,2012-01,164518,0.1513963557789362,122749,0.14369613755292635,0.14188899280634668
provisional_without_entry_acceleration,2012-02,0,,0,,
provisional_without_entry_acceleration,2012-03,140138,0.1480216145795934,105841,0.14023491801000443,0.13903934561748874
provisional_without_entry_acceleration,2012-04,0,,0,,
provisional_without_entry_acceleration,2012-05,259245,0.14948904368656724,200618,0.14282185031420344,0.14118119535100415
provisional_without_entry_acceleration,2012-06,0,,0,,
provisional_without_entry_acceleration,2012-07,196973,0.1469964623327138,150058,0.14012422537379443,0.1391799920494064
provisional_without_entry_acceleration,2012-08,102757,0.14568803243505168,80200,0.13836519062748076,0.13820478774648162
provisional_without_entry_acceleration,2012-09,130159,0.14604127650250429,102300,0.13973549614296915,0.13901320342270362
provisional_without_entry_acceleration,2012-10,77341,0.14402342128298992,61915,0.13808862264395,0.13801826261835118
provisional_without_entry_acceleration,2012-11,77002,0.14685898392817703,59606,0.1395043662831545,0.1349325056168898
provisional_without_entry_acceleration,2012-12,86451,0.14803651855332758,65482,0.14108042044471936,0.1397145225049369
provisional_without_entry_acceleration,2013-01,80760,0.14946350448399845,63960,0.14324932744150154,0.14187160749925978
provisional_without_entry_acceleration,2013-02,93367,0.14901713551092466,71354,0.14167055504407206,0.14106790244226441
provisional_without_entry_acceleration,2013-03,79090,0.15382147651676847,57496,0.14650944175678407,0.14463920306920244
provisional_without_entry_acceleration,2013-04,114967,0.15059643505865491,88831,0.14441756446616574,0.14274204141553173
provisional_without_entry_acceleration,2013-05,142160,0.14906721516625018,111877,0.14385254278387202,0.14275613557467082
provisional_without_entry_acceleration,2013-06,135294,0.148224845616847,103699,0.14182863764453812,0.14104759241351278
provisional_without_entry_acceleration,2013-07,81625,0.14547364914542077,62282,0.1395372876331547,0.13854468283755306
provisional_without_entry_acceleration,2013-08,122736,0.14608688774111056,95291,0.13976376584123953,0.13992060789383104
provisional_without_entry_acceleration,2013-09,115276,0.14288621345824906,92932,0.13840005509495554,0.13816549139479253
provisional_without_entry_acceleration,2013-10,97687,0.1444537650326126,75665,0.1380160316350495,0.13937549825209636
provisional_without_entry_acceleration,2013-11,95769,0.1478103727703938,73887,0.14103809172445905,0.1394298478564762
provisional_without_entry_acceleration,2013-12,84857,0.14646455012537885,65445,0.13948831677907214,0.13880307904996353
provisional_without_entry_acceleration,2014-01,106181,0.15056279108715123,81289,0.14551585014291174,0.1460064473258296
provisional_without_entry_acceleration,2014-02,108120,0.14889540243149502,79651,0.14210754454454563,0.1430932326926938
provisional_without_entry_acceleration,2014-03,80830,0.14912466241163114,60179,0.1438440198144209,0.14316917976868246
provisional_without_entry_acceleration,2014-04,113306,0.14857818331883993,89232,0.14366501790344294,0.1441804468367671
provisional_without_entry_acceleration,2014-05,162815,0.14752234127352076,126191,0.14310138323722119,0.14265614762268508
provisional_without_entry_acceleration,2014-06,105949,0.14768282301165525,77629,0.14146721176825586,0.1419576478009314
provisional_without_entry_acceleration,2014-07,104568,0.14567256380717844,77884,0.14114320921865672,0.1410323395154555
provisional_without_entry_acceleration,2014-08,124004,0.14462811502545708,95737,0.1404065938025662,0.14282311855056548
provisional_without_entry_acceleration,2014-09,122451,0.14264836341342896,95259,0.13864817228693369,0.13991135775109212
provisional_without_entry_acceleration,2014-10,100479,0.1418355813402294,76267,0.13776516203893366,0.13806934959809425
provisional_without_entry_acceleration,2014-11,107622,0.14637763354677796,81645,0.14212260816844113,0.14154703103499125
provisional_without_entry_acceleration,2014-12,94431,0.14832366007200337,70550,0.14295937609202847,0.1413232080433178
provisional_without_entry_acceleration,2015-01,119188,0.14766815892428709,89310,0.1431448770722927,0.14301551463703546
provisional_without_entry_acceleration,2015-02,115470,0.14389889727009172,91069,0.14051577796181627,0.1408391753876161
provisional_without_entry_acceleration,2015-03,98328,0.1465570006311239,74441,0.14217971803615728,0.14294080489593167
provisional_without_entry_acceleration,2015-04,120313,0.1454019850338291,96431,0.1415547416670423,0.1411449748553981
provisional_without_entry_acceleration,2015-05,159203,0.14479804638785032,123999,0.14074919189806773,0.1410949021103982
provisional_without_entry_acceleration,2015-06,133429,0.14442075798660714,100399,0.13993536484199287,0.1410344339458968
provisional_without_entry_acceleration,2015-07,106171,0.1438475020172423,81232,0.1395246748789651,0.14068374643292697
provisional_without_entry_acceleration,2015-08,137771,0.14125600215184234,108745,0.1377723921984653,0.14040461511111746
provisional_without_entry_acceleration,2015-09,154547,0.14031744569172946,125379,0.13640176566992532,0.1390173806964231
provisional_without_entry_acceleration,2015-10,103432,0.1429495206322322,81712,0.13834195243190953,0.139442672554209
provisional_without_entry_acceleration,2015-11,118017,0.14196806454519156,93670,0.1377198910702076,0.13782485450295093
provisional_without_entry_acceleration,2015-12,120452,0.14565422907034073,96094,0.14160400486204894,0.14334223570105317
provisional_without_entry_acceleration,2016-01,142820,0.1487784132854893,111822,0.14386379821856526,0.14617404210702173
provisional_without_entry_acceleration,2016-02,131816,0.14453086182254452,103358,0.13997159965812633,0.14149156769821652
provisional_without_entry_acceleration,2016-03,132128,0.14666333167048573,106823,0.14238022528488886,0.14364726774250317
provisional_without_entry_acceleration,2016-04,155437,0.14614946864170367,124640,0.1427729082098261,0.14377650175885232
provisional_without_entry_acceleration,2016-05,137093,0.14503018619090402,111315,0.14148956536988208,0.1428058053019569
provisional_without_entry_acceleration,2016-06,142698,0.14457546397241927,110644,0.13932474560378427,0.14126813853236594
provisional_without_entry_acceleration,2016-07,109570,0.1453322809672942,87396,0.14101036842282955,0.14293209434493165
provisional_without_entry_acceleration,2016-08,156349,0.14281847976631085,125466,0.13841644417987567,0.14106828550107872
provisional_without_entry_acceleration,2016-09,170541,0.14063155704850816,141565,0.1371470585678925,0.14154906017596586
provisional_without_entry_acceleration,2016-10,102692,0.14341115044995154,81888,0.13854656782369437,0.14190715383649383
provisional_without_entry_acceleration,2016-11,130785,0.14320762861511527,106284,0.13850996844366237,0.14085633062498779
provisional_without_entry_acceleration,2016-12,141489,0.14519060899606917,116345,0.14205110666117748,0.1436400786611406
provisional_without_entry_acceleration,2017-01,155897,0.14860138418793903,123531,0.14383101204512333,0.14670666475019908
provisional_without_entry_acceleration,2017-02,150759,0.14342385637968952,121558,0.13916275647099735,0.14262319169159204
provisional_without_entry_acceleration,2017-03,117131,0.14737498234129084,96153,0.14279540539626975,0.1454640615563146
provisional_without_entry_acceleration,2017-04,148123,0.1487788852669627,121788,0.14516660741358658,0.14660659289062322
provisional_without_entry_acceleration,2017-05,168769,0.14341338387023764,138400,0.13915802988155054,0.1414714100110548
provisional_without_entry_acceleration,2017-06,143535,0.14314314843320328,115773,0.1396358086546079,0.14381991804577768
provisional_without_entry_acceleration,2017-07,130033,0.1436528592789991,104188,0.13997645973169337,0.1447036230325956
provisional_without_entry_acceleration,2017-08,171045,0.14233247077900016,139774,0.1382978792784651,0.14385007764281413
provisional_without_entry_acceleration,2017-09,166013,0.13939414138581682,138049,0.13599420178841534,0.14127705307757643
provisional_without_entry_acceleration,2017-10,114268,0.14185346865105253,93445,0.1376188375108657,0.1430673773604005
provisional_without_entry_acceleration,2017-11,124767,0.14048808071158692,101873,0.13653859450819425,0.1397531099635756
provisional_without_entry_acceleration,2017-12,152995,0.14594246439556388,126971,0.14254083789310845,0.14593946554204865
provisional_without_entry_acceleration,2018-01,158039,0.14715508754586182,128128,0.1436176744800043,0.14795017354637724
provisional_without_entry_acceleration,2018-02,159448,0.1434661521955157,130833,0.14050484379033493,0.14516506605768278
provisional_without_entry_acceleration,2018-03,140200,0.1444079316702133,113958,0.13982743348624355,0.1438710706118439
provisional_without_entry_acceleration,2018-04,136794,0.14618076442092112,114566,0.14302788038022146,0.14638299361794493
provisional_without_entry_acceleration,2018-05,175647,0.1444863266252965,142890,0.14052454430007574,0.14478892880618174
provisional_without_entry_acceleration,2018-06,155857,0.14245743200522346,124913,0.13893051117263389,0.14461917809477368
provisional_without_entry_acceleration,2018-07,127445,0.14612447560672517,101253,0.1429447154739002,0.14776779749934635
provisional_without_entry_acceleration,2018-08,183183,0.1415608914502795,151293,0.1379299813660312,0.14505380291679337
provisional_without_entry_acceleration,2018-09,163513,0.14033364488656802,134001,0.13672177749172854,0.1438768147320056
provisional_without_entry_acceleration,2018-10,99339,0.14180679928215428,81172,0.1380338857703783,0.14439505080350473
provisional_without_entry_acceleration,2018-11,132573,0.14125946612611603,110473,0.1383767912503042,0.1435403399992663
provisional_without_entry_acceleration,2018-12,160329,0.14630866679422372,132013,0.14285539943167613,0.1486459346962695
provisional_without_entry_acceleration,2019-01,151587,0.1454939790421333,123867,0.14234940161233828,0.14846589402257646
provisional_without_entry_acceleration,2019-02,166560,0.1434394067314409,136179,0.1401314313289774,0.14674861876527814
provisional_without_entry_acceleration,2019-03,123549,0.1430765364851108,102775,0.13968180390337057,0.1457772082195778
provisional_without_entry_acceleration,2019-04,147548,0.14555690506969776,122103,0.14226166853888295,0.14767940148047384
provisional_without_entry_acceleration,2019-05,203830,0.14267790105914013,167801,0.13937935404401675,0.14549958711491992
provisional_without_entry_acceleration,2019-06,131996,0.14488911332850224,105832,0.1415915091572203,0.1477431887930657
provisional_without_entry_acceleration,2019-07,150657,0.14407875454059965,122965,0.14084840634105267,0.14871307352825164
provisional_without_entry_acceleration,2019-08,184892,0.14089172733715918,153532,0.13784999112339083,0.1466920341447409
provisional_without_entry_acceleration,2019-09,174646,0.14115362874149676,145075,0.13840387147756741,0.14783924411519628
provisional_without_entry_acceleration,2019-10,105337,0.14211275120142317,86984,0.13913594232621387,0.1487107912354122
provisional_without_entry_acceleration,2019-11,136652,0.1430900104827261,112749,0.1398175871142653,0.14706445098924276
provisional_without_entry_acceleration,2019-12,163304,0.14481495562787405,135706,0.14187270881199357,0.1477000164205632
provisional_without_entry_acceleration,2020-01,154730,0.1453634224998998,127518,0.14272153444971614,0.15014015496170627
provisional_without_entry_acceleration,2020-02,166424,0.14279024407896576,138404,0.14033458344123081,0.14813930255937824
provisional_without_entry_acceleration,2020-03,134659,0.1453950909998762,113746,0.14203695653303178,0.14837624462817883
provisional_without_entry_acceleration,2020-04,98206,0.14525623079506667,84539,0.14311644258530504,0.14827489869085791
provisional_without_entry_acceleration,2020-05,6318,0.1550088387927287,5203,0.15090468957638153,0.1550410720513652
provisional_without_entry_acceleration,2020-06,1983,0.14563834959264654,1604,0.14581773589956332,0.14456280345942843
provisional_without_entry_acceleration,2020-07,10453,0.13198530985745965,9776,0.1313353062115333,0.1370723543159292
provisional_without_entry_acceleration,2020-08,17416,0.13557221675498746,14879,0.1332737627317279,0.14461018568376216
provisional_without_entry_acceleration,2020-09,35859,0.14029371732599458,31616,0.13886612536459453,0.14855440760545635
provisional_without_entry_acceleration,2020-10,35958,0.13949519155791865,31602,0.13697064239834666,0.14576140867445989
provisional_without_entry_acceleration,2020-11,38815,0.13940151024733327,34066,0.13765383272740628,0.14359375483932493
provisional_without_entry_acceleration,2020-12,20568,0.14510435940754407,16928,0.14246634327907054,0.151251817381171
provisional_without_entry_acceleration,2021-01,24591,0.14784696710441364,20345,0.14585365465144925,0.15407100493093484
provisional_without_entry_acceleration,2021-02,19935,0.1486736620776589,15945,0.14351365702046198,0.1548057050279339
provisional_without_entry_acceleration,2021-03,14473,0.14533635061505673,11227,0.14286118279863835,0.15813373659938568
provisional_without_entry_acceleration,2021-04,31608,0.14601110290120928,25655,0.14255746847203302,0.15485994249315774
provisional_without_entry_acceleration,2021-05,42571,0.14847880144807743,32833,0.14387309335530432,0.1572828194095197
provisional_without_entry_acceleration,2021-06,32623,0.14686447892619944,26524,0.14333042932496265,0.15361593144860108
provisional_without_entry_acceleration,2021-07,67486,0.14743055095503624,52070,0.14361219758670377,0.15534107897680646
provisional_without_entry_acceleration,2021-08,85151,0.14257024862663645,70202,0.13841156884914294,0.15329495645721306
provisional_without_entry_acceleration,2021-09,107478,0.14423455666399104,87526,0.1396958347721575,0.15486003762158035
provisional_without_entry_acceleration,2021-10,72035,0.14257211847868345,58242,0.13717658916945916,0.14973921777886925
provisional_without_entry_acceleration,2021-11,88431,0.14282053342938048,73424,0.13789277686885165,0.1484686863486792
provisional_without_entry_acceleration,2021-12,120499,0.147969854136297,95357,0.14340591605627173,0.1564535839666976
provisional_without_entry_acceleration,2022-01,106332,0.15066117458509518,81324,0.14620955365852925,0.1594703565523222
provisional_without_entry_acceleration,2022-02,84471,0.14639009563190905,66176,0.14096654024665908,0.15475191427107401
provisional_without_entry_acceleration,2022-03,79374,0.14508219693921498,64167,0.13994317601101916,0.15226536773714602
provisional_without_entry_acceleration,2022-04,129046,0.1452691274017032,103775,0.14094738860462652,0.15363782815108565
provisional_without_entry_acceleration,2022-05,151542,0.14670657621509134,120708,0.1415591195370725,0.15458422070004835
provisional_without_entry_acceleration,2022-06,121892,0.14373054702885116,96978,0.13953688574326686,0.1538702364839426
provisional_without_entry_acceleration,2022-07,123467,0.14502338441166973,97255,0.14020259679810895,0.15439572665176224
provisional_without_entry_acceleration,2022-08,147775,0.14413064776378393,118956,0.13933613605403952,0.1566583743112495
provisional_without_entry_acceleration,2022-09,166586,0.14189079487084288,135348,0.13777431752384192,0.15403433891707607
provisional_without_entry_acceleration,2022-10,112576,0.14506870050845957,91113,0.14040123448452124,0.15612180778860027
provisional_without_entry_acceleration,2022-11,121255,0.14337563805442774,95722,0.13815719501085175,0.15054956403779413
provisional_without_entry_acceleration,2022-12,155614,0.14593000390423547,125814,0.1415024827939742,0.1552064950378177
provisional_without_entry_acceleration,2023-01,117006,0.14696689996096815,93656,0.14266283041307476,0.1555209729020314
provisional_without_entry_acceleration,2023-02,158635,0.14494004869301672,125878,0.14044106004149762,0.1541977404775415
provisional_without_entry_acceleration,2023-03,148995,0.14686980457802104,118611,0.14222269468802348,0.15346944489148756
provisional_without_entry_acceleration,2023-04,134395,0.1456271619583955,109286,0.1416408800297707,0.15364614231316087
provisional_without_entry_acceleration,2023-05,161031,0.1424092744230517,125552,0.13813869102453782,0.15124570422864655
provisional_without_entry_acceleration,2023-06,154070,0.14337131891054938,120933,0.13993978574595298,0.15205762795967753
provisional_without_entry_acceleration,2023-07,134541,0.14415663771854223,104978,0.13971273664773348,0.15421571596188255
provisional_without_entry_acceleration,2023-08,174520,0.14430781833884768,140987,0.14018037629283936,0.15663805054240293
provisional_without_entry_acceleration,2023-09,181717,0.14261921899721844,144747,0.13796478624546568,0.15312476630520452
provisional_without_entry_acceleration,2023-10,109233,0.14199777144556525,89765,0.1380919154067231,0.15245830891061207
provisional_without_entry_acceleration,2023-11,155183,0.14158566293034414,123446,0.13656986869605106,0.14857358303711993
provisional_without_entry_acceleration,2023-12,157723,0.1457385971959493,129553,0.1417261756863467,0.15461103282679903
provisional_without_entry_acceleration,2024-01,136753,0.14657411395596232,107620,0.14150220075666986,0.15515565682445132
provisional_without_entry_acceleration,2024-02,188591,0.14565469713523094,148100,0.14134877046292185,0.15458904603311982
provisional_without_entry_acceleration,2024-03,158871,0.14712114380196417,125251,0.14226732588592844,0.1536947440799163
provisional_without_entry_acceleration,2024-04,153312,0.14707205676512816,126462,0.14249512076006074,0.14904309409256347
provisional_without_entry_acceleration,2024-05,184379,0.14306557390677485,148516,0.13854601515600215,0.1440756316314139
provisional_without_entry_acceleration,2024-06,166980,0.14185006469170192,128797,0.1366797829002473,0.14346134520623752
provisional_without_entry_acceleration,2024-07,124316,0.14179591954243556,97658,0.1369999169237785,0.14459813674808647
provisional_without_entry_acceleration,2024-08,204608,0.14167721750633405,165841,0.1366456747795001,0.14595087092256542
provisional_without_entry_acceleration,2024-09,170646,0.14116975917165794,137992,0.13621986076313064,0.14490793270601346
provisional_without_entry_acceleration,2024-10,127181,0.14292165667560247,103637,0.1380271944566674,0.14513949766479062
provisional_without_entry_acceleration,2024-11,150324,0.1423971099418531,122605,0.13769292063581803,0.14348358933736863
provisional_without_entry_acceleration,2024-12,178838,0.14504583277639066,146431,0.14057270329974111,0.14670192491710318
provisional_without_entry_acceleration,2025-01,164555,0.14637485998423197,132507,0.14242030631935812,0.1500422774990157
provisional_without_entry_acceleration,2025-02,201036,0.14593916433465265,158773,0.14117265484398728,0.14842691902018532
provisional_without_entry_acceleration,2025-03,168718,0.14487390981192025,137738,0.14052173371790636,0.14668756884309575
provisional_without_entry_acceleration,2025-04,174938,0.14517463407914685,144880,0.1407130763162595,0.14755620165780653
provisional_without_entry_acceleration,2025-05,198582,0.14262233930326193,161724,0.13757234064573945,0.14424900164020438
provisional_without_entry_acceleration,2025-06,178781,0.14307828056489796,138929,0.138054572993818,0.14518967706496425
provisional_without_entry_acceleration,2025-07,163965,0.14262745656055875,131684,0.1375924101474808,0.14404662662381607
provisional_without_entry_acceleration,2025-08,206483,0.1431605125155001,169796,0.1382250565697442,0.14615148256468435
provisional_without_entry_acceleration,2025-09,198411,0.14239294588689017,162815,0.13770192518123267,0.1456144322313506
provisional_without_entry_acceleration,2025-10,147779,0.14137138065716262,123999,0.13641552612295155,0.14357558504245022
provisional_without_entry_acceleration,2025-11,165904,0.1420308986711164,137859,0.13717914390980376,0.14412473099827613
provisional_without_entry_acceleration,2025-12,192614,0.14353596752875686,161785,0.13937860927350496,0.14623287424657014
provisional_exactly_9_games,2008-04,180982,0.1759656320655941,144265,0.1718959507829714,0.13764081149142152
provisional_exactly_9_games,2008-05,0,,0,,
provisional_exactly_9_games,2008-06,0,,0,,
provisional_exactly_9_games,2008-07,236675,0.16343723421551176,187852,0.15823634785487647,0.13679543234739883
provisional_exactly_9_games,2008-08,0,,0,,
provisional_exactly_9_games,2008-09,0,,0,,
provisional_exactly_9_games,2008-10,243167,0.1589407636420512,187997,0.15208154457032785,0.13360164260122337
provisional_exactly_9_games,2008-11,0,,0,,
provisional_exactly_9_games,2008-12,0,,0,,
provisional_exactly_9_games,2009-01,167185,0.15626848477961228,129736,0.1493362237673821,0.13549237721585075
provisional_exactly_9_games,2009-02,0,,0,,
provisional_exactly_9_games,2009-03,0,,0,,
provisional_exactly_9_games,2009-04,185579,0.15358348617444573,144117,0.14692221209078943,0.1362235904853938
provisional_exactly_9_games,2009-05,0,,0,,
provisional_exactly_9_games,2009-06,0,,0,,
provisional_exactly_9_games,2009-07,276319,0.1520755964940847,213427,0.14566896227992612,0.13672714563217941
provisional_exactly_9_games,2009-08,0,,0,,
provisional_exactly_9_games,2009-09,203525,0.14947508418494954,156525,0.14295329845896584,0.1358919539142354
provisional_exactly_9_games,2009-10,0,,0,,
provisional_exactly_9_games,2009-11,124272,0.14446686481955914,97975,0.13933470868252876,0.1332768421482737
provisional_exactly_9_games,2009-12,0,,0,,
provisional_exactly_9_games,2010-01,129027,0.1513765275455947,98157,0.14491590077884167,0.13953411914446878
provisional_exactly_9_games,2010-02,0,,0,,
provisional_exactly_9_games,2010-03,120543,0.1488803045717524,93770,0.1430894262855221,0.13844180215781
provisional_exactly_9_games,2010-04,0,,0,,
provisional_exactly_9_games,2010-05,199670,0.14903045387374536,158485,0.14403510718506785,0.13968666619760683
provisional_exactly_9_games,2010-06,0,,0,,
provisional_exactly_9_games,2010-07,159042,0.14864945593969392,124520,0.14277658890004585,0.1392908571539941
provisional_exactly_9_games,2010-08,0,,0,,
provisional_exactly_9_games,2010-09,195050,0.14685119583159698,147890,0.1385935246986068,0.13571324516676864
provisional_exactly_9_games,2010-10,0,,0,,
provisional_exactly_9_games,2010-11,140448,0.144353669713681,109782,0.1374829837818887,0.1347141978585435
provisional_exactly_9_games,2010-12,0,,0,,
provisional_exactly_9_games,2011-01,145193,0.14929855234230083,109700,0.14159225659495103,0.13972153095692524
provisional_exactly_9_games,2011-02,0,,0,,
provisional_exactly_9_games,2011-03,132088,0.14826398372921779,99511,0.14058916040490863,0.13901446406464418
provisional_exactly_9_games,2011-04,0,,0,,
provisional_exactly_9_games,2011-05,223039,0.14868184504291196,178791,0.14372262939129765,0.14128042527243903
provisional_exactly_9_games,2011-06,0,,0,,
provisional_exactly_9_games,2011-07,176771,0.14738925284086216,132854,0.1402674789632764,0.13871616654654184
provisional_exactly_9_games,2011-08,0,,0,,
provisional_exactly_9_games,2011-09,224484,0.14430093869452648,172951,0.13640435391094957,0.1363402433763059
provisional_exactly_9_games,2011-10,0,,0,,
provisional_exactly_9_games,2011-11,161794,0.14654642273756563,123278,0.13804528680818876,0.13767324972062722
provisional_exactly_9_games,2011-12,0,,0,,
provisional_exactly_9_games,2012-01,164518,0.15000793806554805,122749,0.14220068550641846,0.14188899280634668
provisional_exactly_9_games,2012-02,0,,0,,
provisional_exactly_9_games,2012-03,140138,0.1462629225650463,105841,0.13853931967931615,0.13903934561748874
provisional_exactly_9_games,2012-04,0,,0,,
provisional_exactly_9_games,2012-05,259245,0.14825971819992273,200618,0.14153081416390392,0.14118119535100415
provisional_exactly_9_games,2012-06,0,,0,,
provisional_exactly_9_games,2012-07,196973,0.14558676644566856,150058,0.13873352598821678,0.1391799920494064
provisional_exactly_9_games,2012-08,102757,0.14422000814545302,80200,0.13678445134331915,0.13820478774648162
provisional_exactly_9_games,2012-09,130159,0.14425307328803932,102300,0.13796788101018914,0.13901320342270362
provisional_exactly_9_games,2012-10,77341,0.14227178386756886,61915,0.13645798057732092,0.13801826261835118
provisional_exactly_9_games,2012-11,77002,0.14507490769523756,59606,0.13779695156762364,0.1349325056168898
provisional_exactly_9_games,2012-12,86451,0.14648022754049597,65482,0.13941340427918925,0.1397145225049369
provisional_exactly_9_games,2013-01,80760,0.14788063707110446,63960,0.14159776820322978,0.14187160749925978
provisional_exactly_9_games,2013-02,93367,0.14735896931174083,71354,0.13996616406525156,0.14106790244226441
provisional_exactly_9_games,2013-03,79090,0.15236411652223245,57496,0.14455538930783174,0.14463920306920244
provisional_exactly_9_games,2013-04,114967,0.14933858436152064,88831,0.14299492206314474,0.14274204141553173
provisional_exactly_9_games,2013-05,142160,0.14773006061007093,111877,0.14251475341468603,0.14275613557467082
provisional_exactly_9_games,2013-06,135294,0.14662141410358448,103699,0.14007491538678735,0.14104759241351278
provisional_exactly_9_games,2013-07,81625,0.14376296562379834,62282,0.13781926743136758,0.13854468283755306
provisional_exactly_9_games,2013-08,122736,0.14442919878955296,95291,0.1380025489697145,0.13992060789383104
provisional_exactly_9_games,2013-09,115276,0.140795489165916,92932,0.13645973577932236,0.13816549139479253
provisional_exactly_9_games,2013-10,97687,0.1428894669248449,75665,0.13630772425430843,0.13937549825209636
provisional_exactly_9_games,2013-11,95769,0.14613823598331802,73887,0.13924247749266977,0.1394298478564762
provisional_exactly_9_games,2013-12,84857,0.1447794910953891,65445,0.13779299325589453,0.13880307904996353
provisional_exactly_9_games,2014-01,106181,0.14877334098085002,81289,0.14378960995831594,0.1460064473258296
provisional_exactly_9_games,2014-02,108120,0.1472903972705918,79651,0.1403401893294699,0.1430932326926938
provisional_exactly_9_games,2014-03,80830,0.14763604302739752,60179,0.14218800209103447,0.14316917976868246
provisional_exactly_9_games,2014-04,113306,0.147273205294668,89232,0.1421128131633485,0.1441804468367671
provisional_exactly_9_games,2014-05,162815,0.14600552675701717,126191,0.14152925666762922,0.14265614762268508
provisional_exactly_9_games,2014-06,105949,0.14645318507983293,77629,0.13989163354269954,0.1419576478009314
provisional_exactly_9_games,2014-07,104568,0.14408290225982587,77884,0.13932030404906418,0.1410323395154555
provisional_exactly_9_games,2014-08,124004,0.14327791640565812,95737,0.13875866275312898,0.14282311855056548
provisional_exactly_9_games,2014-09,122451,0.14115770795214322,95259,0.136969616569484,0.13991135775109212
provisional_exactly_9_games,2014-10,100479,0.14038955455805893,76267,0.13592258127979567,0.13806934959809425
provisional_exactly_9_games,2014-11,107622,0.14475204167399183,81645,0.1402994937441777,0.14154703103499125
provisional_exactly_9_games,2014-12,94431,0.14660023031446856,70550,0.1410974760813321,0.1413232080433178
provisional_exactly_9_games,2015-01,119188,0.14643831762618695,89310,0.14154603332652504,0.14301551463703546
provisional_exactly_9_games,2015-02,115470,0.14273921325771274,91069,0.13893210046026971,0.1408391753876161
provisional_exactly_9_games,2015-03,98328,0.14584673694336583,74441,0.1407993854477912,0.14294080489593167
provisional_exactly_9_games,2015-04,120313,0.1444432606597904,96431,0.14028409019882995,0.1411449748553981
provisional_exactly_9_games,2015-05,159203,0.14416516625678813,123999,0.13971741823049424,0.1410949021103982
provisional_exactly_9_games,2015-06,133429,0.14371658923596917,100399,0.13867310143610653,0.1410344339458968
provisional_exactly_9_games,2015-07,106171,0.14318761435670024,81232,0.13844608062357203,0.14068374643292697
provisional_exactly_9_games,2015-08,137771,0.1408305866603627,108745,0.13671571366414523,0.14040461511111746
provisional_exactly_9_games,2015-09,154547,0.13969305821004782,125379,0.13543762316815516,0.1390173806964231
provisional_exactly_9_games,2015-10,103432,0.14226574751652507,81712,0.13723410619931095,0.139442672554209
provisional_exactly_9_games,2015-11,118017,0.14152055277423917,93670,0.13682074394642935,0.13782485450295093
provisional_exactly_9_games,2015-12,120452,0.14517497280267952,96094,0.14075178965160778,0.14334223570105317
provisional_exactly_9_games,2016-01,142820,0.1485649937173246,111822,0.14323853799310626,0.14617404210702173
provisional_exactly_9_games,2016-02,131816,0.1439735819460577,103358,0.1389800092632523,0.14149156769821652
provisional_exactly_9_games,2016-03,132128,0.14629116225062988,106823,0.14158815662623692,0.14364726774250317
provisional_exactly_9_games,2016-04,155437,0.1458927194722249,124640,0.14201330738861567,0.14377650175885232
provisional_exactly_9_games,2016-05,137093,0.1448302201253408,111315,0.14078629482970698,0.1428058053019569
provisional_exactly_9_games,2016-06,142698,0.1444018116283482,110644,0.138593895257735,0.14126813853236594
provisional_exactly_9_games,2016-07,109570,0.145136351659106,87396,0.14029106847595482,0.14293209434493165
provisional_exactly_9_games,2016-08,156349,0.14265709224766748,125466,0.1377230102050485,0.14106828550107872
provisional_exactly_9_games,2016-09,170541,0.14036812828647105,141565,0.13647810165236718,0.14154906017596586
provisional_exactly_9_games,2016-10,102692,0.14326462954117974,81888,0.1379883630401809,0.14190715383649383
provisional_exactly_9_games,2016-11,130785,0.14296152169653278,106284,0.1378629534663639,0.14085633062498779
provisional_exactly_9_games,2016-12,141489,0.1449747464511439,116345,0.14146759542367865,0.1436400786611406
provisional_exactly_9_games,2017-01,155897,0.14838891191465609,123531,0.14318183644417135,0.14670666475019908
provisional_exactly_9_games,2017-02,150759,0.14315393312737232,121558,0.13852161852985684,0.14262319169159204
provisional_exactly_9_games,2017-03,117131,0.14717334922681088,96153,0.14221666743331157,0.1454640615563146
provisional_exactly_9_games,2017-04,148123,0.14851097021506526,121788,0.14453148480219816,0.14660659289062322
provisional_exactly_9_games,2017-05,168769,0.14324832002605029,138400,0.13847859187266756,0.1414714100110548
provisional_exactly_9_games,2017-06,143535,0.14312398492471762,115773,0.13924924119091361,0.14381991804577768
provisional_exactly_9_games,2017-07,130033,0.14372723589937283,104188,0.13958590794050885,0.1447036230325956
provisional_exactly_9_games,2017-08,171045,0.1423770143743818,139774,0.13786433025924724,0.14385007764281413
provisional_exactly_9_games,2017-09,166013,0.13919474573089474,138049,0.13549429819644934,0.14127705307757643
provisional_exactly_9_games,2017-10,114268,0.1417510224591256,93445,0.13712895088590427,0.1430673773604005
provisional_exactly_9_games,2017-11,124767,0.14011114713723646,101873,0.13599299680940913,0.1397531099635756
provisional_exactly_9_games,2017-12,152995,0.145784398932576,126971,0.1421022635680541,0.14593946554204865
provisional_exactly_9_games,2018-01,158039,0.1469963716380079,128128,0.14316506252770583,0.14795017354637724
provisional_exactly_9_games,2018-02,159448,0.14332691438989845,130833,0.14011010315042605,0.14516506605768278
provisional_exactly_9_games,2018-03,140200,0.14438314109224606,113958,0.13938700588780675,0.1438710706118439
provisional_exactly_9_games,2018-04,136794,0.1459453866058597,114566,0.14258874762376939,0.14638299361794493
provisional_exactly_9_games,2018-05,175647,0.14438600221196696,142890,0.1400523033118052,0.14478892880618174
provisional_exactly_9_games,2018-06,155857,0.14250183412660855,124913,0.13858613082381233,0.14461917809477368
provisional_exactly_9_games,2018-07,127445,0.14608671345984525,101253,0.142565152611484,0.14776779749934635
provisional_exactly_9_games,2018-08,183183,0.14154000467997485,151293,0.13752478814247118,0.14505380291679337
provisional_exactly_9_games,2018-09,163513,0.1402391224752049,134001,0.1363116188896261,0.1438768147320056
provisional_exactly_9_games,2018-10,99339,0.14171804524293616,81172,0.1376811046702639,0.14439505080350473
provisional_exactly_9_games,2018-11,132573,0.14109733192590979,110473,0.13801650600011414,0.1435403399992663
provisional_exactly_9_games,2018-12,160329,0.14612589425430245,132013,0.14245854782943865,0.1486459346962695
provisional_exactly_9_games,2019-01,151587,0.14531821306171844,123867,0.14192301460059964,0.14846589402257646
provisional_exactly_9_games,2019-02,166560,0.14329692463184024,136179,0.13975606099694246,0.14674861876527814
provisional_exactly_9_games,2019-03,123549,0.14289803061448045,102775,0.1393373975053276,0.1457772082195778
provisional_exactly_9_games,2019-04,147548,0.1455032981555622,122103,0.1418795743460621,0.14767940148047384
provisional_exactly_9_games,2019-05,203830,0.14257316879923373,167801,0.1389911458365016,0.14549958711491992
provisional_exactly_9_games,2019-06,131996,0.14496482487539947,105832,0.14133795873780025,0.1477431887930657
provisional_exactly_9_games,2019-07,150657,0.1440767295508155,122965,0.14057896765502104,0.14871307352825164
provisional_exactly_9_games,2019-08,184892,0.14084145516805546,153532,0.13751034590075337,0.1466920341447409
provisional_exactly_9_games,2019-09,174646,0.14098268622347693,145075,0.13807497079571562,0.14783924411519628
provisional_exactly_9_games,2019-10,105337,0.1419657156950307,86984,0.1389300332591152,0.1487107912354122
provisional_exactly_9_games,2019-11,136652,0.14293786520066692,112749,0.13949286152697538,0.14706445098924276
provisional_exactly_9_games,2019-12,163304,0.14461433502820015,135706,0.14154314520626396,0.1477000164205632
provisional_exactly_9_games,2020-01,154730,0.14515322281546064,127518,0.14236307138149668,0.15014015496170627
provisional_exactly_9_games,2020-02,166424,0.14261074862941206,138404,0.1400511756139911,0.14813930255937824
provisional_exactly_9_games,2020-03,134659,0.14533751746666754,113746,0.14177536845167368,0.14837624462817883
provisional_exactly_9_games,2020-04,98206,0.1449785850568441,84539,0.142678827032478,0.14827489869085791
provisional_exactly_9_games,2020-05,6318,0.15441979023073657,5203,0.15022651319057895,0.1550410720513652
provisional_exactly_9_games,2020-06,1983,0.14525327252059358,1604,0.1450995915276041,0.14456280345942843
provisional_exactly_9_games,2020-07,10453,0.13172422753767818,9776,0.13106197600689581,0.1370723543159292
provisional_exactly_9_games,2020-08,17416,0.13570492399203735,14879,0.1331229085892493,0.14461018568376216
provisional_exactly_9_games,2020-09,35859,0.14055161966946772,31616,0.13875547783188533,0.14855440760545635
provisional_exactly_9_games,2020-10,35958,0.13947536349846215,31602,0.13674738725273491,0.14576140867445989
provisional_exactly_9_games,2020-11,38815,0.1391636887824847,34066,0.13727709733740542,0.14359375483932493
provisional_exactly_9_games,2020-12,20568,0.14512783645287516,16928,0.14224206728453734,0.151251817381171
provisional_exactly_9_games,2021-01,24591,0.14754868627059503,20345,0.14545939244611186,0.15407100493093484
provisional_exactly_9_games,2021-02,19935,0.14868672804813368,15945,0.14341322235309176,0.1548057050279339
provisional_exactly_9_games,2021-03,14473,0.14584148044388195,11227,0.14287770737924657,0.15813373659938568
provisional_exactly_9_games,2021-04,31608,0.1461799351920011,25655,0.14251553474490275,0.15485994249315774
provisional_exactly_9_games,2021-05,42571,0.14905578934842376,32833,0.14400318370801532,0.1572828194095197
provisional_exactly_9_games,2021-06,32623,0.14703399247225202,26524,0.14308768266258315,0.15361593144860108
provisional_exactly_9_games,2021-07,67486,0.14771435079644324,52070,0.14356154735360696,0.15534107897680646
provisional_exactly_9_games,2021-08,85151,0.1426494245885412,70202,0.13828418596618788,0.15329495645721306
provisional_exactly_9_games,2021-09,107478,0.14425772340980647,87526,0.13966407886282484,0.15486003762158035
provisional_exactly_9_games,2021-10,72035,0.14271452707614654,58242,0.1370580083095198,0.14973921777886925
provisional_exactly_9_games,2021-11,88431,0.1427824256445318,73424,0.13771662796543496,0.1484686863486792
provisional_exactly_9_games,2021-12,120499,0.1480775481442405,95357,0.14328604022863264,0.1564535839666976
provisional_exactly_9_games,2022-01,106332,0.15069684855361656,81324,0.14604108234531776,0.1594703565523222
provisional_exactly_9_games,2022-02,84471,0.14637589357490643,66176,0.14088599716361896,0.15475191427107401
provisional_exactly_9_games,2022-03,79374,0.14499549871479783,64167,0.13971468472529905,0.15226536773714602
provisional_exactly_9_games,2022-04,129046,0.14535444329477265,103775,0.14083867547060702,0.15363782815108565
provisional_exactly_9_games,2022-05,151542,0.14679996283697808,120708,0.14135780713219345,0.15458422070004835
provisional_exactly_9_games,2022-06,121892,0.14395330361167735,96978,0.1394672142303755,0.1538702364839426
provisional_exactly_9_games,2022-07,123467,0.14507944813536983,97255,0.14004722502028014,0.15439572665176224
provisional_exactly_9_games,2022-08,147775,0.14424373903950158,118956,0.13922117115210755,0.1566583743112495
provisional_exactly_9_games,2022-09,166586,0.14197884914983186,135348,0.13776754175699737,0.15403433891707607
provisional_exactly_9_games,2022-10,112576,0.14515805903243928,91113,0.14029637941110945,0.15612180778860027
provisional_exactly_9_games,2022-11,121255,0.14334253987408366,95722,0.13791036028442333,0.15054956403779413
provisional_exactly_9_games,2022-12,155614,0.14588335971130764,125814,0.14136197479062731,0.1552064950378177
provisional_exactly_9_games,2023-01,117006,0.14704928872186168,93656,0.1425247738273523,0.1555209729020314
provisional_exactly_9_games,2023-02,158635,0.1449414890211159,125878,0.14026760625609277,0.1541977404775415
provisional_exactly_9_games,2023-03,148995,0.14682960968528924,118611,0.14194655379071588,0.15346944489148756
provisional_exactly_9_games,2023-04,134395,0.14564682082952202,109286,0.14146393793274198,0.15364614231316087
provisional_exactly_9_games,2023-05,161031,0.1425907171564675,125552,0.13800259712026547,0.15124570422864655
provisional_exactly_9_games,2023-06,154070,0.14349844529134803,120933,0.13985191440355937,0.15205762795967753
provisional_exactly_9_games,2023-07,134541,0.14426215549966798,104978,0.1395895962820336,0.15421571596188255
provisional_exactly_9_games,2023-08,174520,0.14439094369644961,140987,0.14003343006606853,0.15663805054240293
provisional_exactly_9_games,2023-09,181717,0.14271194065991882,144747,0.13791801663524464,0.15312476630520452
provisional_exactly_9_games,2023-10,109233,0.14204101295747382,89765,0.13790875840037747,0.15245830891061207
provisional_exactly_9_games,2023-11,155183,0.14155193223124937,123446,0.1363705456184934,0.14857358303711993
provisional_exactly_9_games,2023-12,157723,0.14566587507296908,129553,0.1414930208802549,0.15461103282679903
provisional_exactly_9_games,2024-01,136753,0.14652317508205084,107620,0.14133256917524242,0.15515565682445132
provisional_exactly_9_games,2024-02,188591,0.14566211372460655,148100,0.14121018638723287,0.15458904603311982
provisional_exactly_9_games,2024-03,158871,0.14709060792750772,125251,0.14200051573310243,0.1536947440799163
provisional_exactly_9_games,2024-04,153312,0.1469516148864212,126462,0.14220640466006343,0.14904309409256347
provisional_exactly_9_games,2024-05,184379,0.1430947334891042,148516,0.13832875930460006,0.1440756316314139
provisional_exactly_9_games,2024-06,166980,0.14198302118390854,128797,0.13659375252489053,0.14346134520623752
provisional_exactly_9_games,2024-07,124316,0.14191215071550445,97658,0.1369675662333483,0.14459813674808647
provisional_exactly_9_games,2024-08,204608,0.1417945369372045,165841,0.1365930916253983,0.14595087092256542
provisional_exactly_9_games,2024-09,170646,0.14129766715538125,137992,0.1362233931916149,0.14490793270601346
provisional_exactly_9_games,2024-10,127181,0.14276723264638536,103637,0.1377307607549745,0.14513949766479062
provisional_exactly_9_games,2024-11,150324,0.14212368207690088,122605,0.13728193648277462,0.14348358933736863
provisional_exactly_9_games,2024-12,178838,0.14478782465632928,146431,0.14013324386429676,0.14670192491710318
provisional_exactly_9_games,2025-01,164555,0.14629961486934107,132507,0.14220327435510569,0.1500422774990157
provisional_exactly_9_games,2025-02,201036,0.14600899609518847,158773,0.14105234910526174,0.14842691902018532
provisional_exactly_9_games,2025-03,168718,0.14480571093074088,137738,0.14028326016206685,0.14668756884309575
provisional_exactly_9_games,2025-04,174938,0.14512139794947088,144880,0.1405721532154822,0.14755620165780653
provisional_exactly_9_games,2025-05,198582,0.1426701771903038,161724,0.13745375142871905,0.14424900164020438
provisional_exactly_9_games,2025-06,178781,0.14317364035342417,138929,0.13797607885792146,0.14518967706496425
provisional_exactly_9_games,2025-07,163965,0.1425855011966849,131684,0.13739867129712036,0.14404662662381607
provisional_exactly_9_games,2025-08,206483,0.14324752292616388,169796,0.1381753117760403,0.14615148256468435
provisional_exactly_9_games,2025-09,198411,0.14244766963673042,162815,0.13764060648808374,0.1456144322313506
provisional_exactly_9_games,2025-10,147779,0.1414552854152393,123999,0.13636626100764385,0.14357558504245022
provisional_exactly_9_games,2025-11,165904,0.14201578132292736,137859,0.13706090191484863,0.14412473099827613
provisional_exactly_9_games,2025-12,192614,0.14357428269182518,161785,0.13928870034271357,0.14623287424657014
provisional_without_pool,2008-04,180982,0.17708740592159336,144265,0.17324290101806608,0.13764081149142152
provisional_without_pool,2008-05,0,,0,,
provisional_without_pool,2008-06,0,,0,,
provisional_without_pool,2008-07,236675,0.16495127308111504,187852,0.1597112553872072,0.13679543234739883
provisional_without_pool,2008-08,0,,0,,
provisional_without_pool,2008-09,0,,0,,
provisional_without_pool,2008-10,243167,0.16033533596504254,187997,0.1532858672794434,0.13360164260122337
provisional_without_pool,2008-11,0,,0,,
provisional_without_pool,2008-12,0,,0,,
provisional_without_pool,2009-01,167185,0.15750010188356678,129736,0.150089155361789,0.13549237721585075
provisional_without_pool,2009-02,0,,0,,
provisional_without_pool,2009-03,0,,0,,
provisional_without_pool,2009-04,185579,0.15397825931376155,144117,0.14675894500552392,0.1362235904853938
provisional_without_pool,2009-05,0,,0,,
provisional_without_pool,2009-06,0,,0,,
provisional_without_pool,2009-07,276319,0.15248347718510855,213427,0.14562446276107915,0.13672714563217941
provisional_without_pool,2009-08,0,,0,,
provisional_without_pool,2009-09,203525,0.14912298559812,156525,0.14185131209676896,0.1358919539142354
provisional_without_pool,2009-10,0,,0,,
provisional_without_pool,2009-11,124272,0.14408928242942956,97975,0.13830252147353253,0.1332768421482737
provisional_without_pool,2009-12,0,,0,,
provisional_without_pool,2010-01,129027,0.15132997440048762,98157,0.14412976062119792,0.13953411914446878
provisional_without_pool,2010-02,0,,0,,
provisional_without_pool,2010-03,120543,0.1485754475564704,93770,0.14192124738118125,0.13844180215781
provisional_without_pool,2010-04,0,,0,,
provisional_without_pool,2010-05,199670,0.14918048511371423,158485,0.14346798178892223,0.13968666619760683
provisional_without_pool,2010-06,0,,0,,
provisional_without_pool,2010-07,159042,0.14820378926304023,124520,0.14133812752165167,0.1392908571539941
provisional_without_pool,2010-08,0,,0,,
provisional_without_pool,2010-09,195050,0.1462754064198009,147890,0.13681892669060622,0.13571324516676864
provisional_without_pool,2010-10,0,,0,,
provisional_without_pool,2010-11,140448,0.1438222594818193,109782,0.13591172237768762,0.1347141978585435
provisional_without_pool,2010-12,0,,0,,
provisional_without_pool,2011-01,145193,0.14965056716674105,109700,0.14081277331032888,0.13972153095692524
provisional_without_pool,2011-02,0,,0,,
provisional_without_pool,2011-03,132088,0.1476687391962262,99511,0.13833900781315894,0.13901446406464418
provisional_without_pool,2011-04,0,,0,,
provisional_without_pool,2011-05,223039,0.1485578471331986,178791,0.14250102235671616,0.14128042527243903
provisional_without_pool,2011-06,0,,0,,
provisional_without_pool,2011-07,176771,0.14729197186682724,132854,0.13885122564355265,0.13871616654654184
provisional_without_pool,2011-08,0,,0,,
provisional_without_pool,2011-09,224484,0.14408061974828734,172951,0.1346456924427389,0.1363402433763059
provisional_without_pool,2011-10,0,,0,,
provisional_without_pool,2011-11,161794,0.14649732068767454,123278,0.1360201974770978,0.13767324972062722
provisional_without_pool,2011-12,0,,0,,
provisional_without_pool,2012-01,164518,0.15122490466501676,122749,0.14089764947960826,0.14188899280634668
provisional_without_pool,2012-02,0,,0,,
provisional_without_pool,2012-03,140138,0.14678539266784119,105841,0.13636993356004312,0.13903934561748874
provisional_without_pool,2012-04,0,,0,,
provisional_without_pool,2012-05,259245,0.14942593539009433,200618,0.1402559295524358,0.14118119535100415
provisional_without_pool,2012-06,0,,0,,
provisional_without_pool,2012-07,196973,0.14702783677877787,150058,0.13762136744466397,0.1391799920494064
provisional_without_pool,2012-08,102757,0.14545843198916175,80200,0.1354538960094088,0.13820478774648162
provisional_without_pool,2012-09,130159,0.1452805330270478,102300,0.13651889983251275,0.13901320342270362
provisional_without_pool,2012-10,77341,0.14317905477194168,61915,0.13480329228298354,0.13801826261835118
provisional_without_pool,2012-11,77002,0.14442167159133953,59606,0.1346725378396425,0.1349325056168898
provisional_without_pool,2012-12,86451,0.14824360304543455,65482,0.13772545476546322,0.1397145225049369
provisional_without_pool,2013-01,80760,0.14926740933249483,63960,0.13995772415936614,0.14187160749925978
provisional_without_pool,2013-02,93367,0.14916346175977815,71354,0.1384321993233989,0.14106790244226441
provisional_without_pool,2013-03,79090,0.154988002165187,57496,0.14254909656313114,0.14463920306920244
provisional_without_pool,2013-04,114967,0.15086635350503116,88831,0.14143293515587468,0.14274204141553173
provisional_without_pool,2013-05,142160,0.15006824521310552,111877,0.14160427579358983,0.14275613557467082
provisional_without_pool,2013-06,135294,0.14897936282269225,103699,0.13863766306014613,0.14104759241351278
provisional_without_pool,2013-07,81625,0.14600703726163305,62282,0.13594723609741333,0.13854468283755306
provisional_without_pool,2013-08,122736,0.14676454849025095,95291,0.13627543950105242,0.13992060789383104
provisional_without_pool,2013-09,115276,0.141595572090858,92932,0.1339256672510458,0.13816549139479253
provisional_without_pool,2013-10,97687,0.14618930621713383,75665,0.13439108791842816,0.13937549825209636
provisional_without_pool,2013-11,95769,0.14820511339517592,73887,0.13709474950451175,0.1394298478564762
provisional_without_pool,2013-12,84857,0.14753778240637236,65445,0.13610773703731302,0.13880307904996353
provisional_without_pool,2014-01,106181,0.1522487246168632,81289,0.14280679006246305,0.1460064473258296
provisional_without_pool,2014-02,108120,0.15136606156628038,79651,0.13820146658094257,0.1430932326926938
provisional_without_pool,2014-03,80830,0.15214486493002152,60179,0.14059144188065945,0.14316917976868246
provisional_without_pool,2014-04,113306,0.15122426388675522,89232,0.14087210213453435,0.1441804468367671
provisional_without_pool,2014-05,162815,0.14953259185077458,126191,0.14010282579425862,0.14265614762268508
provisional_without_pool,2014-06,105949,0.1521901656913467,77629,0.13824866928058405,0.1419576478009314
provisional_without_pool,2014-07,104568,0.14979632750251357,77884,0.13769824866141092,0.1410323395154555
provisional_without_pool,2014-08,124004,0.14937971242627665,95737,0.13710297916546005,0.14282311855056548
provisional_without_pool,2014-09,122451,0.14655914959426822,95259,0.13528461133681274,0.13991135775109212
provisional_without_pool,2014-10,100479,0.14751293608188232,76267,0.13403757745536468,0.13806934959809425
provisional_without_pool,2014-11,107622,0.1513555202373927,81645,0.13839689589910045,0.14154703103499125
provisional_without_pool,2014-12,94431,0.15430965140065672,70550,0.13940180341698136,0.1413232080433178
provisional_without_pool,2015-01,119188,0.15434677195814453,89310,0.14023200820671308,0.14301551463703546
provisional_without_pool,2015-02,115470,0.1498977831256447,91069,0.1375898740165575,0.1408391753876161
provisional_without_pool,2015-03,98328,0.1547643436636165,74441,0.13959088088033098,0.14294080489593167
provisional_without_pool,2015-04,120313,0.1509638906988975,96431,0.1395205406107547,0.1411449748553981
provisional_without_pool,2015-05,159203,0.15264412653958218,123999,0.13922055635750805,0.1410949021103982
provisional_without_pool,2015-06,133429,0.15397777865048656,100399,0.13805558596268716,0.1410344339458968
provisional_without_pool,2015-07,106171,0.15366802813623404,81232,0.13796050410991967,0.14068374643292697
provisional_without_pool,2015-08,137771,0.15004552923484693,108745,0.13616543576023296,0.14040461511111746
provisional_without_pool,2015-09,154547,0.14748457601959775,125379,0.13493325438109793,0.1390173806964231
provisional_without_pool,2015-10,103432,0.15146679014684813,81712,0.13651606061939067,0.139442672554209
provisional_without_pool,2015-11,118017,0.15055106233463816,93670,0.13651062135577471,0.13782485450295093
provisional_without_pool,2015-12,120452,0.15534021447180876,96094,0.14103816025948973,0.14334223570105317
provisional_without_pool,2016-01,142820,0.15829388304690567,111822,0.14355724272248793,0.14617404210702173
provisional_without_pool,2016-02,131816,0.15403633994827198,103358,0.13865734337424193,0.14149156769821652
provisional_without_pool,2016-03,132128,0.15501831649985234,106823,0.1416206263558468,0.14364726774250317
provisional_without_pool,2016-04,155437,0.15536813830619944,124640,0.1419428575231711,0.14377650175885232
provisional_without_pool,2016-05,137093,0.15452500074775088,111315,0.14110708310544945,0.1428058053019569
provisional_without_pool,2016-06,142698,0.15566439778441438,110644,0.13881934406052668,0.14126813853236594
provisional_without_pool,2016-07,109570,0.15639139350261866,87396,0.14077422909179524,0.14293209434493165
provisional_without_pool,2016-08,156349,0.15325104660103203,125466,0.13777274672135867,0.14106828550107872
provisional_without_pool,2016-09,170541,0.14951874289322628,141565,0.1366113827979838,0.14154906017596586
provisional_without_pool,2016-10,102692,0.15486082567432147,81888,0.13872044234774156,0.14190715383649383
provisional_without_pool,2016-11,130785,0.15248962718800008,106284,0.13840243912789033,0.14085633062498779
provisional_without_pool,2016-12,141489,0.154761664382526,116345,0.1420727490793536,0.1436400786611406
provisional_without_pool,2017-01,155897,0.15888711195460542,123531,0.14361196275235982,0.14670666475019908
provisional_without_pool,2017-02,150759,0.15334404608682728,121558,0.13894475377607104,0.14262319169159204
provisional_without_pool,2017-03,117131,0.15606719020583223,96153,0.14265505211465934,0.1454640615563146
provisional_without_pool,2017-04,148123,0.15638043457655637,121788,0.14453543789226486,0.14660659289062322
provisional_without_pool,2017-05,168769,0.15309269063845882,138400,0.13939481003908913,0.1414714100110548
provisional_without_pool,2017-06,143535,0.1533475227724533,115773,0.14024043194926764,0.14381991804577768
provisional_without_pool,2017-07,130033,0.1555863057214186,104188,0.14038676021733582,0.1447036230325956
provisional_without_pool,2017-08,171045,0.15282213484346963,139774,0.13865377080700902,0.14385007764281413
provisional_without_pool,2017-09,166013,0.148165109842152,138049,0.13588189768190478,0.14127705307757643
provisional_without_pool,2017-10,114268,0.15198549098247577,93445,0.13815898247000485,0.1430673773604005
provisional_without_pool,2017-11,124767,0.14844565565372825,101873,0.13652153231544908,0.1397531099635756
provisional_without_pool,2017-12,152995,0.15461172895233238,126971,0.14281384808835293,0.14593946554204865
provisional_without_pool,2018-01,158039,0.15725747374932808,128128,0.1443338354885055,0.14795017354637724
provisional_without_pool,2018-02,159448,0.15321172736060054,130833,0.14093256100436416,0.14516506605768278
provisional_without_pool,2018-03,140200,0.15407805165385297,113958,0.14026317929625984,0.1438710706118439
provisional_without_pool,2018-04,136794,0.15463937239689327,114566,0.14356962046071686,0.14638299361794493
provisional_without_pool,2018-05,175647,0.15447497427936863,142890,0.14111844622926525,0.14478892880618174
provisional_without_pool,2018-06,155857,0.1539701187682954,124913,0.14001769209053236,0.14461917809477368
provisional_without_pool,2018-07,127445,0.15678522243467516,101253,0.14271819357651389,0.14776779749934635
provisional_without_pool,2018-08,183183,0.1521475711499993,151293,0.1381453359117721,0.14505380291679337
provisional_without_pool,2018-09,163513,0.1508858901354665,134001,0.13741399915308833,0.1438768147320056
provisional_without_pool,2018-10,99339,0.15157775835985857,81172,0.13870270424800316,0.14439505080350473
provisional_without_pool,2018-11,132573,0.14986387910423057,110473,0.13911568034572583,0.1435403399992663
provisional_without_pool,2018-12,160329,0.1557489725632161,132013,0.14362006022300444,0.1486459346962695
provisional_without_pool,2019-01,151587,0.1550141587733655,123867,0.1432342297820024,0.14846589402257646
provisional_without_pool,2019-02,166560,0.15319030626977362,136179,0.1408615063910918,0.14674861876527814
provisional_without_pool,2019-03,123549,0.15144559990249148,102775,0.14029116856237503,0.1457772082195778
provisional_without_pool,2019-04,147548,0.1556708942339636,122103,0.14349881036382472,0.14767940148047384
provisional_without_pool,2019-05,203830,0.1523105590052979,167801,0.1400189869938843,0.14549958711491992
provisional_without_pool,2019-06,131996,0.1557779207725994,105832,0.14266826210466987,0.1477431887930657
provisional_without_pool,2019-07,150657,0.15432293956645327,122965,0.1418251578044184,0.14871307352825164
provisional_without_pool,2019-08,184892,0.15087627267794224,153532,0.13855005617524052,0.1466920341447409
provisional_without_pool,2019-09,174646,0.1496135620588782,145075,0.1391348069964732,0.14783924411519628
provisional_without_pool,2019-10,105337,0.15145911531009953,86984,0.14055568710380206,0.1487107912354122
provisional_without_pool,2019-11,136652,0.1520897938602519,112749,0.1408757867902458,0.14706445098924276
provisional_without_pool,2019-12,163304,0.15363694500392175,135706,0.1426204483253097,0.1477000164205632
provisional_without_pool,2020-01,154730,0.15403294870213458,127518,0.1436637651468893,0.15014015496170627
provisional_without_pool,2020-02,166424,0.15137921158534004,138404,0.14128178526239413,0.14813930255937824
provisional_without_pool,2020-03,134659,0.15337980119181588,113746,0.14317662720071034,0.14837624462817883
provisional_without_pool,2020-04,98206,0.15277900526490568,84539,0.14366086296554748,0.14827489869085791
provisional_without_pool,2020-05,6318,0.16207006292737688,5203,0.15035867179374726,0.1550410720513652
provisional_without_pool,2020-06,1983,0.156556251999591,1604,0.14640790222995903,0.14456280345942843
provisional_without_pool,2020-07,10453,0.13791242017275077,9776,0.13323122013263394,0.1370723543159292
provisional_without_pool,2020-08,17416,0.14776287440428504,14879,0.13524525034789206,0.14461018568376216
provisional_without_pool,2020-09,35859,0.15105265572481866,31616,0.14071560792014617,0.14855440760545635
provisional_without_pool,2020-10,35958,0.14905033204200624,31602,0.13837137889649279,0.14576140867445989
provisional_without_pool,2020-11,38815,0.14694967729945801,34066,0.1382495318098799,0.14359375483932493
provisional_without_pool,2020-12,20568,0.1569993064025249,16928,0.1431399281156791,0.151251817381171
provisional_without_pool,2021-01,24591,0.1565477462717938,20345,0.14627325166451374,0.15407100493093484
provisional_without_pool,2021-02,19935,0.1594416904282349,15945,0.1448207601495208,0.1548057050279339
provisional_without_pool,2021-03,14473,0.16277877007215538,11227,0.14520238217432366,0.15813373659938568
provisional_without_pool,2021-04,31608,0.15900127509097156,25655,0.14472946641130235,0.15485994249315774
provisional_without_pool,2021-05,42571,0.1635307459005209,32833,0.14612089763937203,0.1572828194095197
provisional_without_pool,2021-06,32623,0.15946120402465666,26524,0.14422173403197322,0.15361593144860108
provisional_without_pool,2021-07,67486,0.16364563467324722,52070,0.14521462778175107,0.15534107897680646
provisional_without_pool,2021-08,85151,0.15449358033296773,70202,0.1399337465874877,0.15329495645721306
provisional_without_pool,2021-09,107478,0.15586312260184623,87526,0.14155526767920773,0.15486003762158035
provisional_without_pool,2021-10,72035,0.15396196534610831,58242,0.13849458427845904,0.14973921777886925
provisional_without_pool,2021-11,88431,0.1528579544729217,73424,0.13873234644172197,0.1484686863486792
provisional_without_pool,2021-12,120499,0.16137492726096933,95357,0.14530509293103766,0.1564535839666976
provisional_without_pool,2022-01,106332,0.16550094787621747,81324,0.1481665166541776,0.1594703565523222
provisional_without_pool,2022-02,84471,0.15937865193451897,66176,0.14241359811441037,0.15475191427107401
provisional_without_pool,2022-03,79374,0.15589162932659884,64167,0.14073124425334652,0.15226536773714602
provisional_without_pool,2022-04,129046,0.15784913103349077,103775,0.14231305919494247,0.15363782815108565
provisional_without_pool,2022-05,151542,0.15966445038840207,120708,0.1425881807528887,0.15458422070004835
provisional_without_pool,2022-06,121892,0.1577724964945172,96978,0.14112528850751552,0.1538702364839426
provisional_without_pool,2022-07,123467,0.15857053458438708,97255,0.1409212579352236,0.15439572665176224
provisional_without_pool,2022-08,147775,0.1567702291599748,118956,0.14059626595143734,0.1566583743112495
provisional_without_pool,2022-09,166586,0.15457816709107777,135348,0.1397612529535049,0.15403433891707607
provisional_without_pool,2022-10,112576,0.15753464926065844,91113,0.14153683033273598,0.15612180778860027
provisional_without_pool,2022-11,121255,0.15657423693568728,95722,0.1388440657864668,0.15054956403779413
provisional_without_pool,2022-12,155614,0.15733589040421303,125814,0.14267321274320938,0.1552064950378177
provisional_without_pool,2023-01,117006,0.15964293263709836,93656,0.14446341724391484,0.1555209729020314
provisional_without_pool,2023-02,158635,0.15708883435942708,125878,0.14158059072406465,0.1541977404775415
provisional_without_pool,2023-03,148995,0.15878251320476597,118611,0.14268411004443368,0.15346944489148756
provisional_without_pool,2023-04,134395,0.15806900100145285,109286,0.1433798505024902,0.15364614231316087
provisional_without_pool,2023-05,161031,0.15717099377769328,125552,0.13938405178725646,0.15124570422864655
provisional_without_pool,2023-06,154070,0.15768743641189528,120933,0.14149403849941475,0.15205762795967753
provisional_without_pool,2023-07,134541,0.15831986428210168,104978,0.1413057895313229,0.15421571596188255
provisional_without_pool,2023-08,174520,0.1564885636582459,140987,0.14120081183827374,0.15663805054240293
provisional_without_pool,2023-09,181717,0.15583061479751026,144747,0.13961652714465456,0.15312476630520452
provisional_without_pool,2023-10,109233,0.1530286902057976,89765,0.139379771190747,0.15245830891061207
provisional_without_pool,2023-11,155183,0.15398054956048454,123446,0.13798268861560098,0.14857358303711993
provisional_without_pool,2023-12,157723,0.15650163024707409,129553,0.14317365481735572,0.15461103282679903
provisional_without_pool,2024-01,136753,0.15864211396050837,107620,0.1426399518883132,0.15515565682445132
provisional_without_pool,2024-02,188591,0.15855477735590923,148100,0.1424441555128019,0.15458904603311982
provisional_without_pool,2024-03,158871,0.1595166550899212,125251,0.14333616353056047,0.1536947440799163
provisional_without_pool,2024-04,153312,0.1566981971676609,126462,0.14311071172836456,0.14904309409256347
provisional_without_pool,2024-05,184379,0.15484002810908556,148516,0.139921701968909,0.1440756316314139
provisional_without_pool,2024-06,166980,0.1573122090891167,128797,0.13933943784787864,0.14346134520623752
provisional_without_pool,2024-07,124316,0.15618412884906632,97658,0.13945169352139872,0.14459813674808647
provisional_without_pool,2024-08,204608,0.15402030938344294,165841,0.1390090082940621,0.14595087092256542
provisional_without_pool,2024-09,170646,0.15326492881280618,137992,0.1387469377077293,0.14490793270601346
provisional_without_pool,2024-10,127181,0.1532472589103347,103637,0.13938038549618012,0.14513949766479062
provisional_without_pool,2024-11,150324,0.15398494531125445,122605,0.13959014880930196,0.14348358933736863
provisional_without_pool,2024-12,178838,0.15637807742208829,146431,0.1426690315568395,0.14670192491710318
provisional_without_pool,2025-01,164555,0.15779283073964437,132507,0.14458018926500224,0.1500422774990157
provisional_without_pool,2025-02,201036,0.15889524545176326,158773,0.14336438179840613,0.14842691902018532
provisional_without_pool,2025-03,168718,0.15563112157425552,137738,0.1423082759775746,0.14668756884309575
provisional_without_pool,2025-04,174938,0.15571905637782377,144880,0.14302310659934236,0.14755620165780653
provisional_without_pool,2025-05,198582,0.15379388152376125,161724,0.13968713297602242,0.14424900164020438
provisional_without_pool,2025-06,178781,0.1569332323259935,138929,0.1407614768866747,0.14518967706496425
provisional_without_pool,2025-07,163965,0.15347433251827852,131684,0.13901585863102592,0.14404662662381607
provisional_without_pool,2025-08,206483,0.15410916624265064,169796,0.14083797675341436,0.14615148256468435
provisional_without_pool,2025-09,198411,0.15321470456051212,162815,0.14026170164033444,0.1456144322313506
provisional_without_pool,2025-10,147779,0.1512579127638201,123999,0.1389008735689011,0.14357558504245022
provisional_without_pool,2025-11,165904,0.15207773185580098,137859,0.1396665269318696,0.14412473099827613
provisional_without_pool,2025-12,192614,0.15303227561642047,161785,0.1420954745702042,0.14623287424657014
provisional_without_dynamic_exposure,2008-04,180982,0.17609942059543798,144265,0.17204401802117888,0.13764081149142152
provisional_without_dynamic_exposure,2008-05,0,,0,,
provisional_without_dynamic_exposure,2008-06,0,,0,,
provisional_without_dynamic_exposure,2008-07,236675,0.16361541747238012,187852,0.158405397774809,0.13679543234739883
provisional_without_dynamic_exposure,2008-08,0,,0,,
provisional_without_dynamic_exposure,2008-09,0,,0,,
provisional_without_dynamic_exposure,2008-10,243167,0.15885980392766882,187997,0.15197808451552045,0.13360164260122337
provisional_without_dynamic_exposure,2008-11,0,,0,,
provisional_without_dynamic_exposure,2008-12,0,,0,,
provisional_without_dynamic_exposure,2009-01,167185,0.15607957770054093,129736,0.14911288158151895,0.13549237721585075
provisional_without_dynamic_exposure,2009-02,0,,0,,
provisional_without_dynamic_exposure,2009-03,0,,0,,
provisional_without_dynamic_exposure,2009-04,185579,0.1532965421510582,144117,0.14660952357287996,0.1362235904853938
provisional_without_dynamic_exposure,2009-05,0,,0,,
provisional_without_dynamic_exposure,2009-06,0,,0,,
provisional_without_dynamic_exposure,2009-07,276319,0.15185168615851188,213427,0.14539068221411092,0.13672714563217941
provisional_without_dynamic_exposure,2009-08,0,,0,,
provisional_without_dynamic_exposure,2009-09,203525,0.14891173645311526,156525,0.14236545204731235,0.1358919539142354
provisional_without_dynamic_exposure,2009-10,0,,0,,
provisional_without_dynamic_exposure,2009-11,124272,0.14374352927709422,97975,0.13858716429279028,0.1332768421482737
provisional_without_dynamic_exposure,2009-12,0,,0,,
provisional_without_dynamic_exposure,2010-01,129027,0.15078537064941178,98157,0.1443578015839928,0.13953411914446878
provisional_without_dynamic_exposure,2010-02,0,,0,,
provisional_without_dynamic_exposure,2010-03,120543,0.14819695181644688,93770,0.14238577724043167,0.13844180215781
provisional_without_dynamic_exposure,2010-04,0,,0,,
provisional_without_dynamic_exposure,2010-05,199670,0.1486039302379266,158485,0.14358362779807074,0.13968666619760683
provisional_without_dynamic_exposure,2010-06,0,,0,,
provisional_without_dynamic_exposure,2010-07,159042,0.14793738357423533,124520,0.14206528841466487,0.1392908571539941
provisional_without_dynamic_exposure,2010-08,0,,0,,
provisional_without_dynamic_exposure,2010-09,195050,0.14589483648230048,147890,0.1376779661062519,0.13571324516676864
provisional_without_dynamic_exposure,2010-10,0,,0,,
provisional_without_dynamic_exposure,2010-11,140448,0.1434403580610933,109782,0.13658617135934384,0.1347141978585435
provisional_without_dynamic_exposure,2010-12,0,,0,,
provisional_without_dynamic_exposure,2011-01,145193,0.14870035828481096,109700,0.14095697093816323,0.13972153095692524
provisional_without_dynamic_exposure,2011-02,0,,0,,
provisional_without_dynamic_exposure,2011-03,132088,0.14732145847651804,99511,0.1396072478315545,0.13901446406464418
provisional_without_dynamic_exposure,2011-04,0,,0,,
provisional_without_dynamic_exposure,2011-05,223039,0.148071986598238,178791,0.14310322544651055,0.14128042527243903
provisional_without_dynamic_exposure,2011-06,0,,0,,
provisional_without_dynamic_exposure,2011-07,176771,0.14669001980975643,132854,0.13957034652409353,0.13871616654654184
provisional_without_dynamic_exposure,2011-08,0,,0,,
provisional_without_dynamic_exposure,2011-09,224484,0.14341143379383964,172951,0.13555213757116516,0.1363402433763059
provisional_without_dynamic_exposure,2011-10,0,,0,,
provisional_without_dynamic_exposure,2011-11,161794,0.14566438789132743,123278,0.13721605014564844,0.13767324972062722
provisional_without_dynamic_exposure,2011-12,0,,0,,
provisional_without_dynamic_exposure,2012-01,164518,0.1495122697401881,122749,0.14152574852422214,0.14188899280634668
provisional_without_dynamic_exposure,2012-02,0,,0,,
provisional_without_dynamic_exposure,2012-03,140138,0.14543512269914863,105841,0.1376415893792253,0.13903934561748874
provisional_without_dynamic_exposure,2012-04,0,,0,,
provisional_without_dynamic_exposure,2012-05,259245,0.14780313159842587,200618,0.14096976443929998,0.14118119535100415
provisional_without_dynamic_exposure,2012-06,0,,0,,
provisional_without_dynamic_exposure,2012-07,196973,0.14508251473482195,150058,0.13814966387070388,0.1391799920494064
provisional_without_dynamic_exposure,2012-08,102757,0.14357137006117093,80200,0.13607064327045423,0.13820478774648162
provisional_without_dynamic_exposure,2012-09,130159,0.14335900063660503,102300,0.13704694723774213,0.13901320342270362
provisional_without_dynamic_exposure,2012-10,77341,0.14150144261312747,61915,0.1355856391941378,0.13801826261835118
provisional_without_dynamic_exposure,2012-11,77002,0.14376097600691282,59606,0.13648717719711412,0.1349325056168898
provisional_without_dynamic_exposure,2012-12,86451,0.14559822111012816,65482,0.13833010085396863,0.1397145225049369
provisional_without_dynamic_exposure,2013-01,80760,0.14733446273176026,63960,0.14087401127462146,0.14187160749925978
provisional_without_dynamic_exposure,2013-02,93367,0.14674702811741275,71354,0.1391632207289717,0.14106790244226441
provisional_without_dynamic_exposure,2013-03,79090,0.1519115565533781,57496,0.14371105254987024,0.14463920306920244
provisional_without_dynamic_exposure,2013-04,114967,0.14868342577315347,88831,0.1421926287799699,0.14274204141553173
provisional_without_dynamic_exposure,2013-05,142160,0.1474338850183874,111877,0.14200352105894112,0.14275613557467082
provisional_without_dynamic_exposure,2013-06,135294,0.14615946009224576,103699,0.13942369431877616,0.14104759241351278
provisional_without_dynamic_exposure,2013-07,81625,0.14299898418326684,62282,0.136769579902656,0.13854468283755306
provisional_without_dynamic_exposure,2013-08,122736,0.14372422010635189,95291,0.13702839830968191,0.13992060789383104
provisional_without_dynamic_exposure,2013-09,115276,0.13973560167460794,92932,0.13513947492737105,0.13816549139479253
provisional_without_dynamic_exposure,2013-10,97687,0.14230696767741707,75665,0.13512472056259064,0.13937549825209636
provisional_without_dynamic_exposure,2013-11,95769,0.14518895244243493,73887,0.13806899499214556,0.1394298478564762
provisional_without_dynamic_exposure,2013-12,84857,0.14407552395700282,65445,0.13679264066616617,0.13880307904996353
provisional_without_dynamic_exposure,2014-01,106181,0.14827639607983958,81289,0.14293347595197967,0.1460064473258296
provisional_without_dynamic_exposure,2014-02,108120,0.14683913106251867,79651,0.13924741329109325,0.1430932326926938
provisional_without_dynamic_exposure,2014-03,80830,0.14712693633794788,60179,0.1411447412550881,0.14316917976868246
provisional_without_dynamic_exposure,2014-04,113306,0.14710590530349066,89232,0.14134917837979055,0.1441804468367671
provisional_without_dynamic_exposure,2014-05,162815,0.14565100023966446,126191,0.14069420666397636,0.14265614762268508
provisional_without_dynamic_exposure,2014-06,105949,0.14614432541921818,77629,0.1387486379842218,0.1419576478009314
provisional_without_dynamic_exposure,2014-07,104568,0.14370546371001627,77884,0.13821724396996585,0.1410323395154555
provisional_without_dynamic_exposure,2014-08,124004,0.14299963406875227,95737,0.13755460070892242,0.14282311855056548
provisional_without_dynamic_exposure,2014-09,122451,0.14079093462761938,95259,0.13571677364728554,0.13991135775109212
provisional_without_dynamic_exposure,2014-10,100479,0.14023716205432796,76267,0.13465965721050158,0.13806934959809425
provisional_without_dynamic_exposure,2014-11,107622,0.14456261926239722,81645,0.13908470065688708,0.14154703103499125
provisional_without_dynamic_exposure,2014-12,94431,0.14640133287510634,70550,0.1399800829836656,0.1413232080433178
provisional_without_dynamic_exposure,2015-01,119188,0.14695475878563707,89310,0.14056983631493356,0.14301551463703546
provisional_without_dynamic_exposure,2015-02,115470,0.1430824037787688,91069,0.13793300131940817,0.1408391753876161
provisional_without_dynamic_exposure,2015-03,98328,0.14646474317205477,74441,0.1398026931054562,0.14294080489593167
provisional_without_dynamic_exposure,2015-04,120313,0.14470270216267755,96431,0.1394431100340445,0.1411449748553981
provisional_without_dynamic_exposure,2015-05,159203,0.14487349157327975,123999,0.13895695257985766,0.1410949021103982
provisional_without_dynamic_exposure,2015-06,133429,0.1446851733113574,100399,0.13773554990441467,0.1410344339458968
provisional_without_dynamic_exposure,2015-07,106171,0.14388516168692214,81232,0.13733182001539565,0.14068374643292697
provisional_without_dynamic_exposure,2015-08,137771,0.14161875943284816,108745,0.13566663659759776,0.14040461511111746
provisional_without_dynamic_exposure,2015-09,154547,0.14011402940834503,125379,0.13446821318327976,0.1390173806964231
provisional_without_dynamic_exposure,2015-10,103432,0.14280174873086043,81712,0.1360263859894052,0.139442672554209
provisional_without_dynamic_exposure,2015-11,118017,0.14253725744375517,93670,0.1359372486952545,0.13782485450295093
provisional_without_dynamic_exposure,2015-12,120452,0.1462433928974185,96094,0.13999602257468893,0.14334223570105317
provisional_without_dynamic_exposure,2016-01,142820,0.14960853036122174,111822,0.14240557839622303,0.14617404210702173
provisional_without_dynamic_exposure,2016-02,131816,0.14513204647678962,103358,0.13801725633512313,0.14149156769821652
provisional_without_dynamic_exposure,2016-03,132128,0.14713703722468985,106823,0.14066192924254806,0.14364726774250317
provisional_without_dynamic_exposure,2016-04,155437,0.147358934160636,124640,0.1414289579649309,0.14377650175885232
provisional_without_dynamic_exposure,2016-05,137093,0.1461730179382228,111315,0.1399561840969075,0.1428058053019569
provisional_without_dynamic_exposure,2016-06,142698,0.14621180308802412,110644,0.1378356901185117,0.14126813853236594
provisional_without_dynamic_exposure,2016-07,109570,0.146928898423723,87396,0.139514525747611,0.14293209434493165
provisional_without_dynamic_exposure,2016-08,156349,0.14420742115859211,125466,0.13673396800281964,0.14106828550107872
provisional_without_dynamic_exposure,2016-09,170541,0.141793616188226,141565,0.13576803769623816,0.14154906017596586
provisional_without_dynamic_exposure,2016-10,102692,0.14534894287046837,81888,0.13732352396357445,0.14190715383649383
provisional_without_dynamic_exposure,2016-11,130785,0.14457669586036334,106284,0.13707215407577786,0.14085633062498779
provisional_without_dynamic_exposure,2016-12,141489,0.14657680071002424,116345,0.14077002049194634,0.1436400786611406
provisional_without_dynamic_exposure,2017-01,155897,0.1503791508092576,123531,0.14243947195927406,0.14670666475019908
provisional_without_dynamic_exposure,2017-02,150759,0.1451889073218484,121558,0.13794891959550695,0.14262319169159204
provisional_without_dynamic_exposure,2017-03,117131,0.14888487823874805,96153,0.14170154134663002,0.1454640615563146
provisional_without_dynamic_exposure,2017-04,148123,0.14987507149691984,121788,0.14382939670409745,0.14660659289062322
provisional_without_dynamic_exposure,2017-05,168769,0.1455707991499627,138400,0.13817407051108382,0.1414714100110548
provisional_without_dynamic_exposure,2017-06,143535,0.14564038719766997,115773,0.1390088028161178,0.14381991804577768
provisional_without_dynamic_exposure,2017-07,130033,0.14679877765163893,104188,0.13929052610475795,0.1447036230325956
provisional_without_dynamic_exposure,2017-08,171045,0.144859660014461,139774,0.13749877323676093,0.14385007764281413
provisional_without_dynamic_exposure,2017-09,166013,0.14124890964468323,138049,0.13504094518472406,0.14127705307757643
provisional_without_dynamic_exposure,2017-10,114268,0.1443951716508665,93445,0.13687381293648548,0.1430673773604005
provisional_without_dynamic_exposure,2017-11,124767,0.14201599881466279,101873,0.13577342211113125,0.1397531099635756
provisional_without_dynamic_exposure,2017-12,152995,0.1482944370003446,126971,0.1420321447124614,0.14593946554204865
provisional_without_dynamic_exposure,2018-01,158039,0.14978767518393638,128128,0.14313130411054492,0.14795017354637724
provisional_without_dynamic_exposure,2018-02,159448,0.14594289387392842,130833,0.1398739266551187,0.14516506605768278
provisional_without_dynamic_exposure,2018-03,140200,0.1474658081816644,113958,0.13937261725182487,0.1438710706118439
provisional_without_dynamic_exposure,2018-04,136794,0.14837101065226174,114566,0.14253983399715273,0.14638299361794493
provisional_without_dynamic_exposure,2018-05,175647,0.14736283328168887,142890,0.1398850130387862,0.14478892880618174
provisional_without_dynamic_exposure,2018-06,155857,0.14640353742141254,124913,0.13896994628066672,0.14461917809477368
provisional_without_dynamic_exposure,2018-07,127445,0.14951741602529978,101253,0.14238566704303987,0.14776779749934635
provisional_without_dynamic_exposure,2018-08,183183,0.14491265891326044,151293,0.1373574069991583,0.14505380291679337
provisional_without_dynamic_exposure,2018-09,163513,0.14371390562444236,134001,0.13635849670639322,0.1438768147320056
provisional_without_dynamic_exposure,2018-10,99339,0.14491706083437086,81172,0.1375789536162752,0.14439505080350473
provisional_without_dynamic_exposure,2018-11,132573,0.14404795145767,110473,0.13822460249086152,0.1435403399992663
provisional_without_dynamic_exposure,2018-12,160329,0.1493254408689936,132013,0.1426040750066873,0.1486459346962695
provisional_without_dynamic_exposure,2019-01,151587,0.14863002266775266,123867,0.14229773767403123,0.14846589402257646
provisional_without_dynamic_exposure,2019-02,166560,0.14656388690605157,136179,0.14003994057369598,0.14674861876527814
provisional_without_dynamic_exposure,2019-03,123549,0.14568579297015488,102775,0.13936715822889706,0.1457772082195778
provisional_without_dynamic_exposure,2019-04,147548,0.14942026109101839,122103,0.14255242456090375,0.14767940148047384
provisional_without_dynamic_exposure,2019-05,203830,0.14621499708999017,167801,0.13916978915515443,0.14549958711491992
provisional_without_dynamic_exposure,2019-06,131996,0.14926860765403713,105832,0.14175731204059341,0.1477431887930657
provisional_without_dynamic_exposure,2019-07,150657,0.14807514567018834,122965,0.14110201829499383,0.14871307352825164
provisional_without_dynamic_exposure,2019-08,184892,0.1446533757599558,153532,0.1378470118798217,0.1466920341447409
provisional_without_dynamic_exposure,2019-09,174646,0.1441257611619916,145075,0.13835186967579377,0.14783924411519628
provisional_without_dynamic_exposure,2019-10,105337,0.14559138980815328,86984,0.13964711970100877,0.1487107912354122
provisional_without_dynamic_exposure,2019-11,136652,0.1466886861330309,112749,0.1402472431892598,0.14706445098924276
provisional_without_dynamic_exposure,2019-12,163304,0.14816234015524654,135706,0.1419640354429404,0.1477000164205632
provisional_without_dynamic_exposure,2020-01,154730,0.14888170634836048,127518,0.14303354228236279,0.15014015496170627
provisional_without_dynamic_exposure,2020-02,166424,0.14631214651626995,138404,0.14091910066129015,0.14813930255937824
provisional_without_dynamic_exposure,2020-03,134659,0.14861261872526943,113746,0.1423760036188983,0.14837624462817883
provisional_without_dynamic_exposure,2020-04,98206,0.1481360575213638,84539,0.14288736934381102,0.14827489869085791
provisional_without_dynamic_exposure,2020-05,6318,0.15673407379538212,5203,0.15012709438351016,0.1550410720513652
provisional_without_dynamic_exposure,2020-06,1983,0.14875317448029948,1604,0.14478588119029642,0.14456280345942843
provisional_without_dynamic_exposure,2020-07,10453,0.13463389531585893,9776,0.13257832357885627,0.1370723543159292
provisional_without_dynamic_exposure,2020-08,17416,0.14135382905143715,14879,0.13472833365661954,0.14461018568376216
provisional_without_dynamic_exposure,2020-09,35859,0.14569822186756132,31616,0.14018312505333272,0.14855440760545635
provisional_without_dynamic_exposure,2020-10,35958,0.1439152587954751,31602,0.1377694378050807,0.14576140867445989
provisional_without_dynamic_exposure,2020-11,38815,0.14287568427266137,34066,0.13824665746446527,0.14359375483932493
provisional_without_dynamic_exposure,2020-12,20568,0.1503880336634228,16928,0.14280423693756486,0.151251817381171
provisional_without_dynamic_exposure,2021-01,24591,0.1509160163244906,20345,0.14592939847508893,0.15407100493093484
provisional_without_dynamic_exposure,2021-02,19935,0.15315523189019634,15945,0.14430882455335903,0.1548057050279339
provisional_without_dynamic_exposure,2021-03,14473,0.1534197848092536,11227,0.14456266613375734,0.15813373659938568
provisional_without_dynamic_exposure,2021-04,31608,0.15185150916805312,25655,0.14384204404851444,0.15485994249315774
provisional_without_dynamic_exposure,2021-05,42571,0.155554228395083,32833,0.1453278473435281,0.1572828194095197
provisional_without_dynamic_exposure,2021-06,32623,0.15233683661137842,26524,0.14356801128348262,0.15361593144860108
provisional_without_dynamic_exposure,2021-07,67486,0.15513952127638003,52070,0.1450081831892787,0.15534107897680646
provisional_without_dynamic_exposure,2021-08,85151,0.14814224269989557,70202,0.1396430578366071,0.15329495645721306
provisional_without_dynamic_exposure,2021-09,107478,0.14924589102300864,87526,0.14093002772084956,0.15486003762158035
provisional_without_dynamic_exposure,2021-10,72035,0.14820090378007122,58242,0.13851500410244508,0.14973921777886925
provisional_without_dynamic_exposure,2021-11,88431,0.14738685899785336,73424,0.1385745514353772,0.1484686863486792
provisional_without_dynamic_exposure,2021-12,120499,0.15465907317852043,95357,0.14496343712272425,0.1564535839666976
provisional_without_dynamic_exposure,2022-01,106332,0.157948505387018,81324,0.14777515858218554,0.1594703565523222
provisional_without_dynamic_exposure,2022-02,84471,0.15240676559791688,66176,0.14227751313296386,0.15475191427107401
provisional_without_dynamic_exposure,2022-03,79374,0.1503141559802327,64167,0.14057950650306755,0.15226536773714602
provisional_without_dynamic_exposure,2022-04,129046,0.15195885511121926,103775,0.14228798744443627,0.15363782815108565
provisional_without_dynamic_exposure,2022-05,151542,0.15340123900800617,120708,0.1426400118032394,0.15458422070004835
provisional_without_dynamic_exposure,2022-06,121892,0.15136996485811685,96978,0.14120720808483123,0.1538702364839426
provisional_without_dynamic_exposure,2022-07,123467,0.15193397279336093,97255,0.1411804706504018,0.15439572665176224
provisional_without_dynamic_exposure,2022-08,147775,0.15078835072089047,118956,0.14080837283725364,0.1566583743112495
provisional_without_dynamic_exposure,2022-09,166586,0.148297370302151,135348,0.1392373830963484,0.15403433891707607
provisional_without_dynamic_exposure,2022-10,112576,0.15172016438855132,91113,0.14155508113883145,0.15612180778860027
provisional_without_dynamic_exposure,2022-11,121255,0.15045337027885491,95722,0.13910017299122218,0.15054956403779413
provisional_without_dynamic_exposure,2022-12,155614,0.15204623693205546,125814,0.14261822504270402,0.1552064950378177
provisional_without_dynamic_exposure,2023-01,117006,0.15392964770377188,93656,0.14431105060479094,0.1555209729020314
provisional_without_dynamic_exposure,2023-02,158635,0.15153942281204938,125878,0.14165596225711552,0.1541977404775415
provisional_without_dynamic_exposure,2023-03,148995,0.15377309122591995,118611,0.14311141489729853,0.15346944489148756
provisional_without_dynamic_exposure,2023-04,134395,0.1528820402004749,109286,0.14332370999422916,0.15364614231316087
provisional_without_dynamic_exposure,2023-05,161031,0.15066796387721404,125552,0.13931655656760827,0.15124570422864655
provisional_without_dynamic_exposure,2023-06,154070,0.151483401320375,120933,0.14132769746453636,0.15205762795967753
provisional_without_dynamic_exposure,2023-07,134541,0.1519411782831041,104978,0.14133471936180317,0.15421571596188255
provisional_without_dynamic_exposure,2023-08,174520,0.15109894541858956,140987,0.1413631509607461,0.15663805054240293
provisional_without_dynamic_exposure,2023-09,181717,0.14982085823816757,144747,0.13941910566071214,0.15312476630520452
provisional_without_dynamic_exposure,2023-10,109233,0.14861496245634626,89765,0.13940853399750244,0.15245830891061207
provisional_without_dynamic_exposure,2023-11,155183,0.14880169104413088,123446,0.13800946048593896,0.14857358303711993
provisional_without_dynamic_exposure,2023-12,157723,0.15197038857089173,129553,0.14308944337133428,0.15461103282679903
provisional_without_dynamic_exposure,2024-01,136753,0.15355356616862825,107620,0.14260907560806366,0.15515565682445132
provisional_without_dynamic_exposure,2024-02,188591,0.153154031759956,148100,0.14271773684459876,0.15458904603311982
provisional_without_dynamic_exposure,2024-03,158871,0.1549070088736848,125251,0.14384402298653914,0.1536947440799163
provisional_without_dynamic_exposure,2024-04,153312,0.15295281456812998,126462,0.14340366416522157,0.14904309409256347
provisional_without_dynamic_exposure,2024-05,184379,0.14991279049293063,148516,0.13964449191293427,0.1440756316314139
provisional_without_dynamic_exposure,2024-06,166980,0.15105477633062414,128797,0.1386828767959587,0.14346134520623752
provisional_without_dynamic_exposure,2024-07,124316,0.15001730863909438,97658,0.13891811816104063,0.14459813674808647
provisional_without_dynamic_exposure,2024-08,204608,0.1488483616085961,165841,0.1384608922454393,0.14595087092256542
provisional_without_dynamic_exposure,2024-09,170646,0.14835190388619443,137992,0.13825343052714004,0.14490793270601346
provisional_without_dynamic_exposure,2024-10,127181,0.1492114266095712,103637,0.13925143553421307,0.14513949766479062
provisional_without_dynamic_exposure,2024-11,150324,0.1495460370658855,122605,0.13939769606636446,0.14348358933736863
provisional_without_dynamic_exposure,2024-12,178838,0.15201950218689347,146431,0.14233729538904993,0.14670192491710318
provisional_without_dynamic_exposure,2025-01,164555,0.15349829631501077,132507,0.1444348845938478,0.1500422774990157
provisional_without_dynamic_exposure,2025-02,201036,0.15403248130633884,158773,0.14323810705427695,0.14842691902018532
provisional_without_dynamic_exposure,2025-03,168718,0.15204694825781284,137738,0.14254696351791318,0.14668756884309575
provisional_without_dynamic_exposure,2025-04,174938,0.15227240190711422,144880,0.14311340401314793,0.14755620165780653
provisional_without_dynamic_exposure,2025-05,198582,0.14980083978420217,161724,0.1394924102685976,0.14424900164020438
provisional_without_dynamic_exposure,2025-06,178781,0.15171028388121544,138929,0.14020721059157057,0.14518967706496425
provisional_without_dynamic_exposure,2025-07,163965,0.14935719253292096,131684,0.13893096097104954,0.14404662662381607
provisional_without_dynamic_exposure,2025-08,206483,0.15003967865833134,169796,0.1403540041555803,0.14615148256468435
provisional_without_dynamic_exposure,2025-09,198411,0.14898798482282555,162815,0.13967403099857784,0.1456144322313506
provisional_without_dynamic_exposure,2025-10,147779,0.14811731512723775,123999,0.13889496002225452,0.14357558504245022
provisional_without_dynamic_exposure,2025-11,165904,0.14895385324639893,137859,0.13968436874885987,0.14412473099827613
provisional_without_dynamic_exposure,2025-12,192614,0.15053863603922116,161785,0.14252695673955748,0.14623287424657014
provisional_without_pair_interaction,2008-04,180982,0.17609978112442345,144265,0.17204306210060916,0.13764081149142152
provisional_without_pair_interaction,2008-05,0,,0,,
provisional_without_pair_interaction,2008-06,0,,0,,
provisional_without_pair_interaction,2008-07,236675,0.16365756066847809,187852,0.15845888290864296,0.13679543234739883
provisional_without_pair_interaction,2008-08,0,,0,,
provisional_without_pair_interaction,2008-09,0,,0,,
provisional_without_pair_interaction,2008-10,243167,0.15905394453526445,187997,0.1522317072860317,0.13360164260122337
provisional_without_pair_interaction,2008-11,0,,0,,
provisional_without_pair_interaction,2008-12,0,,0,,
provisional_without_pair_interaction,2009-01,167185,0.1563386147959469,129736,0.14948667635597573,0.13549237721585075
provisional_without_pair_interaction,2009-02,0,,0,,
provisional_without_pair_interaction,2009-03,0,,0,,
provisional_without_pair_interaction,2009-04,185579,0.15368964437188876,144117,0.14714977388314565,0.1362235904853938
provisional_without_pair_interaction,2009-05,0,,0,,
provisional_without_pair_interaction,2009-06,0,,0,,
provisional_without_pair_interaction,2009-07,276319,0.15213041469702313,213427,0.1458055029793582,0.13672714563217941
provisional_without_pair_interaction,2009-08,0,,0,,
provisional_without_pair_interaction,2009-09,203525,0.14951551151753117,156525,0.14314810944912218,0.1358919539142354
provisional_without_pair_interaction,2009-10,0,,0,,
provisional_without_pair_interaction,2009-11,124272,0.144558523979177,97975,0.13959145657402855,0.1332768421482737
provisional_without_pair_interaction,2009-12,0,,0,,
provisional_without_pair_interaction,2010-01,129027,0.15136641168402498,98157,0.14516131290357243,0.13953411914446878
provisional_without_pair_interaction,2010-02,0,,0,,
provisional_without_pair_interaction,2010-03,120543,0.14896612182547117,93770,0.14334283007465595,0.13844180215781
provisional_without_pair_interaction,2010-04,0,,0,,
provisional_without_pair_interaction,2010-05,199670,0.14902067180909465,158485,0.14413905408337604,0.13968666619760683
provisional_without_pair_interaction,2010-06,0,,0,,
provisional_without_pair_interaction,2010-07,159042,0.148646432760496,124520,0.14297560263397147,0.1392908571539941
provisional_without_pair_interaction,2010-08,0,,0,,
provisional_without_pair_interaction,2010-09,195050,0.14678176965035575,147890,0.13886261998058655,0.13571324516676864
provisional_without_pair_interaction,2010-10,0,,0,,
provisional_without_pair_interaction,2010-11,140448,0.144382069024188,109782,0.1377795418762407,0.1347141978585435
provisional_without_pair_interaction,2010-12,0,,0,,
provisional_without_pair_interaction,2011-01,145193,0.14933041547116188,109700,0.14194868967890137,0.13972153095692524
provisional_without_pair_interaction,2011-02,0,,0,,
provisional_without_pair_interaction,2011-03,132088,0.14823643629108674,99511,0.1409285778392392,0.13901446406464418
provisional_without_pair_interaction,2011-04,0,,0,,
provisional_without_pair_interaction,2011-05,223039,0.14864127689385953,178791,0.14390871217026432,0.14128042527243903
provisional_without_pair_interaction,2011-06,0,,0,,
provisional_without_pair_interaction,2011-07,176771,0.14738587348913845,132854,0.14061492441390117,0.13871616654654184
provisional_without_pair_interaction,2011-08,0,,0,,
provisional_without_pair_interaction,2011-09,224484,0.14432353953669114,172951,0.13680995216172306,0.1363402433763059
provisional_without_pair_interaction,2011-10,0,,0,,
provisional_without_pair_interaction,2011-11,161794,0.14650771373706406,123278,0.13848523301465088,0.13767324972062722
provisional_without_pair_interaction,2011-12,0,,0,,
provisional_without_pair_interaction,2012-01,164518,0.1499830907331663,122749,0.14259899688608924,0.14188899280634668
provisional_without_pair_interaction,2012-02,0,,0,,
provisional_without_pair_interaction,2012-03,140138,0.14623401019289275,105841,0.13900673414786976,0.13903934561748874
provisional_without_pair_interaction,2012-04,0,,0,,
provisional_without_pair_interaction,2012-05,259245,0.14821950077915594,200618,0.14184324700687376,0.14118119535100415
provisional_without_pair_interaction,2012-06,0,,0,,
provisional_without_pair_interaction,2012-07,196973,0.14553047830388544,150058,0.13913291753179935,0.1391799920494064
provisional_without_pair_interaction,2012-08,102757,0.14423211973929545,80200,0.13732187573657392,0.13820478774648162
provisional_without_pair_interaction,2012-09,130159,0.14424658519487685,102300,0.13842708823837094,0.13901320342270362
provisional_without_pair_interaction,2012-10,77341,0.1422862703881671,61915,0.1369886476571011,0.13801826261835118
provisional_without_pair_interaction,2012-11,77002,0.14509993210665925,59606,0.138301470078622,0.1349325056168898
provisional_without_pair_interaction,2012-12,86451,0.14636000050330092,65482,0.13985363451879076,0.1397145225049369
provisional_without_pair_interaction,2013-01,80760,0.14798309153661715,63960,0.14213379983164862,0.14187160749925978
provisional_without_pair_interaction,2013-02,93367,0.14737903673487654,71354,0.14049100842003986,0.14106790244226441
provisional_without_pair_interaction,2013-03,79090,0.1524225352715136,57496,0.14528943717742265,0.14463920306920244
provisional_without_pair_interaction,2013-04,114967,0.1492994470847283,88831,0.14339519701050782,0.14274204141553173
provisional_without_pair_interaction,2013-05,142160,0.14769671143715632,111877,0.1428938110740741,0.14275613557467082
provisional_without_pair_interaction,2013-06,135294,0.14668060698006977,103699,0.14065294004596696,0.14104759241351278
provisional_without_pair_interaction,2013-07,81625,0.14378353100569505,62282,0.13833948500951973,0.13854468283755306
provisional_without_pair_interaction,2013-08,122736,0.14449149543120293,95291,0.13858583699405122,0.13992060789383104
provisional_without_pair_interaction,2013-09,115276,0.14093566197837348,92932,0.13705449994902635,0.13816549139479253
provisional_without_pair_interaction,2013-10,97687,0.14281637789183796,75665,0.13688061618008251,0.13937549825209636
provisional_without_pair_interaction,2013-11,95769,0.14623405741205864,73887,0.13987223431038912,0.1394298478564762
provisional_without_pair_interaction,2013-12,84857,0.14483982475487545,65445,0.13833928002688756,0.13880307904996353
provisional_without_pair_interaction,2014-01,106181,0.14892558356310018,81289,0.1444078306060529,0.1460064473258296
provisional_without_pair_interaction,2014-02,108120,0.1472956000434071,79651,0.14090101682199152,0.1430932326926938
provisional_without_pair_interaction,2014-03,80830,0.1476809458667515,60179,0.14280565316151209,0.14316917976868246
provisional_without_pair_interaction,2014-04,113306,0.14730602805798246,89232,0.14263574869986642,0.1441804468367671
provisional_without_pair_interaction,2014-05,162815,0.14615193969326631,126191,0.14207400894890107,0.14265614762268508
provisional_without_pair_interaction,2014-06,105949,0.1463929168920287,77629,0.14041809527330246,0.1419576478009314
provisional_without_pair_interaction,2014-07,104568,0.14421446278029149,77884,0.1400270766100385,0.1410323395154555
provisional_without_pair_interaction,2014-08,124004,0.14337822762247981,95737,0.13937281308706606,0.14282311855056548
provisional_without_pair_interaction,2014-09,122451,0.14139732863790203,95259,0.13755942180472183,0.13991135775109212
provisional_without_pair_interaction,2014-10,100479,0.14058680507061938,76267,0.13664426586018502,0.13806934959809425
provisional_without_pair_interaction,2014-11,107622,0.14503130641786136,81645,0.14096304664949308,0.14154703103499125
provisional_without_pair_interaction,2014-12,94431,0.14694295685840192,70550,0.14178915758193278,0.1413232080433178
provisional_without_pair_interaction,2015-01,119188,0.14669033355604366,89310,0.1421630030824127,0.14301551463703546
provisional_without_pair_interaction,2015-02,115470,0.14303709763161823,91069,0.13950650311352147,0.1408391753876161
provisional_without_pair_interaction,2015-03,98328,0.14591929666417083,74441,0.14135349001304476,0.14294080489593167
provisional_without_pair_interaction,2015-04,120313,0.1446272510216064,96431,0.1407228646815555,0.1411449748553981
provisional_without_pair_interaction,2015-05,159203,0.1441819112259933,123999,0.14003968280294762,0.1410949021103982
provisional_without_pair_interaction,2015-06,133429,0.14380990116353376,100399,0.1391216627445898,0.1410344339458968
provisional_without_pair_interaction,2015-07,106171,0.14321097423050294,81232,0.13878129246948706,0.14068374643292697
provisional_without_pair_interaction,2015-08,137771,0.14076618151393172,108745,0.13707063982051482,0.14040461511111746
provisional_without_pair_interaction,2015-09,154547,0.13971907301216607,125379,0.13575774820591166,0.1390173806964231
provisional_without_pair_interaction,2015-10,103432,0.1422882566786356,81712,0.13756387021776778,0.139442672554209
provisional_without_pair_interaction,2015-11,118017,0.1415215012676218,93670,0.13711776140572832,0.13782485450295093
provisional_without_pair_interaction,2015-12,120452,0.1451865812627093,96094,0.14103352171872707,0.14334223570105317
provisional_without_pair_interaction,2016-01,142820,0.1484565235577244,111822,0.14340838793176186,0.14617404210702173
provisional_without_pair_interaction,2016-02,131816,0.14391815561541643,103358,0.13922525750422762,0.14149156769821652
provisional_without_pair_interaction,2016-03,132128,0.14627441072474387,106823,0.14182087667113083,0.14364726774250317
provisional_without_pair_interaction,2016-04,155437,0.1458164127462107,124640,0.14223294303411688,0.14377650175885232
provisional_without_pair_interaction,2016-05,137093,0.14472077237767333,111315,0.14093873488894074,0.1428058053019569
provisional_without_pair_interaction,2016-06,142698,0.14427414773701774,110644,0.13877058875816545,0.14126813853236594
provisional_without_pair_interaction,2016-07,109570,0.1450646773117249,87396,0.14049045969960475,0.14293209434493165
provisional_without_pair_interaction,2016-08,156349,0.14253796353191425,125466,0.1379157880310221,0.14106828550107872
provisional_without_pair_interaction,2016-09,170541,0.14030411901439263,141565,0.13666381331082225,0.14154906017596586
provisional_without_pair_interaction,2016-10,102692,0.14305314111844522,81888,0.1380829722613017,0.14190715383649383
provisional_without_pair_interaction,2016-11,130785,0.1428794753810841,106284,0.1379819191838049,0.14085633062498779
provisional_without_pair_interaction,2016-12,141489,0.14484290930404367,116345,0.14155092838853991,0.1436400786611406
provisional_without_pair_interaction,2017-01,155897,0.14829313000815508,123531,0.14333295073190905,0.14670666475019908
provisional_without_pair_interaction,2017-02,150759,0.14311215869874322,121558,0.13869990437624158,0.14262319169159204
provisional_without_pair_interaction,2017-03,117131,0.14708916088725454,96153,0.14233530249307838,0.1454640615563146
provisional_without_pair_interaction,2017-04,148123,0.1484531570950053,121788,0.1446633107950685,0.14660659289062322
provisional_without_pair_interaction,2017-05,168769,0.14310883091974633,138400,0.13861652910820058,0.1414714100110548
provisional_without_pair_interaction,2017-06,143535,0.14290935250812972,115773,0.1392801569022673,0.14381991804577768
provisional_without_pair_interaction,2017-07,130033,0.14348389315841867,104188,0.13959440103629844,0.1447036230325956
provisional_without_pair_interaction,2017-08,171045,0.1422136722681734,139774,0.13790329282164882,0.14385007764281413
provisional_without_pair_interaction,2017-09,166013,0.13914411549962677,138049,0.13558873232588686,0.14127705307757643
provisional_without_pair_interaction,2017-10,114268,0.1415920935874026,93445,0.13721230769596526,0.1430673773604005
provisional_without_pair_interaction,2017-11,124767,0.14006576509652935,101873,0.13607820487200184,0.1397531099635756
provisional_without_pair_interaction,2017-12,152995,0.14567350161543985,126971,0.14215651577961144,0.14593946554204865
provisional_without_pair_interaction,2018-01,158039,0.1468779292222239,128128,0.14323714915496885,0.14795017354637724
provisional_without_pair_interaction,2018-02,159448,0.14328229377480803,130833,0.14018870324579072,0.14516506605768278
provisional_without_pair_interaction,2018-03,140200,0.14427211900790965,113958,0.13947054322218672,0.1438710706118439
provisional_without_pair_interaction,2018-04,136794,0.14583863390179197,114566,0.14265298483436287,0.14638299361794493
provisional_without_pair_interaction,2018-05,175647,0.14429029018149786,142890,0.14011957717762083,0.14478892880618174
provisional_without_pair_interaction,2018-06,155857,0.14237094428143857,124913,0.13865296845463257,0.14461917809477368
provisional_without_pair_interaction,2018-07,127445,0.14595419246843744,101253,0.14260039846222555,0.14776779749934635
provisional_without_pair_interaction,2018-08,183183,0.14141610944286742,151293,0.1375842728966015,0.14505380291679337
provisional_without_pair_interaction,2018-09,163513,0.14015480184196194,134001,0.13639175281493526,0.1438768147320056
provisional_without_pair_interaction,2018-10,99339,0.1416074315305551,81172,0.13772329853393195,0.14439505080350473
provisional_without_pair_interaction,2018-11,132573,0.14104798288765322,110473,0.1380948880259011,0.1435403399992663
provisional_without_pair_interaction,2018-12,160329,0.14603415270460915,132013,0.14247635675958834,0.1486459346962695
provisional_without_pair_interaction,2019-01,151587,0.14521894557276133,123867,0.1419813930385232,0.14846589402257646
provisional_without_pair_interaction,2019-02,166560,0.14320845758218734,136179,0.13978202997718706,0.14674861876527814
provisional_without_pair_interaction,2019-03,123549,0.14280533929580172,102775,0.13937280068290425,0.1457772082195778
provisional_without_pair_interaction,2019-04,147548,0.14540295118517366,122103,0.14195622892007387,0.14767940148047384
provisional_without_pair_interaction,2019-05,203830,0.14248503991517017,167801,0.13904855654466175,0.14549958711491992
provisional_without_pair_interaction,2019-06,131996,0.14483550470268278,105832,0.14134966355243236,0.1477431887930657
provisional_without_pair_interaction,2019-07,150657,0.14398612205338668,122965,0.14060628465118818,0.14871307352825164
provisional_without_pair_interaction,2019-08,184892,0.14074060505428893,153532,0.13753052169886093,0.1466920341447409
provisional_without_pair_interaction,2019-09,174646,0.14092215350623902,145075,0.13811307251867397,0.14783924411519628
provisional_without_pair_interaction,2019-10,105337,0.1419100325131673,86984,0.1389653043469142,0.1487107912354122
provisional_without_pair_interaction,2019-11,136652,0.1428767145500908,112749,0.13956712764485005,0.14706445098924276
provisional_without_pair_interaction,2019-12,163304,0.1445865048132591,135706,0.14157495384102836,0.1477000164205632
provisional_without_pair_interaction,2020-01,154730,0.14510530004097352,127518,0.14240668890555316,0.15014015496170627
provisional_without_pair_interaction,2020-02,166424,0.14258925193513527,138404,0.14008556022308688,0.14813930255937824
provisional_without_pair_interaction,2020-03,134659,0.14525595626600019,113746,0.14183596762264597,0.14837624462817883
provisional_without_pair_interaction,2020-04,98206,0.1449059494151445,84539,0.14272806442430055,0.14827489869085791
provisional_without_pair_interaction,2020-05,6318,0.15469292765510134,5203,0.1504865545645037,0.1550410720513652
provisional_without_pair_interaction,2020-06,1983,0.1451633382939961,1604,0.14511188311178388,0.14456280345942843
provisional_without_pair_interaction,2020-07,10453,0.13173105167492574,9776,0.1311539835022446,0.1370723543159292
provisional_without_pair_interaction,2020-08,17416,0.1355294151635007,14879,0.13305719242093678,0.14461018568376216
provisional_without_pair_interaction,2020-09,35859,0.14045577258822486,31616,0.13877827590998004,0.14855440760545635
provisional_without_pair_interaction,2020-10,35958,0.13942767148320062,31602,0.13680256699238152,0.14576140867445989
provisional_without_pair_interaction,2020-11,38815,0.13919375939696937,34066,0.13743452887003269,0.14359375483932493
provisional_without_pair_interaction,2020-12,20568,0.14527393232516084,16928,0.14238915014640333,0.151251817381171
provisional_without_pair_interaction,2021-01,24591,0.14768419661175455,20345,0.14561558125539087,0.15407100493093484
provisional_without_pair_interaction,2021-02,19935,0.14871678699966545,15945,0.143429565816478,0.1548057050279339
provisional_without_pair_interaction,2021-03,14473,0.14575653185431273,11227,0.14291436365405702,0.15813373659938568
provisional_without_pair_interaction,2021-04,31608,0.14603162882380702,25655,0.1424726892642178,0.15485994249315774
provisional_without_pair_interaction,2021-05,42571,0.14879418252346083,32833,0.14382279400461856,0.1572828194095197
provisional_without_pair_interaction,2021-06,32623,0.1469926822631249,26524,0.1432418757217167,0.15361593144860108
provisional_without_pair_interaction,2021-07,67486,0.1475886603048093,52070,0.14355170517727658,0.15534107897680646
provisional_without_pair_interaction,2021-08,85151,0.14262703761776485,70202,0.13829018551846733,0.15329495645721306
provisional_without_pair_interaction,2021-09,107478,0.14424141193565188,87526,0.13969536967942608,0.15486003762158035
provisional_without_pair_interaction,2021-10,72035,0.14263607853659066,58242,0.13706495246146028,0.14973921777886925
provisional_without_pair_interaction,2021-11,88431,0.1427718514319303,73424,0.1377455009160379,0.1484686863486792
provisional_without_pair_interaction,2021-12,120499,0.14802356564083013,95357,0.1433327804873317,0.1564535839666976
provisional_without_pair_interaction,2022-01,106332,0.1506454625290358,81324,0.1460792490890065,0.1594703565523222
provisional_without_pair_interaction,2022-02,84471,0.14625147786024123,66176,0.1408085930806361,0.15475191427107401
provisional_without_pair_interaction,2022-03,79374,0.1449181007396139,64167,0.1397500236969018,0.15226536773714602
provisional_without_pair_interaction,2022-04,129046,0.1452116817017396,103775,0.14081451484044374,0.15363782815108565
provisional_without_pair_interaction,2022-05,151542,0.14663490138390683,120708,0.1413839408811635,0.15458422070004835
provisional_without_pair_interaction,2022-06,121892,0.14380153719226504,96978,0.1394970035173944,0.1538702364839426
provisional_without_pair_interaction,2022-07,123467,0.1449664309133575,97255,0.14003457835310118,0.15439572665176224
provisional_without_pair_interaction,2022-08,147775,0.14412612782678988,118956,0.1391942860458994,0.1566583743112495
provisional_without_pair_interaction,2022-09,166586,0.14183065363024175,135348,0.13770713261733666,0.15403433891707607
provisional_without_pair_interaction,2022-10,112576,0.14504374471047543,91113,0.14028790679693848,0.15612180778860027
provisional_without_pair_interaction,2022-11,121255,0.14324183093238513,95722,0.13796102686284975,0.15054956403779413
provisional_without_pair_interaction,2022-12,155614,0.1457849869081518,125814,0.14134057538131195,0.1552064950378177
provisional_without_pair_interaction,2023-01,117006,0.14691021820594888,93656,0.14254168584502838,0.1555209729020314
provisional_without_pair_interaction,2023-02,158635,0.14483891431123808,125878,0.14028209292933164,0.1541977404775415
provisional_without_pair_interaction,2023-03,148995,0.14673583975042676,118611,0.14198714629412917,0.15346944489148756
provisional_without_pair_interaction,2023-04,134395,0.1455406410253061,109286,0.14151280656867182,0.15364614231316087
provisional_without_pair_interaction,2023-05,161031,0.14244836180246828,125552,0.13799794906631477,0.15124570422864655
provisional_without_pair_interaction,2023-06,154070,0.14331070803369148,120933,0.13983425359971913,0.15205762795967753
provisional_without_pair_interaction,2023-07,134541,0.1440977866276041,104978,0.13956537486417725,0.15421571596188255
provisional_without_pair_interaction,2023-08,174520,0.14427924352696042,140987,0.1400245207520743,0.15663805054240293
provisional_without_pair_interaction,2023-09,181717,0.14259233143772346,144747,0.1378760469655551,0.15312476630520452
provisional_without_pair_interaction,2023-10,109233,0.14192571357054556,89765,0.13791507083306453,0.15245830891061207
provisional_without_pair_interaction,2023-11,155183,0.14145086348755193,123446,0.13640599645947243,0.14857358303711993
provisional_without_pair_interaction,2023-12,157723,0.14560998317708004,129553,0.14152810844938388,0.15461103282679903
provisional_without_pair_interaction,2024-01,136753,0.14643900928885412,107620,0.14134548374676417,0.15515565682445132
provisional_without_pair_interaction,2024-02,188591,0.14556868788843208,148100,0.14120037899915613,0.15458904603311982
provisional_without_pair_interaction,2024-03,158871,0.1469845510217819,125251,0.1420490037214526,0.1536947440799163
provisional_without_pair_interaction,2024-04,153312,0.14687854940359335,126462,0.14222208474800443,0.14904309409256347
provisional_without_pair_interaction,2024-05,184379,0.1430162480185546,148516,0.13833290294353373,0.1440756316314139
provisional_without_pair_interaction,2024-06,166980,0.14185223939952724,128797,0.13659212920277913,0.14346134520623752
provisional_without_pair_interaction,2024-07,124316,0.14178548938861207,97658,0.13692959364064594,0.14459813674808647
provisional_without_pair_interaction,2024-08,204608,0.14172265746316628,165841,0.13657280116061937,0.14595087092256542
provisional_without_pair_interaction,2024-09,170646,0.14118495655104044,137992,0.13616707407461956,0.14490793270601346
provisional_without_pair_interaction,2024-10,127181,0.14263689414174635,103637,0.13767751963757593,0.14513949766479062
provisional_without_pair_interaction,2024-11,150324,0.14213350276907458,122605,0.13736048296799175,0.14348358933736863
provisional_without_pair_interaction,2024-12,178838,0.14486483501513514,146431,0.14024197821187134,0.14670192491710318
provisional_without_pair_interaction,2025-01,164555,0.14626160381079323,132507,0.1422516107493847,0.1500422774990157
provisional_without_pair_interaction,2025-02,201036,0.14597998250301336,158773,0.14106093613591067,0.14842691902018532
provisional_without_pair_interaction,2025-03,168718,0.14480769229462287,137738,0.14034384314153253,0.14668756884309575
provisional_without_pair_interaction,2025-04,174938,0.14507064791854496,144880,0.14057773168650728,0.14755620165780653
provisional_without_pair_interaction,2025-05,198582,0.1426441688904778,161724,0.13745896927093304,0.14424900164020438
provisional_without_pair_interaction,2025-06,178781,0.14309296304525101,138929,0.13794684211487268,0.14518967706496425
provisional_without_pair_interaction,2025-07,163965,0.14248100760930082,131684,0.13734273427656307,0.14404662662381607
provisional_without_pair_interaction,2025-08,206483,0.14320706341552103,169796,0.13815122166015778,0.14615148256468435
provisional_without_pair_interaction,2025-09,198411,0.14240545388762232,162815,0.1376172754636857,0.1456144322313506
provisional_without_pair_interaction,2025-10,147779,0.14140427543440057,123999,0.13631760557809175,0.14357558504245022
provisional_without_pair_interaction,2025-11,165904,0.14202160378098008,137859,0.13705063564969364,0.14412473099827613
provisional_without_pair_interaction,2025-12,192614,0.1435376401997903,161785,0.13927409561539014,0.14623287424657014
provisional_without_pair_shrinkage,2008-04,180982,0.17609660262561816,144265,0.17203971918706695,0.13764081149142152
provisional_without_pair_shrinkage,2008-05,0,,0,,
provisional_without_pair_shrinkage,2008-06,0,,0,,
provisional_without_pair_shrinkage,2008-07,236675,0.16364703606148537,187852,0.15844836074749663,0.13679543234739883
provisional_without_pair_shrinkage,2008-08,0,,0,,
provisional_without_pair_shrinkage,2008-09,0,,0,,
provisional_without_pair_shrinkage,2008-10,243167,0.15903744706776668,187997,0.15221399716142844,0.13360164260122337
provisional_without_pair_shrinkage,2008-11,0,,0,,
provisional_without_pair_shrinkage,2008-12,0,,0,,
provisional_without_pair_shrinkage,2009-01,167185,0.15633071422233333,129736,0.1494790927683041,0.13549237721585075
provisional_without_pair_shrinkage,2009-02,0,,0,,
provisional_without_pair_shrinkage,2009-03,0,,0,,
provisional_without_pair_shrinkage,2009-04,185579,0.15367840671187968,144117,0.14713728067217038,0.1362235904853938
provisional_without_pair_shrinkage,2009-05,0,,0,,
provisional_without_pair_shrinkage,2009-06,0,,0,,
provisional_without_pair_shrinkage,2009-07,276319,0.15211969424130703,213427,0.1457937658672534,0.13672714563217941
provisional_without_pair_shrinkage,2009-08,0,,0,,
provisional_without_pair_shrinkage,2009-09,203525,0.14949776643870583,156525,0.14313511566325365,0.1358919539142354
provisional_without_pair_shrinkage,2009-10,0,,0,,
provisional_without_pair_shrinkage,2009-11,124272,0.14453393309780838,97975,0.13956658395612348,0.1332768421482737
provisional_without_pair_shrinkage,2009-12,0,,0,,
provisional_without_pair_shrinkage,2010-01,129027,0.15134594388137573,98157,0.14514088362541885,0.13953411914446878
provisional_without_pair_shrinkage,2010-02,0,,0,,
provisional_without_pair_shrinkage,2010-03,120543,0.14893759734370693,93770,0.14331344636270307,0.13844180215781
provisional_without_pair_shrinkage,2010-04,0,,0,,
provisional_without_pair_shrinkage,2010-05,199670,0.1490152031105072,158485,0.14413818188888963,0.13968666619760683
provisional_without_pair_shrinkage,2010-06,0,,0,,
provisional_without_pair_shrinkage,2010-07,159042,0.14862957612378697,124520,0.14296305530763329,0.1392908571539941
provisional_without_pair_shrinkage,2010-08,0,,0,,
provisional_without_pair_shrinkage,2010-09,195050,0.14675291233373194,147890,0.13883979110658318,0.13571324516676864
provisional_without_pair_shrinkage,2010-10,0,,0,,
provisional_without_pair_shrinkage,2010-11,140448,0.14434902582451026,109782,0.1377488971717706,0.1347141978585435
provisional_without_pair_shrinkage,2010-12,0,,0,,
provisional_without_pair_shrinkage,2011-01,145193,0.1493187306259131,109700,0.14193380554015614,0.13972153095692524
provisional_without_pair_shrinkage,2011-02,0,,0,,
provisional_without_pair_shrinkage,2011-03,132088,0.1482108603478592,99511,0.14089825193841318,0.13901446406464418
provisional_without_pair_shrinkage,2011-04,0,,0,,
provisional_without_pair_shrinkage,2011-05,223039,0.14863252473448704,178791,0.14390211401211658,0.14128042527243903
provisional_without_pair_shrinkage,2011-06,0,,0,,
provisional_without_pair_shrinkage,2011-07,176771,0.14737252065883177,132854,0.14060223573188776,0.13871616654654184
provisional_without_pair_shrinkage,2011-08,0,,0,,
provisional_without_pair_shrinkage,2011-09,224484,0.14430560572506723,172951,0.13679828791308535,0.1363402433763059
provisional_without_pair_shrinkage,2011-10,0,,0,,
provisional_without_pair_shrinkage,2011-11,161794,0.14648669975332665,123278,0.13846466620919565,0.13767324972062722
provisional_without_pair_shrinkage,2011-12,0,,0,,
provisional_without_pair_shrinkage,2012-01,164518,0.14996358671894897,122749,0.14258696562751016,0.14188899280634668
provisional_without_pair_shrinkage,2012-02,0,,0,,
provisional_without_pair_shrinkage,2012-03,140138,0.14621551966618643,105841,0.1389910255000936,0.13903934561748874
provisional_without_pair_shrinkage,2012-04,0,,0,,
provisional_without_pair_shrinkage,2012-05,259245,0.1482040793296394,200618,0.14183838079496972,0.14118119535100415
provisional_without_pair_shrinkage,2012-06,0,,0,,
provisional_without_pair_shrinkage,2012-07,196973,0.1455130932010094,150058,0.13911819469853184,0.1391799920494064
provisional_without_pair_shrinkage,2012-08,102757,0.14421589342943406,80200,0.13731461764488745,0.13820478774648162
provisional_without_pair_shrinkage,2012-09,130159,0.14423203364749407,102300,0.13841099962627254,0.13901320342270362
provisional_without_pair_shrinkage,2012-10,77341,0.14225871636364773,61915,0.13695560427194078,0.13801826261835118
provisional_without_pair_shrinkage,2012-11,77002,0.1450831147000631,59606,0.138281852876524,0.1349325056168898
provisional_without_pair_shrinkage,2012-12,86451,0.14633477465005987,65482,0.13983031958368425,0.1397145225049369
provisional_without_pair_shrinkage,2013-01,80760,0.14795157127308176,63960,0.14210900174078628,0.14187160749925978
provisional_without_pair_shrinkage,2013-02,93367,0.1473685586799345,71354,0.1404833840443994,0.14106790244226441
provisional_without_pair_shrinkage,2013-03,79090,0.1524010178159352,57496,0.1452674781679509,0.14463920306920244
provisional_without_pair_shrinkage,2013-04,114967,0.1492806164640168,88831,0.1433835526958368,0.14274204141553173
provisional_without_pair_shrinkage,2013-05,142160,0.14769482949134405,111877,0.14289761070664683,0.14275613557467082
provisional_without_pair_shrinkage,2013-06,135294,0.1466823788527866,103699,0.14065802339799888,0.14104759241351278
provisional_without_pair_shrinkage,2013-07,81625,0.14376002582963196,62282,0.13831750344087299,0.13854468283755306
provisional_without_pair_shrinkage,2013-08,122736,0.14446769608796634,95291,0.13856946692523306,0.13992060789383104
provisional_without_pair_shrinkage,2013-09,115276,0.1409251950652438,92932,0.13704261097368067,0.13816549139479253
provisional_without_pair_shrinkage,2013-10,97687,0.14279329471523644,75665,0.13685172900403397,0.13937549825209636
provisional_without_pair_shrinkage,2013-11,95769,0.14622111564219203,73887,0.13985622638779488,0.1394298478564762
provisional_without_pair_shrinkage,2013-12,84857,0.14480433079476068,65445,0.138310052968711,0.13880307904996353
provisional_without_pair_shrinkage,2014-01,106181,0.14891097978290502,81289,0.1443990446350797,0.1460064473258296
provisional_without_pair_shrinkage,2014-02,108120,0.14728737077186788,79651,0.14088688343978176,0.1430932326926938
provisional_without_pair_shrinkage,2014-03,80830,0.14766540549560314,60179,0.14279468930757305,0.14316917976868246
provisional_without_pair_shrinkage,2014-04,113306,0.14726522804524037,89232,0.1426095123788995,0.1441804468367671
provisional_without_pair_shrinkage,2014-05,162815,0.14612895232397324,126191,0.14205740653641535,0.14265614762268508
provisional_without_pair_shrinkage,2014-06,105949,0.1463814892475634,77629,0.14040810244253968,0.1419576478009314
provisional_without_pair_shrinkage,2014-07,104568,0.14420281034648072,77884,0.14000577932857736,0.1410323395154555
provisional_without_pair_shrinkage,2014-08,124004,0.14336440216076413,95737,0.13935664436834239,0.14282311855056548
provisional_without_pair_shrinkage,2014-09,122451,0.1413745762817306,95259,0.13753852574552597,0.13991135775109212
provisional_without_pair_shrinkage,2014-10,100479,0.14058478433764426,76267,0.1366346845240914,0.13806934959809425
provisional_without_pair_shrinkage,2014-11,107622,0.14501215612449705,81645,0.14094141053687304,0.14154703103499125
provisional_without_pair_shrinkage,2014-12,94431,0.14690443597359318,70550,0.14175503905484824,0.1413232080433178
provisional_without_pair_shrinkage,2015-01,119188,0.146672315113766,89310,0.14214263575496938,0.14301551463703546
provisional_without_pair_shrinkage,2015-02,115470,0.14301888508414026,91069,0.13948362376023093,0.1408391753876161
provisional_without_pair_shrinkage,2015-03,98328,0.1458957360909092,74441,0.14132327773707845,0.14294080489593167
provisional_without_pair_shrinkage,2015-04,120313,0.14462481489860923,96431,0.14072097558947388,0.1411449748553981
provisional_without_pair_shrinkage,2015-05,159203,0.14416683956811793,123999,0.1400211279515647,0.1410949021103982
provisional_without_pair_shrinkage,2015-06,133429,0.14378932201992556,100399,0.1391005067374846,0.1410344339458968
provisional_without_pair_shrinkage,2015-07,106171,0.1431896677696378,81232,0.1387567664132671,0.14068374643292697
provisional_without_pair_shrinkage,2015-08,137771,0.14076147511260553,108745,0.13705884437278845,0.14040461511111746
provisional_without_pair_shrinkage,2015-09,154547,0.13970813494554796,125379,0.13574531505388596,0.1390173806964231
provisional_without_pair_shrinkage,2015-10,103432,0.14227468415978772,81712,0.137529510010504,0.139442672554209
provisional_without_pair_shrinkage,2015-11,118017,0.14150954900087687,93670,0.13710583244650915,0.13782485450295093
provisional_without_pair_shrinkage,2015-12,120452,0.14518074347009854,96094,0.14102637366448129,0.14334223570105317
provisional_without_pair_shrinkage,2016-01,142820,0.1484286964237905,111822,0.14339344607499035,0.14617404210702173
provisional_without_pair_shrinkage,2016-02,131816,0.14390872076271535,103358,0.13921549682842738,0.14149156769821652
provisional_without_pair_shrinkage,2016-03,132128,0.1462608803296324,106823,0.14180125930149134,0.14364726774250317
provisional_without_pair_shrinkage,2016-04,155437,0.14580373809524508,124640,0.14222417753135402,0.14377650175885232
provisional_without_pair_shrinkage,2016-05,137093,0.14470121548520434,111315,0.1409244224160766,0.1428058053019569
provisional_without_pair_shrinkage,2016-06,142698,0.1442639377942897,110644,0.13876106778507047,0.14126813853236594
provisional_without_pair_shrinkage,2016-07,109570,0.14505443878695576,87396,0.14047441206031644,0.14293209434493165
provisional_without_pair_shrinkage,2016-08,156349,0.14251573732972936,125466,0.13789036870120125,0.14106828550107872
provisional_without_pair_shrinkage,2016-09,170541,0.14029696228853444,141565,0.1366571526298809,0.14154906017596586
provisional_without_pair_shrinkage,2016-10,102692,0.14305131418367073,81888,0.13805750321893262,0.14190715383649383
provisional_without_pair_shrinkage,2016-11,130785,0.1428575921621369,106284,0.13796431880937893,0.14085633062498779
provisional_without_pair_shrinkage,2016-12,141489,0.14484170025356752,116345,0.1415456621621213,0.1436400786611406
provisional_without_pair_shrinkage,2017-01,155897,0.14824806321420256,123531,0.143311427797106,0.14670666475019908
provisional_without_pair_shrinkage,2017-02,150759,0.14307177177748617,121558,0.1386687600549716,0.14262319169159204
provisional_without_pair_shrinkage,2017-03,117131,0.1470412544937408,96153,0.14230642805117802,0.1454640615563146
provisional_without_pair_shrinkage,2017-04,148123,0.1484243651105441,121788,0.14464878856810495,0.14660659289062322
provisional_without_pair_shrinkage,2017-05,168769,0.14307740569508742,138400,0.13860259502246786,0.1414714100110548
provisional_without_pair_shrinkage,2017-06,143535,0.14289230476883447,115773,0.13927483201708388,0.14381991804577768
provisional_without_pair_shrinkage,2017-07,130033,0.14347649848498176,104188,0.13958853652365202,0.1447036230325956
provisional_without_pair_shrinkage,2017-08,171045,0.1421902956077543,139774,0.1378860703251373,0.14385007764281413
provisional_without_pair_shrinkage,2017-09,166013,0.13913139219702175,138049,0.1355786730896646,0.14127705307757643
provisional_without_pair_shrinkage,2017-10,114268,0.14158872660729652,93445,0.13721304015471558,0.1430673773604005
provisional_without_pair_shrinkage,2017-11,124767,0.14005107094354458,101873,0.13607038536795232,0.1397531099635756
provisional_without_pair_shrinkage,2017-12,152995,0.14566436731330676,126971,0.14215765550234785,0.14593946554204865
provisional_without_pair_shrinkage,2018-01,158039,0.1468440217283009,128128,0.1432231167235314,0.14795017354637724
provisional_without_pair_shrinkage,2018-02,159448,0.1432547093633565,130833,0.14017135970978753,0.14516506605768278
provisional_without_pair_shrinkage,2018-03,140200,0.14422317626133443,113958,0.1394480136596229,0.1438710706118439
provisional_without_pair_shrinkage,2018-04,136794,0.1457906450048835,114566,0.14262511018561316,0.14638299361794493
provisional_without_pair_shrinkage,2018-05,175647,0.14424563439380514,142890,0.1400966568939272,0.14478892880618174
provisional_without_pair_shrinkage,2018-06,155857,0.14234612411647937,124913,0.138649915604718,0.14461917809477368
provisional_without_pair_shrinkage,2018-07,127445,0.145960020176835,101253,0.1426123746582006,0.14776779749934635
provisional_without_pair_shrinkage,2018-08,183183,0.14139874013397188,151293,0.13758424002469055,0.14505380291679337
provisional_without_pair_shrinkage,2018-09,163513,0.1401265840109962,134001,0.13637525000180595,0.1438768147320056
provisional_without_pair_shrinkage,2018-10,99339,0.14160844518841118,81172,0.13773969455027119,0.14439505080350473
provisional_without_pair_shrinkage,2018-11,132573,0.14102893868359448,110473,0.13809445319969535,0.1435403399992663
provisional_without_pair_shrinkage,2018-12,160329,0.1460237842428436,132013,0.14247964494990298,0.1486459346962695
provisional_without_pair_shrinkage,2019-01,151587,0.14519520039468609,123867,0.14198368890786578,0.14846589402257646
provisional_without_pair_shrinkage,2019-02,166560,0.1431943234625109,136179,0.13977655537528497,0.14674861876527814
provisional_without_pair_shrinkage,2019-03,123549,0.14275484538384764,102775,0.13935381753747772,0.1457772082195778
provisional_without_pair_shrinkage,2019-04,147548,0.14534683352119432,122103,0.14193092822312,0.14767940148047384
provisional_without_pair_shrinkage,2019-05,203830,0.14245702726350423,167801,0.1390411162786738,0.14549958711491992
provisional_without_pair_shrinkage,2019-06,131996,0.14479355598536203,105832,0.14133469954020472,0.1477431887930657
provisional_without_pair_shrinkage,2019-07,150657,0.1439733532716422,122965,0.1406105681090414,0.14871307352825164
provisional_without_pair_shrinkage,2019-08,184892,0.14073692339917135,153532,0.1375467796754857,0.1466920341447409
provisional_without_pair_shrinkage,2019-09,174646,0.1409217730391985,145075,0.13812564900687122,0.14783924411519628
provisional_without_pair_shrinkage,2019-10,105337,0.14190093013619454,86984,0.13896124440440927,0.1487107912354122
provisional_without_pair_shrinkage,2019-11,136652,0.1428607928246541,112749,0.13956403476106305,0.14706445098924276
provisional_without_pair_shrinkage,2019-12,163304,0.14457696874211823,135706,0.14157902624620847,0.1477000164205632
provisional_without_pair_shrinkage,2020-01,154730,0.14508174618677724,127518,0.14240825044077754,0.15014015496170627
provisional_without_pair_shrinkage,2020-02,166424,0.14257209876954,138404,0.14009071055302583,0.14813930255937824
provisional_without_pair_shrinkage,2020-03,134659,0.14519785760303938,113746,0.1418014363402273,0.14837624462817883
provisional_without_pair_shrinkage,2020-04,98206,0.14487488222921974,84539,0.14272777510922297,0.14827489869085791
provisional_without_pair_shrinkage,2020-05,6318,0.15467047274752677,5203,0.15049454372474227,0.1550410720513652
provisional_without_pair_shrinkage,2020-06,1983,0.14508976139511945,1604,0.14507279125553976,0.14456280345942843
provisional_without_pair_shrinkage,2020-07,10453,0.1317020887375748,9776,0.1311376367288335,0.1370723543159292
provisional_without_pair_shrinkage,2020-08,17416,0.13548068466480007,14879,0.13305334363894977,0.14461018568376216
provisional_without_pair_shrinkage,2020-09,35859,0.14040491245844575,31616,0.13876934060255383,0.14855440760545635
provisional_without_pair_shrinkage,2020-10,35958,0.13939522522980546,31602,0.1367935825188747,0.14576140867445989
provisional_without_pair_shrinkage,2020-11,38815,0.13914342035168886,34066,0.1374117200031949,0.14359375483932493
provisional_without_pair_shrinkage,2020-12,20568,0.14526604792653336,16928,0.14239152603437538,0.151251817381171
provisional_without_pair_shrinkage,2021-01,24591,0.14769028729819314,20345,0.14562069117175477,0.15407100493093484
provisional_without_pair_shrinkage,2021-02,19935,0.14872113142812649,15945,0.1434322655054923,0.1548057050279339
provisional_without_pair_shrinkage,2021-03,14473,0.14574458883053218,11227,0.1429294903291324,0.15813373659938568
provisional_without_pair_shrinkage,2021-04,31608,0.14602863858060364,25655,0.14247216703997104,0.15485994249315774
provisional_without_pair_shrinkage,2021-05,42571,0.14878287454353983,32833,0.14383956150269966,0.1572828194095197
provisional_without_pair_shrinkage,2021-06,32623,0.14694681618957522,26524,0.14321981467629993,0.15361593144860108
provisional_without_pair_shrinkage,2021-07,67486,0.14757009386760134,52070,0.1435642465753976,0.15534107897680646
provisional_without_pair_shrinkage,2021-08,85151,0.14260990386419786,70202,0.13829717544644793,0.15329495645721306
provisional_without_pair_shrinkage,2021-09,107478,0.14422455014548094,87526,0.1397000894050281,0.15486003762158035
provisional_without_pair_shrinkage,2021-10,72035,0.14261690527311774,58242,0.1370732565749765,0.14973921777886925
provisional_without_pair_shrinkage,2021-11,88431,0.14275494461807006,73424,0.1377488180440441,0.1484686863486792
provisional_without_pair_shrinkage,2021-12,120499,0.14796420886840395,95357,0.1433208289195715,0.1564535839666976
provisional_without_pair_shrinkage,2022-01,106332,0.15060054965265035,81324,0.1460738937410708,0.1594703565523222
provisional_without_pair_shrinkage,2022-02,84471,0.14622838110616493,66176,0.1408098089343738,0.15475191427107401
provisional_without_pair_shrinkage,2022-03,79374,0.14487095439123873,64167,0.13975155358272234,0.15226536773714602
provisional_without_pair_shrinkage,2022-04,129046,0.1451613669088731,103775,0.1408078537183717,0.15363782815108565
provisional_without_pair_shrinkage,2022-05,151542,0.14658946433618159,120708,0.1413762304474442,0.15458422070004835
provisional_without_pair_shrinkage,2022-06,121892,0.143747442886262,96978,0.1394708866527039,0.1538702364839426
provisional_without_pair_shrinkage,2022-07,123467,0.1449538717337791,97255,0.1400559499881401,0.15439572665176224
provisional_without_pair_shrinkage,2022-08,147775,0.14410399057082043,118956,0.1392046961258144,0.1566583743112495
provisional_without_pair_shrinkage,2022-09,166586,0.1418193058027603,135348,0.1377175668603775,0.15403433891707607
provisional_without_pair_shrinkage,2022-10,112576,0.1450172267199097,91113,0.14029372514064598,0.15612180778860027
provisional_without_pair_shrinkage,2022-11,121255,0.14321036256768063,95722,0.13798351501388748,0.15054956403779413
provisional_without_pair_shrinkage,2022-12,155614,0.14575930818494232,125814,0.1413559410476458,0.1552064950378177
provisional_without_pair_shrinkage,2023-01,117006,0.14684696241554834,93656,0.14253139427154576,0.1555209729020314
provisional_without_pair_shrinkage,2023-02,158635,0.14480158541305355,125878,0.140285202021194,0.1541977404775415
provisional_without_pair_shrinkage,2023-03,148995,0.1466590562208453,118611,0.1419813774702786,0.15346944489148756
provisional_without_pair_shrinkage,2023-04,134395,0.1454439072955825,109286,0.1414833014608302,0.15364614231316087
provisional_without_pair_shrinkage,2023-05,161031,0.1423900729591162,125552,0.1379974677522628,0.15124570422864655
provisional_without_pair_shrinkage,2023-06,154070,0.14323227937288388,120933,0.13982819567899782,0.15205762795967753
provisional_without_pair_shrinkage,2023-07,134541,0.1440630152175257,104978,0.13956965270361488,0.15421571596188255
provisional_without_pair_shrinkage,2023-08,174520,0.14423315261230388,140987,0.14003546814180226,0.15663805054240293
provisional_without_pair_shrinkage,2023-09,181717,0.14255734928514163,144747,0.13788333507313466,0.15312476630520452
provisional_without_pair_shrinkage,2023-10,109233,0.14187750582576145,89765,0.1379232205522271,0.15245830891061207
provisional_without_pair_shrinkage,2023-11,155183,0.1413591773787517,123446,0.13636909296933536,0.14857358303711993
provisional_without_pair_shrinkage,2023-12,157723,0.14553872778099494,129553,0.1415113936531197,0.15461103282679903
provisional_without_pair_shrinkage,2024-01,136753,0.14635336697089874,107620,0.141321482628405,0.15515565682445132
provisional_without_pair_shrinkage,2024-02,188591,0.14551570087536816,148100,0.14119572197863836,0.15458904603311982
provisional_without_pair_shrinkage,2024-03,158871,0.14684894082775055,125251,0.142005353514484,0.1536947440799163
provisional_without_pair_shrinkage,2024-04,153312,0.14681155849533367,126462,0.14221840723880877,0.14904309409256347
provisional_without_pair_shrinkage,2024-05,184379,0.14294749982143903,148516,0.13832394624823396,0.1440756316314139
provisional_without_pair_shrinkage,2024-06,166980,0.1417623124015338,128797,0.13657270183484524,0.14346134520623752
provisional_without_pair_shrinkage,2024-07,124316,0.14172553076732491,97658,0.13690813377740374,0.14459813674808647
provisional_without_pair_shrinkage,2024-08,204608,0.1416666357693882,165841,0.13656227181397163,0.14595087092256542
provisional_without_pair_shrinkage,2024-09,170646,0.14114797419825162,137992,0.13615932063662867,0.14490793270601346
provisional_without_pair_shrinkage,2024-10,127181,0.1426300012058446,103637,0.13771551366971033,0.14513949766479062
provisional_without_pair_shrinkage,2024-11,150324,0.14206232629681512,122605,0.13735296717176204,0.14348358933736863
provisional_without_pair_shrinkage,2024-12,178838,0.1447968335079824,146431,0.14023382530049486,0.14670192491710318
provisional_without_pair_shrinkage,2025-01,164555,0.14617864881258713,132507,0.14221927310413757,0.1500422774990157
provisional_without_pair_shrinkage,2025-02,201036,0.14590609353780393,158773,0.14103888979709228,0.14842691902018532
provisional_without_pair_shrinkage,2025-03,168718,0.1447019683322195,137738,0.14029670189399773,0.14668756884309575
provisional_without_pair_shrinkage,2025-04,174938,0.14498565004615496,144880,0.1405392097786654,0.14755620165780653
provisional_without_pair_shrinkage,2025-05,198582,0.14256865764469634,161724,0.13743191908352967,0.14424900164020438
provisional_without_pair_shrinkage,2025-06,178781,0.14301667684721295,138929,0.13792386789406014,0.14518967706496425
provisional_without_pair_shrinkage,2025-07,163965,0.14246178318972688,131684,0.13736435192291996,0.14404662662381607
provisional_without_pair_shrinkage,2025-08,206483,0.143154040261877,169796,0.13813281636961308,0.14615148256468435
provisional_without_pair_shrinkage,2025-09,198411,0.1423940724425782,162815,0.13761808446626217,0.1456144322313506
provisional_without_pair_shrinkage,2025-10,147779,0.14134462632971623,123999,0.13629062767050235,0.14357558504245022
provisional_without_pair_shrinkage,2025-11,165904,0.1419624879057884,137859,0.13701561495104164,0.14412473099827613
provisional_without_pair_shrinkage,2025-12,192614,0.1434777481169069,161785,0.13923546820314053,0.14623287424657014
provisional_without_pool_centering,2008-04,180982,0.1760976429422982,144265,0.1720408596531137,0.13764081149142152
provisional_without_pool_centering,2008-05,0,,0,,
provisional_without_pool_centering,2008-06,0,,0,,
provisional_without_pool_centering,2008-07,236675,0.16364867748458872,187852,0.15845006200620051,0.13679543234739883
provisional_without_pool_centering,2008-08,0,,0,,
provisional_without_pool_centering,2008-09,0,,0,,
provisional_without_pool_centering,2008-10,243167,0.1590396083860956,187997,0.1522162386465753,0.13360164260122337
provisional_without_pool_centering,2008-11,0,,0,,
provisional_without_pool_centering,2008-12,0,,0,,
provisional_without_pool_centering,2009-01,167185,0.15633234125290377,129736,0.14948121288682634,0.13549237721585075
provisional_without_pool_centering,2009-02,0,,0,,
provisional_without_pool_centering,2009-03,0,,0,,
provisional_without_pool_centering,2009-04,185579,0.15367962604293067,144117,0.14713861847996598,0.1362235904853938
provisional_without_pool_centering,2009-05,0,,0,,
provisional_without_pool_centering,2009-06,0,,0,,
provisional_without_pool_centering,2009-07,276319,0.15212069913313495,213427,0.14579474718510446,0.13672714563217941
provisional_without_pool_centering,2009-08,0,,0,,
provisional_without_pool_centering,2009-09,203525,0.1494991501759964,156525,0.1431365352289897,0.1358919539142354
provisional_without_pool_centering,2009-10,0,,0,,
provisional_without_pool_centering,2009-11,124272,0.1445356089106128,97975,0.1395684846853828,0.1332768421482737
provisional_without_pool_centering,2009-12,0,,0,,
provisional_without_pool_centering,2010-01,129027,0.15134764137673093,98157,0.14514290828367066,0.13953411914446878
provisional_without_pool_centering,2010-02,0,,0,,
provisional_without_pool_centering,2010-03,120543,0.14893915929925156,93770,0.1433150829240676,0.13844180215781
provisional_without_pool_centering,2010-04,0,,0,,
provisional_without_pool_centering,2010-05,199670,0.14901609042522881,158485,0.1441389828724118,0.13968666619760683
provisional_without_pool_centering,2010-06,0,,0,,
provisional_without_pool_centering,2010-07,159042,0.14863058023361994,124520,0.14296412063118535,0.1392908571539941
provisional_without_pool_centering,2010-08,0,,0,,
provisional_without_pool_centering,2010-09,195050,0.1467546099691629,147890,0.13884155837761286,0.13571324516676864
provisional_without_pool_centering,2010-10,0,,0,,
provisional_without_pool_centering,2010-11,140448,0.14435068868588097,109782,0.13775076440940576,0.1347141978585435
provisional_without_pool_centering,2010-12,0,,0,,
provisional_without_pool_centering,2011-01,145193,0.14931977917542347,109700,0.14193513743922243,0.13972153095692524
provisional_without_pool_centering,2011-02,0,,0,,
provisional_without_pool_centering,2011-03,132088,0.14821213509483125,99511,0.1408998349950709,0.13901446406464418
provisional_without_pool_centering,2011-04,0,,0,,
provisional_without_pool_centering,2011-05,223039,0.14863315946428562,178791,0.14390284435171755,0.14128042527243903
provisional_without_pool_centering,2011-06,0,,0,,
provisional_without_pool_centering,2011-07,176771,0.14737328051962495,132854,0.14060326717632135,0.13871616654654184
provisional_without_pool_centering,2011-08,0,,0,,
provisional_without_pool_centering,2011-09,224484,0.1443063613012485,172951,0.1367991948635708,0.1363402433763059
provisional_without_pool_centering,2011-10,0,,0,,
provisional_without_pool_centering,2011-11,161794,0.14648733470674521,123278,0.1384655280671415,0.13767324972062722
provisional_without_pool_centering,2011-12,0,,0,,
provisional_without_pool_centering,2012-01,164518,0.14996463774539381,122749,0.14258817013728697,0.14188899280634668
provisional_without_pool_centering,2012-02,0,,0,,
provisional_without_pool_centering,2012-03,140138,0.14621651012026554,105841,0.13899227403492664,0.13903934561748874
provisional_without_pool_centering,2012-04,0,,0,,
provisional_without_pool_centering,2012-05,259245,0.1482048678901649,200618,0.14183915520562057,0.14118119535100415
provisional_without_pool_centering,2012-06,0,,0,,
provisional_without_pool_centering,2012-07,196973,0.1455137170264037,150058,0.13911909092601552,0.1391799920494064
provisional_without_pool_centering,2012-08,102757,0.14421642349503133,80200,0.1373152263601128,0.13820478774648162
provisional_without_pool_centering,2012-09,130159,0.14423213843389388,102300,0.13841146606064456,0.13901320342270362
provisional_without_pool_centering,2012-10,77341,0.14226012143132236,61915,0.13695751436679632,0.13801826261835118
provisional_without_pool_centering,2012-11,77002,0.14508418765572456,59606,0.13828355992939612,0.1349325056168898
provisional_without_pool_centering,2012-12,86451,0.146335603895337,65482,0.13983136319724554,0.1397145225049369
provisional_without_pool_centering,2013-01,80760,0.1479527055740542,63960,0.14211038420337668,0.14187160749925978
provisional_without_pool_centering,2013-02,93367,0.14736894256336494,71354,0.1404842085067755,0.14106790244226441
provisional_without_pool_centering,2013-03,79090,0.15240160433051025,57496,0.14526876972439834,0.14463920306920244
provisional_without_pool_centering,2013-04,114967,0.1492811406786135,88831,0.14338433882245374,0.14274204141553173
provisional_without_pool_centering,2013-05,142160,0.14769506777270214,111877,0.1428981873547989,0.14275613557467082
provisional_without_pool_centering,2013-06,135294,0.14668269784018967,103699,0.14065891503605155,0.14104759241351278
provisional_without_pool_centering,2013-07,81625,0.1437607807971383,62282,0.1383186544458938,0.13854468283755306
provisional_without_pool_centering,2013-08,122736,0.14446829594213215,95291,0.1385703911946093,0.13992060789383104
provisional_without_pool_centering,2013-09,115276,0.14092564287415685,92932,0.13704333483453332,0.13816549139479253
provisional_without_pool_centering,2013-10,97687,0.14279367393642337,75665,0.1368528365326749,0.13937549825209636
provisional_without_pool_centering,2013-11,95769,0.14622142510219455,73887,0.13985692702665783,0.1394298478564762
provisional_without_pool_centering,2013-12,84857,0.14480480070493673,65445,0.13831079402412233,0.13880307904996353
provisional_without_pool_centering,2014-01,106181,0.14891143922323516,81289,0.14439972800207543,0.1460064473258296
provisional_without_pool_centering,2014-02,108120,0.14728777302020601,79651,0.14088801786555694,0.1430932326926938
provisional_without_pool_centering,2014-03,80830,0.1476659438584233,60179,0.14279574433663697,0.14316917976868246
provisional_without_pool_centering,2014-04,113306,0.14726578852210984,89232,0.14261013871248485,0.1441804468367671
provisional_without_pool_centering,2014-05,162815,0.14612911976569765,126191,0.14205788785255077,0.14265614762268508
provisional_without_pool_centering,2014-06,105949,0.14638152588516887,77629,0.14040891604522684,0.1419576478009314
provisional_without_pool_centering,2014-07,104568,0.14420296016452946,77884,0.14000663796142776,0.1410323395154555
provisional_without_pool_centering,2014-08,124004,0.14336473740509967,95737,0.13935743511003648,0.14282311855056548
provisional_without_pool_centering,2014-09,122451,0.1413750478562864,95259,0.13753957082995244,0.13991135775109212
provisional_without_pool_centering,2014-10,100479,0.140584685826794,76267,0.1366351845357679,0.13806934959809425
provisional_without_pool_centering,2014-11,107622,0.14501232353049856,81645,0.1409422418993123,0.14154703103499125
provisional_without_pool_centering,2014-12,94431,0.14690517030346953,70550,0.14175608430191852,0.1413232080433178
provisional_without_pool_centering,2015-01,119188,0.1466724053889008,89310,0.14214337110134204,0.14301551463703546
provisional_without_pool_centering,2015-02,115470,0.14301935547224007,91069,0.1394843819435128,0.1408391753876161
provisional_without_pool_centering,2015-03,98328,0.14589589171598125,74441,0.1413241089957592,0.14294080489593167
provisional_without_pool_centering,2015-04,120313,0.14462495389889346,96431,0.14072139497618819,0.1411449748553981
provisional_without_pool_centering,2015-05,159203,0.14416678486771067,123999,0.14002146730574455,0.1410949021103982
provisional_without_pool_centering,2015-06,133429,0.1437892654298002,100399,0.13910106011870912,0.1410344339458968
provisional_without_pool_centering,2015-07,106171,0.14318963728345907,81232,0.13875725348441761,0.14068374643292697
provisional_without_pool_centering,2015-08,137771,0.1407615615171994,108745,0.13705917244500612,0.14040461511111746
provisional_without_pool_centering,2015-09,154547,0.1397080561434695,125379,0.13574559805939485,0.1390173806964231
provisional_without_pool_centering,2015-10,103432,0.14227471304867936,81712,0.13753004156418405,0.139442672554209
provisional_without_pool_centering,2015-11,118017,0.1415093313413954,93670,0.13710611235752465,0.13782485450295093
provisional_without_pool_centering,2015-12,120452,0.14518078763237344,96094,0.14102667767096477,0.14334223570105317
provisional_without_pool_centering,2016-01,142820,0.14842876750492812,111822,0.14339371685372548,0.14617404210702173
provisional_without_pool_centering,2016-02,131816,0.1439088722259697,103358,0.13921614797131804,0.14149156769821652
provisional_without_pool_centering,2016-03,132128,0.14626097883004185,106823,0.14180171777254114,0.14364726774250317
provisional_without_pool_centering,2016-04,155437,0.14580386889677088,124640,0.1422245054068944,0.14377650175885232
provisional_without_pool_centering,2016-05,137093,0.14470130865807712,111315,0.14092501760336723,0.1428058053019569
provisional_without_pool_centering,2016-06,142698,0.144263630212551,110644,0.13876127596414217,0.14126813853236594
provisional_without_pool_centering,2016-07,109570,0.1450542102559385,87396,0.14047460897068642,0.14293209434493165
provisional_without_pool_centering,2016-08,156349,0.14251590925968952,125466,0.1378908328765473,0.14106828550107872
provisional_without_pool_centering,2016-09,170541,0.1402966848099114,141565,0.1366572504052293,0.14154906017596586
provisional_without_pool_centering,2016-10,102692,0.14305095932052422,81888,0.13805784866184262,0.14190715383649383
provisional_without_pool_centering,2016-11,130785,0.14285749813319515,106284,0.13796467126091155,0.14085633062498779
provisional_without_pool_centering,2016-12,141489,0.1448416391553515,116345,0.14154583901938503,0.1436400786611406
provisional_without_pool_centering,2017-01,155897,0.14824821307710173,123531,0.1433118029670791,0.14670666475019908
provisional_without_pool_centering,2017-02,150759,0.14307193533865675,121558,0.13866917817663166,0.14262319169159204
provisional_without_pool_centering,2017-03,117131,0.1470418619821264,96153,0.14230686907083523,0.1454640615563146
provisional_without_pool_centering,2017-04,148123,0.14842458312074727,121788,0.1446490627444461,0.14660659289062322
provisional_without_pool_centering,2017-05,168769,0.1430774334150088,138400,0.13860288030526846,0.1414714100110548
provisional_without_pool_centering,2017-06,143535,0.1428920135720134,115773,0.13927480711034057,0.14381991804577768
provisional_without_pool_centering,2017-07,130033,0.14347636789849655,104188,0.13958859428260528,0.1447036230325956
provisional_without_pool_centering,2017-08,171045,0.14219041428567805,139774,0.1378863327557023,0.14385007764281413
provisional_without_pool_centering,2017-09,166013,0.13913124424112336,138049,0.13557870076137557,0.14127705307757643
provisional_without_pool_centering,2017-10,114268,0.1415883200862777,93445,0.13721307399173227,0.1430673773604005
provisional_without_pool_centering,2017-11,124767,0.14005103111021264,101873,0.13607049178029146,0.1397531099635756
provisional_without_pool_centering,2017-12,152995,0.14566427763475756,126971,0.14215757976699167,0.14593946554204865
provisional_without_pool_centering,2018-01,158039,0.14684402427124083,128128,0.14322317638843926,0.14795017354637724
provisional_without_pool_centering,2018-02,159448,0.143254547147386,130833,0.1401713772284427,0.14516506605768278
provisional_without_pool_centering,2018-03,140200,0.14422310773978944,113958,0.13944805005656838,0.1438710706118439
provisional_without_pool_centering,2018-04,136794,0.14579099137818255,114566,0.14262538383803036,0.14638299361794493
provisional_without_pool_centering,2018-05,175647,0.14424564240102772,142890,0.1400967501843505,0.14478892880618174
provisional_without_pool_centering,2018-06,155857,0.14234580371566025,124913,0.1386497854725178,0.14461917809477368
provisional_without_pool_centering,2018-07,127445,0.14595986469249853,101253,0.14261233575203397,0.14776779749934635
provisional_without_pool_centering,2018-08,183183,0.14139873479166143,151293,0.13758424533301583,0.14505380291679337
provisional_without_pool_centering,2018-09,163513,0.14012656280622013,134001,0.13637536948429593,0.1438768147320056
provisional_without_pool_centering,2018-10,99339,0.1416084055044658,81172,0.13773965241646208,0.14439505080350473
provisional_without_pool_centering,2018-11,132573,0.1410290271352602,110473,0.13809457481821885,0.1435403399992663
provisional_without_pool_centering,2018-12,160329,0.14602386942314377,132013,0.14247977812625665,0.1486459346962695
provisional_without_pool_centering,2019-01,151587,0.14519540086238739,123867,0.1419838570527779,0.14846589402257646
provisional_without_pool_centering,2019-02,166560,0.1431943644405979,136179,0.13977669664645306,0.14674861876527814
provisional_without_pool_centering,2019-03,123549,0.14275529123058694,102775,0.13935411981874907,0.1457772082195778
provisional_without_pool_centering,2019-04,147548,0.14534707044981246,122103,0.14193105978299364,0.14767940148047384
provisional_without_pool_centering,2019-05,203830,0.14245723207912586,167801,0.1390412697886312,0.14549958711491992
provisional_without_pool_centering,2019-06,131996,0.14479386702849475,105832,0.14133497891160318,0.1477431887930657
provisional_without_pool_centering,2019-07,150657,0.14397344722523125,122965,0.14061056009767417,0.14871307352825164
provisional_without_pool_centering,2019-08,184892,0.14073714709743623,153532,0.1375468575880136,0.1466920341447409
provisional_without_pool_centering,2019-09,174646,0.14092176599463857,145075,0.13812567333131867,0.14783924411519628
provisional_without_pool_centering,2019-10,105337,0.14190090759527946,86984,0.1389611835450056,0.1487107912354122
provisional_without_pool_centering,2019-11,136652,0.1428609784486193,112749,0.13956423148611358,0.14706445098924276
provisional_without_pool_centering,2019-12,163304,0.14457692856697485,135706,0.14157892279972412,0.1477000164205632
provisional_without_pool_centering,2020-01,154730,0.14508198936462963,127518,0.14240842601104592,0.15014015496170627
provisional_without_pool_centering,2020-02,166424,0.14257216950926807,138404,0.14009071544890253,0.14813930255937824
provisional_without_pool_centering,2020-03,134659,0.14519822086648182,113746,0.14180163747361177,0.14837624462817883
provisional_without_pool_centering,2020-04,98206,0.14487531975518045,84539,0.1427280249057045,0.14827489869085791
provisional_without_pool_centering,2020-05,6318,0.15467111623165236,5203,0.15049490111135821,0.1550410720513652
provisional_without_pool_centering,2020-06,1983,0.14509068778035392,1604,0.1450735810832496,0.14456280345942843
provisional_without_pool_centering,2020-07,10453,0.13170245304451256,9776,0.1311378654796028,0.1370723543159292
provisional_without_pool_centering,2020-08,17416,0.1354809678796254,14879,0.1330532284646452,0.14461018568376216
provisional_without_pool_centering,2020-09,35859,0.14040540472380472,31616,0.13876938584805792,0.14855440760545635
provisional_without_pool_centering,2020-10,35958,0.13939540214227655,31602,0.13679347651168744,0.14576140867445989
provisional_without_pool_centering,2020-11,38815,0.1391437302306261,34066,0.13741181605387448,0.14359375483932493
provisional_without_pool_centering,2020-12,20568,0.1452662842106609,16928,0.14239160867114867,0.151251817381171
provisional_without_pool_centering,2021-01,24591,0.14769046547264789,20345,0.14562086550183015,0.15407100493093484
provisional_without_pool_centering,2021-02,19935,0.14872144043074867,15945,0.14343253919636464,0.1548057050279339
provisional_without_pool_centering,2021-03,14473,0.1457451776803825,11227,0.1429299650577462,0.15813373659938568
provisional_without_pool_centering,2021-04,31608,0.1460289616894789,25655,0.1424723313025172,0.15485994249315774
provisional_without_pool_centering,2021-05,42571,0.1487832028316537,32833,0.14383960688884898,0.1572828194095197
provisional_without_pool_centering,2021-06,32623,0.14694741053222576,26524,0.1432201131362798,0.15361593144860108
provisional_without_pool_centering,2021-07,67486,0.14757056221324952,52070,0.14356426383354962,0.15534107897680646
provisional_without_pool_centering,2021-08,85151,0.14261025618274542,70202,0.1382972543703593,0.15329495645721306
provisional_without_pool_centering,2021-09,107478,0.14422490191634083,87526,0.13970022456863734,0.15486003762158035
provisional_without_pool_centering,2021-10,72035,0.14261716275241829,58242,0.13707328084066625,0.14973921777886925
provisional_without_pool_centering,2021-11,88431,0.14275515287987495,73424,0.13774885235293063,0.1484686863486792
provisional_without_pool_centering,2021-12,120499,0.1479646017194383,95357,0.14332097605793867,0.1564535839666976
provisional_without_pool_centering,2022-01,106332,0.15060085351020647,81324,0.14607389335910778,0.1594703565523222
provisional_without_pool_centering,2022-02,84471,0.14622856155868663,66176,0.14080981267853265,0.15475191427107401
provisional_without_pool_centering,2022-03,79374,0.14487136709628015,64167,0.13975163673569482,0.15226536773714602
provisional_without_pool_centering,2022-04,129046,0.1451616794132556,103775,0.140807963852462,0.15363782815108565
provisional_without_pool_centering,2022-05,151542,0.1465898131527196,120708,0.14137629305280178,0.15458422070004835
provisional_without_pool_centering,2022-06,121892,0.1437476844889715,96978,0.139470989517523,0.1538702364839426
provisional_without_pool_centering,2022-07,123467,0.14495398925911412,97255,0.14005579036230545,0.15439572665176224
provisional_without_pool_centering,2022-08,147775,0.14410419372045608,118956,0.1392046885567096,0.1566583743112495
provisional_without_pool_centering,2022-09,166586,0.1418193596608757,135348,0.1377175123418019,0.15403433891707607
provisional_without_pool_centering,2022-10,112576,0.14501742280309138,91113,0.14029376459608958,0.15612180778860027
provisional_without_pool_centering,2022-11,121255,0.1432102290326757,95722,0.13798317345504554,0.15054956403779413
provisional_without_pool_centering,2022-12,155614,0.14575957620489324,125814,0.1413559621793999,0.1552064950378177
provisional_without_pool_centering,2023-01,117006,0.14684724340932281,93656,0.14253139892697134,0.1555209729020314
provisional_without_pool_centering,2023-02,158635,0.1448016332027014,125878,0.1402851252535014,0.1541977404775415
provisional_without_pool_centering,2023-03,148995,0.14665943093968425,118611,0.14198130113082874,0.15346944489148756
provisional_without_pool_centering,2023-04,134395,0.14544459691551562,109286,0.14148353892246118,0.15364614231316087
provisional_without_pool_centering,2023-05,161031,0.1423904720655414,125552,0.13799756288751544,0.15124570422864655
provisional_without_pool_centering,2023-06,154070,0.14323263364539648,120933,0.13982816311007107,0.15205762795967753
provisional_without_pool_centering,2023-07,134541,0.14406322820166081,104978,0.139569588287809,0.15421571596188255
provisional_without_pool_centering,2023-08,174520,0.14423340775763208,140987,0.14003532129862048,0.15663805054240293
provisional_without_pool_centering,2023-09,181717,0.1425575382296036,144747,0.13788318030207475,0.15312476630520452
provisional_without_pool_centering,2023-10,109233,0.1418778900707329,89765,0.1379232061413268,0.15245830891061207
provisional_without_pool_centering,2023-11,155183,0.14135976958406485,123446,0.1363694153735743,0.14857358303711993
provisional_without_pool_centering,2023-12,157723,0.14553917738191224,129553,0.1415114763120261,0.15461103282679903
provisional_without_pool_centering,2024-01,136753,0.14635383464076818,107620,0.14132155088387943,0.15515565682445132
provisional_without_pool_centering,2024-02,188591,0.14551600668335612,148100,0.14119574137095348,0.15458904603311982
provisional_without_pool_centering,2024-03,158871,0.14684982293839907,125251,0.14200563007685293,0.1536947440799163
provisional_without_pool_centering,2024-04,153312,0.14681202804581275,126462,0.14221840748395162,0.14904309409256347
provisional_without_pool_centering,2024-05,184379,0.1429477880111677,148516,0.13832382551931183,0.1440756316314139
provisional_without_pool_centering,2024-06,166980,0.14176279056680835,128797,0.13657278379953205,0.14346134520623752
provisional_without_pool_centering,2024-07,124316,0.14172585831203907,97658,0.13690825773413895,0.14459813674808647
provisional_without_pool_centering,2024-08,204608,0.14166709026137356,165841,0.13656237441426086,0.14595087092256542
provisional_without_pool_centering,2024-09,170646,0.14114824153873526,137992,0.1361593688031611,0.14490793270601346
provisional_without_pool_centering,2024-10,127181,0.14263018643348646,103637,0.13771544061744972,0.14513949766479062
provisional_without_pool_centering,2024-11,150324,0.1420627003626867,122605,0.13735291545894468,0.14348358933736863
provisional_without_pool_centering,2024-12,178838,0.1447972684012108,146431,0.140233834507854,0.14670192491710318
provisional_without_pool_centering,2025-01,164555,0.14617904925630712,132507,0.14221940800540592,0.1500422774990157
provisional_without_pool_centering,2025-02,201036,0.14590654072831638,158773,0.1410390077424136,0.14842691902018532
provisional_without_pool_centering,2025-03,168718,0.14470258324950236,137738,0.14029695514029927,0.14668756884309575
provisional_without_pool_centering,2025-04,174938,0.14498627599117472,144880,0.14053949853040001,0.14755620165780653
provisional_without_pool_centering,2025-05,198582,0.14256913763883927,161724,0.13743202509724875,0.14424900164020438
provisional_without_pool_centering,2025-06,178781,0.1430171512091437,138929,0.13792400093614188,0.14518967706496425
provisional_without_pool_centering,2025-07,163965,0.14246186570817737,131684,0.13736409998709007,0.14404662662381607
provisional_without_pool_centering,2025-08,206483,0.14315441339806748,169796,0.1381329044190431,0.14615148256468435
provisional_without_pool_centering,2025-09,198411,0.1423940244667853,162815,0.13761792308461016,0.1456144322313506
provisional_without_pool_centering,2025-10,147779,0.1413448959928323,123999,0.13629064011106504,0.14357558504245022
provisional_without_pool_centering,2025-11,165904,0.14196272709296998,137859,0.13701570298934743,0.14412473099827613
provisional_without_pool_centering,2025-12,192614,0.14347802449345648,161785,0.13923558850948511,0.14623287424657014
provisional_max_exposures_1,2008-04,180982,0.17613289141100402,144265,0.17208016362399356,0.13764081149142152
provisional_max_exposures_1,2008-05,0,,0,,
provisional_max_exposures_1,2008-06,0,,0,,
provisional_max_exposures_1,2008-07,236675,0.16378382823709253,187852,0.15859131367413434,0.13679543234739883
provisional_max_exposures_1,2008-08,0,,0,,
provisional_max_exposures_1,2008-09,0,,0,,
provisional_max_exposures_1,2008-10,243167,0.15942826839734806,187997,0.15262676359538993,0.13360164260122337
provisional_max_exposures_1,2008-11,0,,0,,
provisional_max_exposures_1,2008-12,0,,0,,
provisional_max_exposures_1,2009-01,167185,0.1567945339653116,129736,0.14994489509307943,0.13549237721585075
provisional_max_exposures_1,2009-02,0,,0,,
provisional_max_exposures_1,2009-03,0,,0,,
provisional_max_exposures_1,2009-04,185579,0.15414152598852168,144117,0.14758690151881113,0.1362235904853938
provisional_max_exposures_1,2009-05,0,,0,,
provisional_max_exposures_1,2009-06,0,,0,,
provisional_max_exposures_1,2009-07,276319,0.15256905585924313,213427,0.146229396553805,0.13672714563217941
provisional_max_exposures_1,2009-08,0,,0,,
provisional_max_exposures_1,2009-09,203525,0.15030040555311724,156525,0.14393474899771808,0.1358919539142354
provisional_max_exposures_1,2009-10,0,,0,,
provisional_max_exposures_1,2009-11,124272,0.14542361267310686,97975,0.14039499616038467,0.1332768421482737
provisional_max_exposures_1,2009-12,0,,0,,
provisional_max_exposures_1,2010-01,129027,0.1522178684816548,98157,0.1459592078297598,0.13953411914446878
provisional_max_exposures_1,2010-02,0,,0,,
provisional_max_exposures_1,2010-03,120543,0.1500055824854003,93770,0.144369166624407,0.13844180215781
provisional_max_exposures_1,2010-04,0,,0,,
provisional_max_exposures_1,2010-05,199670,0.1497812463917306,158485,0.14486422940314195,0.13968666619760683
provisional_max_exposures_1,2010-06,0,,0,,
provisional_max_exposures_1,2010-07,159042,0.1496983038261601,124520,0.14401214502227142,0.1392908571539941
provisional_max_exposures_1,2010-08,0,,0,,
provisional_max_exposures_1,2010-09,195050,0.14815102985524056,147890,0.14016040247428446,0.13571324516676864
provisional_max_exposures_1,2010-10,0,,0,,
provisional_max_exposures_1,2010-11,140448,0.14576445526357756,109782,0.1390756934167574,0.1347141978585435
provisional_max_exposures_1,2010-12,0,,0,,
provisional_max_exposures_1,2011-01,145193,0.1506105384334752,109700,0.14315608995747253,0.13972153095692524
provisional_max_exposures_1,2011-02,0,,0,,
provisional_max_exposures_1,2011-03,132088,0.149637289889924,99511,0.1422513989559687,0.13901446406464418
provisional_max_exposures_1,2011-04,0,,0,,
provisional_max_exposures_1,2011-05,223039,0.14970514055938194,178791,0.14492605067668254,0.14128042527243903
provisional_max_exposures_1,2011-06,0,,0,,
provisional_max_exposures_1,2011-07,176771,0.14865316995932742,132854,0.14179765986704446,0.13871616654654184
provisional_max_exposures_1,2011-08,0,,0,,
provisional_max_exposures_1,2011-09,224484,0.14593251568854299,172951,0.13831758965127827,0.1363402433763059
provisional_max_exposures_1,2011-10,0,,0,,
provisional_max_exposures_1,2011-11,161794,0.1482570201945952,123278,0.14013893836431987,0.13767324972062722
provisional_max_exposures_1,2011-12,0,,0,,
provisional_max_exposures_1,2012-01,164518,0.15149104662937599,122749,0.1440226197235299,0.14188899280634668
provisional_max_exposures_1,2012-02,0,,0,,
provisional_max_exposures_1,2012-03,140138,0.14782312098837005,105841,0.1405484695823444,0.13903934561748874
provisional_max_exposures_1,2012-04,0,,0,,
provisional_max_exposures_1,2012-05,259245,0.14950077923985186,200618,0.14309863206690693,0.14118119535100415
provisional_max_exposures_1,2012-06,0,,0,,
provisional_max_exposures_1,2012-07,196973,0.14685747177129213,150058,0.14046169936019548,0.1391799920494064
provisional_max_exposures_1,2012-08,102757,0.1458322332280557,80200,0.1389035947075106,0.13820478774648162
provisional_max_exposures_1,2012-09,130159,0.14614331729134336,102300,0.1402347716852527,0.13901320342270362
provisional_max_exposures_1,2012-10,77341,0.14397600841425473,61915,0.13866318973713967,0.13801826261835118
provisional_max_exposures_1,2012-11,77002,0.14725034659154526,59606,0.14022582604775485,0.1349325056168898
provisional_max_exposures_1,2012-12,86451,0.14805962001419548,65482,0.14152905293098844,0.1397145225049369
provisional_max_exposures_1,2013-01,80760,0.14947873385415414,63960,0.14367085935583448,0.14187160749925978
provisional_max_exposures_1,2013-02,93367,0.14890547898370055,71354,0.1419864822484373,0.14106790244226441
provisional_max_exposures_1,2013-03,79090,0.1538841121084976,57496,0.14700348823500933,0.14463920306920244
provisional_max_exposures_1,2013-04,114967,0.15056515007675397,88831,0.14471602064402722,0.14274204141553173
provisional_max_exposures_1,2013-05,142160,0.14895564868645186,111877,0.14410239173095946,0.14275613557467082
provisional_max_exposures_1,2013-06,135294,0.14822465124517323,103699,0.14223622195541497,0.14104759241351278
provisional_max_exposures_1,2013-07,81625,0.1453449316866762,62282,0.13982935370113606,0.13854468283755306
provisional_max_exposures_1,2013-08,122736,0.14601303159246826,95291,0.14011439016110727,0.13992060789383104
provisional_max_exposures_1,2013-09,115276,0.14290510783440036,92932,0.13897381102021597,0.13816549139479253
provisional_max_exposures_1,2013-10,97687,0.14443825118358442,75665,0.13870234762857755,0.13937549825209636
provisional_max_exposures_1,2013-11,95769,0.14808549954861552,73887,0.14168060178889472,0.1394298478564762
provisional_max_exposures_1,2013-12,84857,0.14663814520166826,65445,0.1400306871148416,0.13880307904996353
provisional_max_exposures_1,2014-01,106181,0.15063657445083564,81289,0.14613081645139642,0.1460064473258296
provisional_max_exposures_1,2014-02,108120,0.1487406510280732,79651,0.1425083113537123,0.1430932326926938
provisional_max_exposures_1,2014-03,80830,0.14909891211736082,60179,0.14445606058808091,0.14316917976868246
provisional_max_exposures_1,2014-04,113306,0.14851724544003655,89232,0.1441058288660522,0.1441804468367671
provisional_max_exposures_1,2014-05,162815,0.14749590677278224,126191,0.14355191903521652,0.14265614762268508
provisional_max_exposures_1,2014-06,105949,0.14753531190326488,77629,0.14180646299815208,0.1419576478009314
provisional_max_exposures_1,2014-07,104568,0.1456146606956623,77884,0.14163697667520628,0.1410323395154555
provisional_max_exposures_1,2014-08,124004,0.14472942295246125,95737,0.1410084224898362,0.14282311855056548
provisional_max_exposures_1,2014-09,122451,0.14275681306413243,95259,0.1391304458295083,0.13991135775109212
provisional_max_exposures_1,2014-10,100479,0.14193561799278773,76267,0.13826888352176747,0.13806934959809425
provisional_max_exposures_1,2014-11,107622,0.14639584817616202,81645,0.1424801700961755,0.14154703103499125
provisional_max_exposures_1,2014-12,94431,0.14848202276300182,70550,0.14348523935690866,0.1413232080433178
provisional_max_exposures_1,2015-01,119188,0.14775816561526364,89310,0.14364303963440728,0.14301551463703546
provisional_max_exposures_1,2015-02,115470,0.14405039547058537,91069,0.1409096850452692,0.1408391753876161
provisional_max_exposures_1,2015-03,98328,0.14658883271361897,74441,0.14251072722760785,0.14294080489593167
provisional_max_exposures_1,2015-04,120313,0.1454567401961849,96431,0.14182615110394017,0.1411449748553981
provisional_max_exposures_1,2015-05,159203,0.14498796395582983,123999,0.14124728110212886,0.1410949021103982
provisional_max_exposures_1,2015-06,133429,0.14459350036734442,100399,0.14035926825480793,0.1410344339458968
provisional_max_exposures_1,2015-07,106171,0.1440037414428247,81232,0.14006615798453637,0.14068374643292697
provisional_max_exposures_1,2015-08,137771,0.14140811574808712,108745,0.1382883962736014,0.14040461511111746
provisional_max_exposures_1,2015-09,154547,0.14072970764568418,125379,0.13709812727846032,0.1390173806964231
provisional_max_exposures_1,2015-10,103432,0.14320809213587746,81712,0.13890517362900165,0.139442672554209
provisional_max_exposures_1,2015-11,118017,0.14226475729806815,93670,0.13828694920672738,0.13782485450295093
provisional_max_exposures_1,2015-12,120452,0.14602400840109997,96094,0.14224173260880327,0.14334223570105317
provisional_max_exposures_1,2016-01,142820,0.14897601227174398,111822,0.1444211052596402,0.14617404210702173
provisional_max_exposures_1,2016-02,131816,0.14453456235317366,103358,0.14029158670351385,0.14149156769821652
provisional_max_exposures_1,2016-03,132128,0.14679087617675068,106823,0.14274975629771192,0.14364726774250317
provisional_max_exposures_1,2016-04,155437,0.14632497231245958,124640,0.14325366336205642,0.14377650175885232
provisional_max_exposures_1,2016-05,137093,0.14517108318551167,111315,0.14185501832401215,0.1428058053019569
provisional_max_exposures_1,2016-06,142698,0.14459184258310145,110644,0.13968326326453223,0.14126813853236594
provisional_max_exposures_1,2016-07,109570,0.14566797606179685,87396,0.14163209740716878,0.14293209434493165
provisional_max_exposures_1,2016-08,156349,0.1430690540310382,125466,0.13901358542920095,0.14106828550107872
provisional_max_exposures_1,2016-09,170541,0.14112109520647803,141565,0.1379491423709129,0.14154906017596586
provisional_max_exposures_1,2016-10,102692,0.14350552890693463,81888,0.1389998488553425,0.14190715383649383
provisional_max_exposures_1,2016-11,130785,0.14339557868365754,106284,0.13893216858116636,0.14085633062498779
provisional_max_exposures_1,2016-12,141489,0.1455962967137072,116345,0.14272997718766792,0.1436400786611406
provisional_max_exposures_1,2017-01,155897,0.1486192989092622,123531,0.14419846095954783,0.14670666475019908
provisional_max_exposures_1,2017-02,150759,0.14360855682565493,121558,0.1396100696817453,0.14262319169159204
provisional_max_exposures_1,2017-03,117131,0.14747910314746404,96153,0.14322760497654466,0.1454640615563146
provisional_max_exposures_1,2017-04,148123,0.14892487155498269,121788,0.1455974083625753,0.14660659289062322
provisional_max_exposures_1,2017-05,168769,0.14340841931687315,138400,0.13948411352677095,0.1414714100110548
provisional_max_exposures_1,2017-06,143535,0.14332410726616482,115773,0.14010970383941038,0.14381991804577768
provisional_max_exposures_1,2017-07,130033,0.14390491355106422,104188,0.1405686886493923,0.1447036230325956
provisional_max_exposures_1,2017-08,171045,0.14262613630958093,139774,0.13878451370545092,0.14385007764281413
provisional_max_exposures_1,2017-09,166013,0.13993046891838584,138049,0.13675514520797702,0.14127705307757643
provisional_max_exposures_1,2017-10,114268,0.1421529259550057,93445,0.13821591399061808,0.1430673773604005
provisional_max_exposures_1,2017-11,124767,0.14069457595127,101873,0.13697133311097767,0.1397531099635756
provisional_max_exposures_1,2017-12,152995,0.1462128948323932,126971,0.14301565158338017,0.14593946554204865
provisional_max_exposures_1,2018-01,158039,0.14741656511857107,128128,0.14416042272185722,0.14795017354637724
provisional_max_exposures_1,2018-02,159448,0.1438041213386659,130833,0.14104787236559857,0.14516506605768278
provisional_max_exposures_1,2018-03,140200,0.14459678737027906,113958,0.14025579511554406,0.1438710706118439
provisional_max_exposures_1,2018-04,136794,0.14630906995861492,114566,0.1434822675068004,0.14638299361794493
provisional_max_exposures_1,2018-05,175647,0.14481099253230875,142890,0.14107401255287946,0.14478892880618174
provisional_max_exposures_1,2018-06,155857,0.14277673352885875,124913,0.1395010926899164,0.14461917809477368
provisional_max_exposures_1,2018-07,127445,0.14645352696373615,101253,0.14353922814434814,0.14776779749934635
provisional_max_exposures_1,2018-08,183183,0.14195463494236316,151293,0.1385899185775716,0.14505380291679337
provisional_max_exposures_1,2018-09,163513,0.14076032481378614,134001,0.13735232853164653,0.1438768147320056
provisional_max_exposures_1,2018-10,99339,0.14209599955671406,81172,0.13856585716021383,0.14439505080350473
provisional_max_exposures_1,2018-11,132573,0.1416738172395904,110473,0.13903012276577112,0.1435403399992663
provisional_max_exposures_1,2018-12,160329,0.14673042890270474,132013,0.14344432815813074,0.1486459346962695
provisional_max_exposures_1,2019-01,151587,0.14575936131170875,123867,0.1428543361498674,0.14846589402257646
provisional_max_exposures_1,2019-02,166560,0.14382300031278503,136179,0.14068356408105612,0.14674861876527814
provisional_max_exposures_1,2019-03,123549,0.14330921955222628,102775,0.14023146386083854,0.1457772082195778
provisional_max_exposures_1,2019-04,147548,0.14584669047425566,122103,0.1427579368384311,0.14767940148047384
provisional_max_exposures_1,2019-05,203830,0.14290271352522052,167801,0.13983576128609224,0.14549958711491992
provisional_max_exposures_1,2019-06,131996,0.14517027671865426,105832,0.1420380620955998,0.1477431887930657
provisional_max_exposures_1,2019-07,150657,0.14455416609725205,122965,0.14150484016675097,0.14871307352825164
provisional_max_exposures_1,2019-08,184892,0.14126085632162727,153532,0.13835314521277334,0.1466920341447409
provisional_max_exposures_1,2019-09,174646,0.14148783681297922,145075,0.13893608126324308,0.14783924411519628
provisional_max_exposures_1,2019-10,105337,0.14250648141994923,86984,0.13981795624571794,0.1487107912354122
provisional_max_exposures_1,2019-11,136652,0.1434494691383372,112749,0.14039067467964328,0.14706445098924276
provisional_max_exposures_1,2019-12,163304,0.14518376172343334,135706,0.14237860690566206,0.1477000164205632
provisional_max_exposures_1,2020-01,154730,0.14563762407035472,127518,0.14323459372812478,0.15014015496170627
provisional_max_exposures_1,2020-02,166424,0.14311182108038836,138404,0.14083599741171626,0.14813930255937824
provisional_max_exposures_1,2020-03,134659,0.1455296952245544,113746,0.14238896979946453,0.14837624462817883
provisional_max_exposures_1,2020-04,98206,0.14527071384316045,84539,0.1434146482483919,0.14827489869085791
provisional_max_exposures_1,2020-05,6318,0.1557628595775202,5203,0.15176061713403913,0.1550410720513652
provisional_max_exposures_1,2020-06,1983,0.14620426272407847,1604,0.14627113381087897,0.14456280345942843
provisional_max_exposures_1,2020-07,10453,0.13217736781181022,9776,0.13167407108571225,0.1370723543159292
provisional_max_exposures_1,2020-08,17416,0.13587284585980314,14879,0.13371810036061169,0.14461018568376216
provisional_max_exposures_1,2020-09,35859,0.1407253573553937,31616,0.13932560960822213,0.14855440760545635
provisional_max_exposures_1,2020-10,35958,0.1396356505938257,31602,0.13725677537312275,0.14576140867445989
provisional_max_exposures_1,2020-11,38815,0.1397435794923156,34066,0.13823820250669566,0.14359375483932493
provisional_max_exposures_1,2020-12,20568,0.14611852604474232,16928,0.14350069405110957,0.151251817381171
provisional_max_exposures_1,2021-01,24591,0.1484320065612088,20345,0.1465093393071177,0.15407100493093484
provisional_max_exposures_1,2021-02,19935,0.14931699270839463,15945,0.1439831559247108,0.1548057050279339
provisional_max_exposures_1,2021-03,14473,0.1461480862310716,11227,0.14364914731004916,0.15813373659938568
provisional_max_exposures_1,2021-04,31608,0.14654492493705593,25655,0.1432384350937816,0.15485994249315774
provisional_max_exposures_1,2021-05,42571,0.14904006338346434,32833,0.14448406482728368,0.1572828194095197
provisional_max_exposures_1,2021-06,32623,0.1474900741671356,26524,0.14419996017247774,0.15361593144860108
provisional_max_exposures_1,2021-07,67486,0.14786980947846598,52070,0.14422883813334864,0.15534107897680646
provisional_max_exposures_1,2021-08,85151,0.14301744014902146,70202,0.13895537520277937,0.15329495645721306
provisional_max_exposures_1,2021-09,107478,0.14477415822475487,87526,0.14041965799529724,0.15486003762158035
provisional_max_exposures_1,2021-10,72035,0.14303544620964087,58242,0.13776215800615224,0.14973921777886925
provisional_max_exposures_1,2021-11,88431,0.14362179130449532,73424,0.13881219786370222,0.1484686863486792
provisional_max_exposures_1,2021-12,120499,0.14834755615086523,95357,0.14400541440398773,0.1564535839666976
provisional_max_exposures_1,2022-01,106332,0.15097989938172365,81324,0.14673534152087025,0.1594703565523222
provisional_max_exposures_1,2022-02,84471,0.1467422601356922,66176,0.14149667831998666,0.15475191427107401
provisional_max_exposures_1,2022-03,79374,0.14530109971070884,64167,0.14044652253628045,0.15226536773714602
provisional_max_exposures_1,2022-04,129046,0.14548062129840894,103775,0.14143115196840828,0.15363782815108565
provisional_max_exposures_1,2022-05,151542,0.1468855730763881,120708,0.14198435163846704,0.15458422070004835
provisional_max_exposures_1,2022-06,121892,0.14398165186416118,96978,0.13997444507169282,0.1538702364839426
provisional_max_exposures_1,2022-07,123467,0.1454019165031599,97255,0.14081455697186734,0.15439572665176224
provisional_max_exposures_1,2022-08,147775,0.1445367857547625,118956,0.13988348284715638,0.1566583743112495
provisional_max_exposures_1,2022-09,166586,0.14233616499000828,135348,0.13843136160002723,0.15403433891707607
provisional_max_exposures_1,2022-10,112576,0.14537149349109216,91113,0.140940452055312,0.15612180778860027
provisional_max_exposures_1,2022-11,121255,0.14361898420871574,95722,0.13875406758951858,0.15054956403779413
provisional_max_exposures_1,2022-12,155614,0.14618734161578856,125814,0.14196131175933843,0.1552064950378177
provisional_max_exposures_1,2023-01,117006,0.14723245749419817,93656,0.14318363251949853,0.1555209729020314
provisional_max_exposures_1,2023-02,158635,0.14515555952290415,125878,0.14092446667205244,0.1541977404775415
provisional_max_exposures_1,2023-03,148995,0.14694899581857213,118611,0.14269619157560548,0.15346944489148756
provisional_max_exposures_1,2023-04,134395,0.14567540205268834,109286,0.14208424620021942,0.15364614231316087
provisional_max_exposures_1,2023-05,161031,0.14271410469495419,125552,0.13865557622829697,0.15124570422864655
provisional_max_exposures_1,2023-06,154070,0.14341469818595617,120933,0.14039522316761555,0.15205762795967753
provisional_max_exposures_1,2023-07,134541,0.1444435637235139,104978,0.14025205595857385,0.15421571596188255
provisional_max_exposures_1,2023-08,174520,0.14466378919377113,140987,0.14076765818093087,0.15663805054240293
provisional_max_exposures_1,2023-09,181717,0.14296115878333066,144747,0.13853027778415922,0.15312476630520452
provisional_max_exposures_1,2023-10,109233,0.14239720175304538,89765,0.1387353021566764,0.15245830891061207
provisional_max_exposures_1,2023-11,155183,0.14181712284058362,123446,0.13705594731318282,0.14857358303711993
provisional_max_exposures_1,2023-12,157723,0.1460451060275079,129553,0.14226533637900995,0.15461103282679903
provisional_max_exposures_1,2024-01,136753,0.14669369490351825,107620,0.14192014589042085,0.15515565682445132
provisional_max_exposures_1,2024-02,188591,0.14587885491382827,148100,0.14181764347878015,0.15458904603311982
provisional_max_exposures_1,2024-03,158871,0.14715975530219344,125251,0.14270638397723825,0.1536947440799163
provisional_max_exposures_1,2024-04,153312,0.14727162745877634,126462,0.14296439644630282,0.14904309409256347
provisional_max_exposures_1,2024-05,184379,0.1432020927037885,148516,0.1387992452384746,0.1440756316314139
provisional_max_exposures_1,2024-06,166980,0.14201674292548422,128797,0.13714922813656677,0.14346134520623752
provisional_max_exposures_1,2024-07,124316,0.142183844671671,97658,0.13765650611504354,0.14459813674808647
provisional_max_exposures_1,2024-08,204608,0.1421137629301109,165841,0.13722910815919231,0.14595087092256542
provisional_max_exposures_1,2024-09,170646,0.1416407810234539,137992,0.1367832558550398,0.14490793270601346
provisional_max_exposures_1,2024-10,127181,0.14314157631642427,103637,0.13841831928903134,0.14513949766479062
provisional_max_exposures_1,2024-11,150324,0.14247951358400832,122605,0.1380223866798848,0.14348358933736863
provisional_max_exposures_1,2024-12,178838,0.14524396443208717,146431,0.1408503954971128,0.14670192491710318
provisional_max_exposures_1,2025-01,164555,0.14672060668138806,132507,0.14296614071777905,0.1500422774990157
provisional_max_exposures_1,2025-02,201036,0.14624988899779373,158773,0.14159228868839518,0.14842691902018532
provisional_max_exposures_1,2025-03,168718,0.1449200851230632,137738,0.14072125131232163,0.14668756884309575
provisional_max_exposures_1,2025-04,174938,0.14530226266719742,144880,0.14102777441765935,0.14755620165780653
provisional_max_exposures_1,2025-05,198582,0.14287660231723745,161724,0.13790286778781244,0.14424900164020438
provisional_max_exposures_1,2025-06,178781,0.14323461044182914,138929,0.13833277358050405,0.14518967706496425
provisional_max_exposures_1,2025-07,163965,0.14289499097759778,131684,0.1379248485887897,0.14404662662381607
provisional_max_exposures_1,2025-08,206483,0.14356575447110612,169796,0.13871967835423746,0.14615148256468435
provisional_max_exposures_1,2025-09,198411,0.14290568774286047,162815,0.13820626065975478,0.1456144322313506
provisional_max_exposures_1,2025-10,147779,0.14167989331013478,123999,0.13673576970073362,0.14357558504245022
provisional_max_exposures_1,2025-11,165904,0.14251351740636367,137859,0.1376570022878692,0.14412473099827613
provisional_max_exposures_1,2025-12,192614,0.14401500135113476,161785,0.13984864431064087,0.14623287424657014
provisional_max_exposures_2,2008-04,180982,0.17610702980885756,144265,0.17205109797412038,0.13764081149142152
provisional_max_exposures_2,2008-05,0,,0,,
provisional_max_exposures_2,2008-06,0,,0,,
provisional_max_exposures_2,2008-07,236675,0.16367775789013467,187852,0.15847930509496527,0.13679543234739883
provisional_max_exposures_2,2008-08,0,,0,,
provisional_max_exposures_2,2008-09,0,,0,,
provisional_max_exposures_2,2008-10,243167,0.15911144015465986,187997,0.15228962800906534,0.13360164260122337
provisional_max_exposures_2,2008-11,0,,0,,
provisional_max_exposures_2,2008-12,0,,0,,
provisional_max_exposures_2,2009-01,167185,0.15641502718232692,129736,0.14956144260731577,0.13549237721585075
provisional_max_exposures_2,2009-02,0,,0,,
provisional_max_exposures_2,2009-03,0,,0,,
provisional_max_exposures_2,2009-04,185579,0.15375113668746043,144117,0.14720020725826857,0.1362235904853938
provisional_max_exposures_2,2009-05,0,,0,,
provisional_max_exposures_2,2009-06,0,,0,,
provisional_max_exposures_2,2009-07,276319,0.15218615792715087,213427,0.14584995551723073,0.13672714563217941
provisional_max_exposures_2,2009-08,0,,0,,
provisional_max_exposures_2,2009-09,203525,0.14962467810695584,156525,0.14325685359639942,0.1358919539142354
provisional_max_exposures_2,2009-10,0,,0,,
provisional_max_exposures_2,2009-11,124272,0.14464262109077036,97975,0.13965957608817864,0.1332768421482737
provisional_max_exposures_2,2009-12,0,,0,,
provisional_max_exposures_2,2010-01,129027,0.15145810887971933,98157,0.14523562485216235,0.13953411914446878
provisional_max_exposures_2,2010-02,0,,0,,
provisional_max_exposures_2,2010-03,120543,0.14906178677984827,93770,0.14343124935134832,0.13844180215781
provisional_max_exposures_2,2010-04,0,,0,,
provisional_max_exposures_2,2010-05,199670,0.1491035144516909,158485,0.1442112905454551,0.13968666619760683
provisional_max_exposures_2,2010-06,0,,0,,
provisional_max_exposures_2,2010-07,159042,0.1487590490706908,124520,0.14307857986656383,0.1392908571539941
provisional_max_exposures_2,2010-08,0,,0,,
provisional_max_exposures_2,2010-09,195050,0.14689495352095094,147890,0.1389547017939168,0.13571324516676864
provisional_max_exposures_2,2010-10,0,,0,,
provisional_max_exposures_2,2010-11,140448,0.14449606298781845,109782,0.137871698493566,0.1347141978585435
provisional_max_exposures_2,2010-12,0,,0,,
provisional_max_exposures_2,2011-01,145193,0.14945539802709637,109700,0.14204705447663604,0.13972153095692524
provisional_max_exposures_2,2011-02,0,,0,,
provisional_max_exposures_2,2011-03,132088,0.14836303152970992,99511,0.14102853856250716,0.13901446406464418
provisional_max_exposures_2,2011-04,0,,0,,
provisional_max_exposures_2,2011-05,223039,0.14874172267526828,178791,0.143999633910767,0.14128042527243903
provisional_max_exposures_2,2011-06,0,,0,,
provisional_max_exposures_2,2011-07,176771,0.14750563679880271,132854,0.1407096801584879,0.13871616654654184
provisional_max_exposures_2,2011-08,0,,0,,
provisional_max_exposures_2,2011-09,224484,0.14447412837036963,172951,0.13694118073675446,0.1363402433763059
provisional_max_exposures_2,2011-10,0,,0,,
provisional_max_exposures_2,2011-11,161794,0.14666518057948372,123278,0.13861664991080672,0.13767324972062722
provisional_max_exposures_2,2011-12,0,,0,,
provisional_max_exposures_2,2012-01,164518,0.15011083898391428,122749,0.14270631734717287,0.14188899280634668
provisional_max_exposures_2,2012-02,0,,0,,
provisional_max_exposures_2,2012-03,140138,0.14637385463996117,105841,0.13912821439444598,0.13903934561748874
provisional_max_exposures_2,2012-04,0,,0,,
provisional_max_exposures_2,2012-05,259245,0.14833454401787288,200618,0.14195792779270225,0.14118119535100415
provisional_max_exposures_2,2012-06,0,,0,,
provisional_max_exposures_2,2012-07,196973,0.1456298389680596,150058,0.13922409299721633,0.1391799920494064
provisional_max_exposures_2,2012-08,102757,0.14436281731495046,80200,0.13744663545600305,0.13820478774648162
provisional_max_exposures_2,2012-09,130159,0.14440911991692099,102300,0.13856588897386946,0.13901320342270362
provisional_max_exposures_2,2012-10,77341,0.14241424918394555,61915,0.13709639946076205,0.13801826261835118
provisional_max_exposures_2,2012-11,77002,0.1453021680121792,59606,0.1384590109092179,0.1349325056168898
provisional_max_exposures_2,2012-12,86451,0.1465343839858008,65482,0.14002676363691663,0.1397145225049369
provisional_max_exposures_2,2013-01,80760,0.14811656043943544,63960,0.14227155457781693,0.14187160749925978
provisional_max_exposures_2,2013-02,93367,0.14754241746969438,71354,0.14064310802554392,0.14106790244226441
provisional_max_exposures_2,2013-03,79090,0.15253502880787567,57496,0.14544199644236325,0.14463920306920244
provisional_max_exposures_2,2013-04,114967,0.14942690504003583,88831,0.1435279944889415,0.14274204141553173
provisional_max_exposures_2,2013-05,142160,0.14781522905311395,111877,0.14300419823846483,0.14275613557467082
provisional_max_exposures_2,2013-06,135294,0.14683769026646334,103699,0.14082362050278138,0.14104759241351278
provisional_max_exposures_2,2013-07,81625,0.1439172174235702,62282,0.1384762953403406,0.13854468283755306
provisional_max_exposures_2,2013-08,122736,0.1446515458857932,95291,0.13877278688047265,0.13992060789383104
provisional_max_exposures_2,2013-09,115276,0.14112672175769259,92932,0.13723110347315157,0.13816549139479253
provisional_max_exposures_2,2013-10,97687,0.1429754637054965,75665,0.1370595183730596,0.13937549825209636
provisional_max_exposures_2,2013-11,95769,0.14641143975617146,73887,0.14003870496393286,0.1394298478564762
provisional_max_exposures_2,2013-12,84857,0.14501571155051649,65445,0.13851710288757224,0.13880307904996353
provisional_max_exposures_2,2014-01,106181,0.14909136109898619,81289,0.1445806035162935,0.1460064473258296
provisional_max_exposures_2,2014-02,108120,0.14744259890745792,79651,0.14105734937809292,0.1430932326926938
provisional_max_exposures_2,2014-03,80830,0.14780915880576437,60179,0.14296053149210186,0.14316917976868246
provisional_max_exposures_2,2014-04,113306,0.1473873811601204,89232,0.142766276123425,0.1441804468367671
provisional_max_exposures_2,2014-05,162815,0.14627348732385423,126191,0.1422194562376596,0.14265614762268508
provisional_max_exposures_2,2014-06,105949,0.14649981872810894,77629,0.14055359935126743,0.1419576478009314
provisional_max_exposures_2,2014-07,104568,0.14439201311364297,77884,0.14021886266176636,0.1410323395154555
provisional_max_exposures_2,2014-08,124004,0.14350592700511672,95737,0.1395292685652355,0.14282311855056548
provisional_max_exposures_2,2014-09,122451,0.14151481080700945,95259,0.13770572513636403,0.13991135775109212
provisional_max_exposures_2,2014-10,100479,0.14070759876369912,76267,0.13677892788914603,0.13806934959809425
provisional_max_exposures_2,2014-11,107622,0.14514524921218663,81645,0.14108612108732033,0.14154703103499125
provisional_max_exposures_2,2014-12,94431,0.14705125540988728,70550,0.14191595939793877,0.1413232080433178
provisional_max_exposures_2,2015-01,119188,0.14679017737369848,89310,0.14230652066868318,0.14301551463703546
provisional_max_exposures_2,2015-02,115470,0.14314438793545836,91069,0.13965169495301422,0.1408391753876161
provisional_max_exposures_2,2015-03,98328,0.14596380941411474,74441,0.14144957574872774,0.14294080489593167
provisional_max_exposures_2,2015-04,120313,0.14472795651827428,96431,0.14086202812579696,0.1411449748553981
provisional_max_exposures_2,2015-05,159203,0.14426114621087763,123999,0.14017230386360618,0.1410949021103982
provisional_max_exposures_2,2015-06,133429,0.143866865821537,100399,0.1392427598202968,0.1410344339458968
provisional_max_exposures_2,2015-07,106171,0.1432517631181466,81232,0.13888498509311903,0.14068374643292697
provisional_max_exposures_2,2015-08,137771,0.1408055286239925,108745,0.13717002381133578,0.14040461511111746
provisional_max_exposures_2,2015-09,154547,0.13980003992718762,125379,0.13586890237149504,0.1390173806964231
provisional_max_exposures_2,2015-10,103432,0.14236815816672133,81712,0.1376746297008379,0.139442672554209
provisional_max_exposures_2,2015-11,118017,0.14155318344436005,93670,0.13720478479735937,0.13782485450295093
provisional_max_exposures_2,2015-12,120452,0.14526555587071038,96094,0.14115194469497475,0.14334223570105317
provisional_max_exposures_2,2016-01,142820,0.14846158763923953,111822,0.14347483037378653,0.14617404210702173
provisional_max_exposures_2,2016-02,131816,0.14394439090288844,103358,0.13929188717441804,0.14149156769821652
provisional_max_exposures_2,2016-03,132128,0.14631107547099076,106823,0.1419007916537764,0.14364726774250317
provisional_max_exposures_2,2016-04,155437,0.14585188524054615,124640,0.14232097990975573,0.14377650175885232
provisional_max_exposures_2,2016-05,137093,0.14475696473820557,111315,0.1410294842085378,0.1428058053019569
provisional_max_exposures_2,2016-06,142698,0.14429617566795358,110644,0.13886798048660678,0.14126813853236594
provisional_max_exposures_2,2016-07,109570,0.14510223080202883,87396,0.14058185039476215,0.14293209434493165
provisional_max_exposures_2,2016-08,156349,0.14256580949473843,125466,0.13800577911751702,0.14106828550107872
provisional_max_exposures_2,2016-09,170541,0.14035246715801888,141565,0.13676334732079976,0.14154906017596586
provisional_max_exposures_2,2016-10,102692,0.14306991796447077,81888,0.13812665362417004,0.14190715383649383
provisional_max_exposures_2,2016-11,130785,0.14287905013063115,106284,0.1380446951360315,0.14085633062498779
provisional_max_exposures_2,2016-12,141489,0.14485549180203697,116345,0.1416067419437851,0.1436400786611406
provisional_max_exposures_2,2017-01,155897,0.14826672161406387,123531,0.1433906454319423,0.14670666475019908
provisional_max_exposures_2,2017-02,150759,0.14310489277948227,121558,0.13874984022737297,0.14262319169159204
provisional_max_exposures_2,2017-03,117131,0.14703319937935222,96153,0.14233961792366334,0.1454640615563146
provisional_max_exposures_2,2017-04,148123,0.14847314988748442,121788,0.14474639635332373,0.14660659289062322
provisional_max_exposures_2,2017-05,168769,0.14310691642471537,138400,0.1386981646637188,0.1414714100110548
provisional_max_exposures_2,2017-06,143535,0.14288662943873368,115773,0.13932462193839074,0.14381991804577768
provisional_max_exposures_2,2017-07,130033,0.14347284938730218,104188,0.13965373499502287,0.1447036230325956
provisional_max_exposures_2,2017-08,171045,0.14221453093331016,139774,0.13796458510381482,0.14385007764281413
provisional_max_exposures_2,2017-09,166013,0.1391705281499665,138049,0.13565644599189705,0.14127705307757643
provisional_max_exposures_2,2017-10,114268,0.14161257484349646,93445,0.13727707096847827,0.1430673773604005
provisional_max_exposures_2,2017-11,124767,0.140134233632462,101873,0.13618345645050428,0.1397531099635756
provisional_max_exposures_2,2017-12,152995,0.1457143394701182,126971,0.14224323509931974,0.14593946554204865
provisional_max_exposures_2,2018-01,158039,0.14689984403550288,128128,0.14332079160842237,0.14795017354637724
provisional_max_exposures_2,2018-02,159448,0.143296822430543,130833,0.1402508177094881,0.14516506605768278
provisional_max_exposures_2,2018-03,140200,0.14422843778955982,113958,0.13950364226611847,0.1438710706118439
provisional_max_exposures_2,2018-04,136794,0.145819955147889,114566,0.1426965091144792,0.14638299361794493
provisional_max_exposures_2,2018-05,175647,0.14425142540875038,142890,0.14015623978234099,0.14478892880618174
provisional_max_exposures_2,2018-06,155857,0.1423665618931411,124913,0.13872625640346223,0.14461917809477368
provisional_max_exposures_2,2018-07,127445,0.1460137886993828,101253,0.14272526012190165,0.14776779749934635
provisional_max_exposures_2,2018-08,183183,0.14141762294000937,151293,0.1376524716901016,0.14505380291679337
provisional_max_exposures_2,2018-09,163513,0.1401464583214744,134001,0.1364335775939387,0.1438768147320056
provisional_max_exposures_2,2018-10,99339,0.14162200094070937,81172,0.1378013934371019,0.14439505080350473
provisional_max_exposures_2,2018-11,132573,0.14110324976392322,110473,0.13821505623448638,0.1435403399992663
provisional_max_exposures_2,2018-12,160329,0.14605867927956306,132013,0.1425485447166885,0.1486459346962695
provisional_max_exposures_2,2019-01,151587,0.14521393640727814,123867,0.14203518011384916,0.14846589402257646
provisional_max_exposures_2,2019-02,166560,0.1432578219367265,136179,0.13987760973305005,0.14674861876527814
provisional_max_exposures_2,2019-03,123549,0.14281387451106856,102775,0.1394572153039633,0.1457772082195778
provisional_max_exposures_2,2019-04,147548,0.14539650152080924,122103,0.14202051445312117,0.14767940148047384
provisional_max_exposures_2,2019-05,203830,0.14248396839641547,167801,0.13911174887136055,0.14549958711491992
provisional_max_exposures_2,2019-06,131996,0.14483456104267298,105832,0.14142544147272085,0.1477431887930657
provisional_max_exposures_2,2019-07,150657,0.14401107762116194,122965,0.14069097406539108,0.14871307352825164
provisional_max_exposures_2,2019-08,184892,0.14077017100926223,153532,0.13761713126166789,0.1466920341447409
provisional_max_exposures_2,2019-09,174646,0.1409858124366482,145075,0.13822139285039506,0.14783924411519628
provisional_max_exposures_2,2019-10,105337,0.14194543991927738,86984,0.13905130084417122,0.1487107912354122
provisional_max_exposures_2,2019-11,136652,0.1429004347521623,112749,0.13963821016052938,0.14706445098924276
provisional_max_exposures_2,2019-12,163304,0.1446330980713714,135706,0.1416616907893497,0.1477000164205632
provisional_max_exposures_2,2020-01,154730,0.1451334452109163,127518,0.14249828007598825,0.15014015496170627
provisional_max_exposures_2,2020-02,166424,0.14263223462051305,138404,0.14017400230751023,0.14813930255937824
provisional_max_exposures_2,2020-03,134659,0.14524240865113675,113746,0.1418757052592521,0.14837624462817883
provisional_max_exposures_2,2020-04,98206,0.1448748085650249,84539,0.14277640368844896,0.14827489869085791
provisional_max_exposures_2,2020-05,6318,0.15485549443506139,5203,0.1506831321631341,0.1550410720513652
provisional_max_exposures_2,2020-06,1983,0.14533738881140323,1604,0.14535025519098752,0.14456280345942843
provisional_max_exposures_2,2020-07,10453,0.13177780141838952,9776,0.13121440987608926,0.1370723543159292
provisional_max_exposures_2,2020-08,17416,0.13548297248946176,14879,0.13310739686480058,0.14461018568376216
provisional_max_exposures_2,2020-09,35859,0.1403913059415561,31616,0.13878155784926502,0.14855440760545635
provisional_max_exposures_2,2020-10,35958,0.13940717585487333,31602,0.13682982222174148,0.14576140867445989
provisional_max_exposures_2,2020-11,38815,0.13921860385545642,34066,0.13752264127104868,0.14359375483932493
provisional_max_exposures_2,2020-12,20568,0.14536112042859375,16928,0.14252186649914197,0.151251817381171
provisional_max_exposures_2,2021-01,24591,0.14773082452316116,20345,0.14566855665071768,0.15407100493093484
provisional_max_exposures_2,2021-02,19935,0.14883601205154348,15945,0.1435346532652213,0.1548057050279339
provisional_max_exposures_2,2021-03,14473,0.14583124806663522,11227,0.14310787435455274,0.15813373659938568
provisional_max_exposures_2,2021-04,31608,0.14607254802617847,25655,0.14254522273901968,0.15485994249315774
provisional_max_exposures_2,2021-05,42571,0.14879282618413128,32833,0.1438930850757592,0.1572828194095197
provisional_max_exposures_2,2021-06,32623,0.1470733045307258,26524,0.14341412069241655,0.15361593144860108
provisional_max_exposures_2,2021-07,67486,0.14758177198129538,52070,0.14362373371822248,0.15534107897680646
provisional_max_exposures_2,2021-08,85151,0.14261616600010607,70202,0.13833409554047638,0.15329495645721306
provisional_max_exposures_2,2021-09,107478,0.14425319651555593,87526,0.13974480728733846,0.15486003762158035
provisional_max_exposures_2,2021-10,72035,0.14265413594599843,58242,0.13716934810578196,0.14973921777886925
provisional_max_exposures_2,2021-11,88431,0.14281696856998938,73424,0.13783958054178774,0.1484686863486792
provisional_max_exposures_2,2021-12,120499,0.1479584734543068,95357,0.14336364308284752,0.1564535839666976
provisional_max_exposures_2,2022-01,106332,0.15062785179140492,81324,0.14615543091927516,0.1594703565523222
provisional_max_exposures_2,2022-02,84471,0.1462810861617753,66176,0.14088769135758625,0.15475191427107401
provisional_max_exposures_2,2022-03,79374,0.1448928142713167,64167,0.13982267662936276,0.15226536773714602
provisional_max_exposures_2,2022-04,129046,0.14515070174163816,103775,0.14085025845447158,0.15363782815108565
provisional_max_exposures_2,2022-05,151542,0.146605738641732,120708,0.14145164742276978,0.15458422070004835
provisional_max_exposures_2,2022-06,121892,0.14375435132726233,96978,0.13953319110384854,0.1538702364839426
provisional_max_exposures_2,2022-07,123467,0.14496861061373556,97255,0.14010432653173197,0.15439572665176224
provisional_max_exposures_2,2022-08,147775,0.14415078937061657,118956,0.1392913055214601,0.1566583743112495
provisional_max_exposures_2,2022-09,166586,0.1418772805573533,135348,0.13781206739483692,0.15403433891707607
provisional_max_exposures_2,2022-10,112576,0.14502668310593345,91113,0.14034340888305932,0.15612180778860027
provisional_max_exposures_2,2022-11,121255,0.1432594862842987,95722,0.13808738397237083,0.15054956403779413
provisional_max_exposures_2,2022-12,155614,0.14579301308302603,125814,0.1414085928463125,0.1552064950378177
provisional_max_exposures_2,2023-01,117006,0.1468863607315468,93656,0.14260895061077894,0.1555209729020314
provisional_max_exposures_2,2023-02,158635,0.1448319315579918,125878,0.1403629623616252,0.1541977404775415
provisional_max_exposures_2,2023-03,148995,0.14665109680367108,118611,0.1420374426147346,0.15346944489148756
provisional_max_exposures_2,2023-04,134395,0.14543258404351334,109286,0.1415278120864452,0.15364614231316087
provisional_max_exposures_2,2023-05,161031,0.14242813273769264,125552,0.13809301445675615,0.15124570422864655
provisional_max_exposures_2,2023-06,154070,0.14324131754450475,120933,0.13990280823143877,0.15205762795967753
provisional_max_exposures_2,2023-07,134541,0.14409567920425276,104978,0.13964890730228907,0.15421571596188255
provisional_max_exposures_2,2023-08,174520,0.1442843494181409,140987,0.14012985705559566,0.15663805054240293
provisional_max_exposures_2,2023-09,181717,0.1426099858260773,144747,0.1379753677311474,0.15312476630520452
provisional_max_exposures_2,2023-10,109233,0.14192159333804705,89765,0.1380240847502186,0.15245830891061207
provisional_max_exposures_2,2023-11,155183,0.14137964515232604,123446,0.1364270474502403,0.14857358303711993
provisional_max_exposures_2,2023-12,157723,0.1455781607101799,129553,0.14158964370302177,0.15461103282679903
provisional_max_exposures_2,2024-01,136753,0.14641701747465277,107620,0.14142081876953308,0.15515565682445132
provisional_max_exposures_2,2024-02,188591,0.14556720796946965,148100,0.1412795954375831,0.15458904603311982
provisional_max_exposures_2,2024-03,158871,0.14686482669268863,125251,0.14208069247427924,0.1536947440799163
provisional_max_exposures_2,2024-04,153312,0.14685795414802308,126462,0.14230806422081269,0.14904309409256347
provisional_max_exposures_2,2024-05,184379,0.1429821311735225,148516,0.1383979149263547,0.1440756316314139
provisional_max_exposures_2,2024-06,166980,0.14179240754298214,128797,0.13665606226542706,0.14346134520623752
provisional_max_exposures_2,2024-07,124316,0.14175640169786946,97658,0.1369773548284427,0.14459813674808647
provisional_max_exposures_2,2024-08,204608,0.14170935047039285,165841,0.13663973177045904,0.14595087092256542
provisional_max_exposures_2,2024-09,170646,0.14121193457645745,137992,0.13624501330131442,0.14490793270601346
provisional_max_exposures_2,2024-10,127181,0.14268801151224192,103637,0.13780560017381058,0.14513949766479062
provisional_max_exposures_2,2024-11,150324,0.14216085306913953,122605,0.13749623909519054,0.14348358933736863
provisional_max_exposures_2,2024-12,178838,0.14482539405903105,146431,0.14028711909120223,0.14670192491710318
provisional_max_exposures_2,2025-01,164555,0.1462492066320904,132507,0.14232563734479248,0.1500422774990157
provisional_max_exposures_2,2025-02,201036,0.1459244379218521,158773,0.14109143097706994,0.14842691902018532
provisional_max_exposures_2,2025-03,168718,0.14471875254807906,137738,0.14034293693602462,0.14668756884309575
provisional_max_exposures_2,2025-04,174938,0.14499633967068587,144880,0.1405753186428876,0.14755620165780653
provisional_max_exposures_2,2025-05,198582,0.1425781895886125,161724,0.13747150243341102,0.14424900164020438
provisional_max_exposures_2,2025-06,178781,0.14304216775461287,138929,0.13798081214278593,0.14518967706496425
provisional_max_exposures_2,2025-07,163965,0.14250555260727477,131684,0.13743205463199376,0.14404662662381607
provisional_max_exposures_2,2025-08,206483,0.14317980072389194,169796,0.13818655827459977,0.14615148256468435
provisional_max_exposures_2,2025-09,198411,0.14246043314628945,162815,0.13770188594164426,0.1456144322313506
provisional_max_exposures_2,2025-10,147779,0.14136776744524232,123999,0.1363367336391744,0.14357558504245022
provisional_max_exposures_2,2025-11,165904,0.14202212853109158,137859,0.13709232694528384,0.14412473099827613
provisional_max_exposures_2,2025-12,192614,0.1435500710257996,161785,0.13932683463695042,0.14623287424657014
provisional_max_exposures_3,2008-04,180982,0.1760976429422982,144265,0.1720408596531137,0.13764081149142152
provisional_max_exposures_3,2008-05,0,,0,,
provisional_max_exposures_3,2008-06,0,,0,,
provisional_max_exposures_3,2008-07,236675,0.16364867748458872,187852,0.15845006200620051,0.13679543234739883
provisional_max_exposures_3,2008-08,0,,0,,
provisional_max_exposures_3,2008-09,0,,0,,
provisional_max_exposures_3,2008-10,243167,0.1590396083860956,187997,0.1522162386465753,0.13360164260122337
provisional_max_exposures_3,2008-11,0,,0,,
provisional_max_exposures_3,2008-12,0,,0,,
provisional_max_exposures_3,2009-01,167185,0.15633234125290377,129736,0.14948121288682634,0.13549237721585075
provisional_max_exposures_3,2009-02,0,,0,,
provisional_max_exposures_3,2009-03,0,,0,,
provisional_max_exposures_3,2009-04,185579,0.15367962604293067,144117,0.14713861847996598,0.1362235904853938
provisional_max_exposures_3,2009-05,0,,0,,
provisional_max_exposures_3,2009-06,0,,0,,
provisional_max_exposures_3,2009-07,276319,0.15212069913313495,213427,0.14579474718510446,0.13672714563217941
provisional_max_exposures_3,2009-08,0,,0,,
provisional_max_exposures_3,2009-09,203525,0.1494991501759964,156525,0.1431365352289897,0.1358919539142354
provisional_max_exposures_3,2009-10,0,,0,,
provisional_max_exposures_3,2009-11,124272,0.1445356089106128,97975,0.1395684846853828,0.1332768421482737
provisional_max_exposures_3,2009-12,0,,0,,
provisional_max_exposures_3,2010-01,129027,0.15134764137673093,98157,0.14514290828367066,0.13953411914446878
provisional_max_exposures_3,2010-02,0,,0,,
provisional_max_exposures_3,2010-03,120543,0.14893915929925156,93770,0.1433150829240676,0.13844180215781
provisional_max_exposures_3,2010-04,0,,0,,
provisional_max_exposures_3,2010-05,199670,0.14901609042522881,158485,0.1441389828724118,0.13968666619760683
provisional_max_exposures_3,2010-06,0,,0,,
provisional_max_exposures_3,2010-07,159042,0.14863058023361994,124520,0.14296412063118535,0.1392908571539941
provisional_max_exposures_3,2010-08,0,,0,,
provisional_max_exposures_3,2010-09,195050,0.1467546099691629,147890,0.13884155837761286,0.13571324516676864
provisional_max_exposures_3,2010-10,0,,0,,
provisional_max_exposures_3,2010-11,140448,0.14435068868588097,109782,0.13775076440940576,0.1347141978585435
provisional_max_exposures_3,2010-12,0,,0,,
provisional_max_exposures_3,2011-01,145193,0.14931977917542347,109700,0.14193513743922243,0.13972153095692524
provisional_max_exposures_3,2011-02,0,,0,,
provisional_max_exposures_3,2011-03,132088,0.14821213509483125,99511,0.1408998349950709,0.13901446406464418
provisional_max_exposures_3,2011-04,0,,0,,
provisional_max_exposures_3,2011-05,223039,0.14863315946428562,178791,0.14390284435171755,0.14128042527243903
provisional_max_exposures_3,2011-06,0,,0,,
provisional_max_exposures_3,2011-07,176771,0.14737328051962495,132854,0.14060326717632135,0.13871616654654184
provisional_max_exposures_3,2011-08,0,,0,,
provisional_max_exposures_3,2011-09,224484,0.1443063613012485,172951,0.1367991948635708,0.1363402433763059
provisional_max_exposures_3,2011-10,0,,0,,
provisional_max_exposures_3,2011-11,161794,0.14648733470674521,123278,0.1384655280671415,0.13767324972062722
provisional_max_exposures_3,2011-12,0,,0,,
provisional_max_exposures_3,2012-01,164518,0.14996463774539381,122749,0.14258817013728697,0.14188899280634668
provisional_max_exposures_3,2012-02,0,,0,,
provisional_max_exposures_3,2012-03,140138,0.14621651012026554,105841,0.13899227403492664,0.13903934561748874
provisional_max_exposures_3,2012-04,0,,0,,
provisional_max_exposures_3,2012-05,259245,0.1482048678901649,200618,0.14183915520562057,0.14118119535100415
provisional_max_exposures_3,2012-06,0,,0,,
provisional_max_exposures_3,2012-07,196973,0.1455137170264037,150058,0.13911909092601552,0.1391799920494064
provisional_max_exposures_3,2012-08,102757,0.14421642349503133,80200,0.1373152263601128,0.13820478774648162
provisional_max_exposures_3,2012-09,130159,0.14423213843389388,102300,0.13841146606064456,0.13901320342270362
provisional_max_exposures_3,2012-10,77341,0.14226012143132236,61915,0.13695751436679632,0.13801826261835118
provisional_max_exposures_3,2012-11,77002,0.14508418765572456,59606,0.13828355992939612,0.1349325056168898
provisional_max_exposures_3,2012-12,86451,0.146335603895337,65482,0.13983136319724554,0.1397145225049369
provisional_max_exposures_3,2013-01,80760,0.1479527055740542,63960,0.14211038420337668,0.14187160749925978
provisional_max_exposures_3,2013-02,93367,0.14736894256336494,71354,0.1404842085067755,0.14106790244226441
provisional_max_exposures_3,2013-03,79090,0.15240160433051025,57496,0.14526876972439834,0.14463920306920244
provisional_max_exposures_3,2013-04,114967,0.1492811406786135,88831,0.14338433882245374,0.14274204141553173
provisional_max_exposures_3,2013-05,142160,0.14769506777270214,111877,0.1428981873547989,0.14275613557467082
provisional_max_exposures_3,2013-06,135294,0.14668269784018967,103699,0.14065891503605155,0.14104759241351278
provisional_max_exposures_3,2013-07,81625,0.1437607807971383,62282,0.1383186544458938,0.13854468283755306
provisional_max_exposures_3,2013-08,122736,0.14446829594213215,95291,0.1385703911946093,0.13992060789383104
provisional_max_exposures_3,2013-09,115276,0.14092564287415685,92932,0.13704333483453332,0.13816549139479253
provisional_max_exposures_3,2013-10,97687,0.14279367393642337,75665,0.1368528365326749,0.13937549825209636
provisional_max_exposures_3,2013-11,95769,0.14622142510219455,73887,0.13985692702665783,0.1394298478564762
provisional_max_exposures_3,2013-12,84857,0.14480480070493673,65445,0.13831079402412233,0.13880307904996353
provisional_max_exposures_3,2014-01,106181,0.14891143922323516,81289,0.14439972800207543,0.1460064473258296
provisional_max_exposures_3,2014-02,108120,0.14728777302020601,79651,0.14088801786555694,0.1430932326926938
provisional_max_exposures_3,2014-03,80830,0.1476659438584233,60179,0.14279574433663697,0.14316917976868246
provisional_max_exposures_3,2014-04,113306,0.14726578852210984,89232,0.14261013871248485,0.1441804468367671
provisional_max_exposures_3,2014-05,162815,0.14612911976569765,126191,0.14205788785255077,0.14265614762268508
provisional_max_exposures_3,2014-06,105949,0.14638152588516887,77629,0.14040891604522684,0.1419576478009314
provisional_max_exposures_3,2014-07,104568,0.14420296016452946,77884,0.14000663796142776,0.1410323395154555
provisional_max_exposures_3,2014-08,124004,0.14336473740509967,95737,0.13935743511003648,0.14282311855056548
provisional_max_exposures_3,2014-09,122451,0.1413750478562864,95259,0.13753957082995244,0.13991135775109212
provisional_max_exposures_3,2014-10,100479,0.140584685826794,76267,0.1366351845357679,0.13806934959809425
provisional_max_exposures_3,2014-11,107622,0.14501232353049856,81645,0.1409422418993123,0.14154703103499125
provisional_max_exposures_3,2014-12,94431,0.14690517030346953,70550,0.14175608430191852,0.1413232080433178
provisional_max_exposures_3,2015-01,119188,0.1466724053889008,89310,0.14214337110134204,0.14301551463703546
provisional_max_exposures_3,2015-02,115470,0.14301935547224007,91069,0.1394843819435128,0.1408391753876161
provisional_max_exposures_3,2015-03,98328,0.14589589171598125,74441,0.1413241089957592,0.14294080489593167
provisional_max_exposures_3,2015-04,120313,0.14462495389889346,96431,0.14072139497618819,0.1411449748553981
provisional_max_exposures_3,2015-05,159203,0.14416678486771067,123999,0.14002146730574455,0.1410949021103982
provisional_max_exposures_3,2015-06,133429,0.1437892654298002,100399,0.13910106011870912,0.1410344339458968
provisional_max_exposures_3,2015-07,106171,0.14318963728345907,81232,0.13875725348441761,0.14068374643292697
provisional_max_exposures_3,2015-08,137771,0.1407615615171994,108745,0.13705917244500612,0.14040461511111746
provisional_max_exposures_3,2015-09,154547,0.1397080561434695,125379,0.13574559805939485,0.1390173806964231
provisional_max_exposures_3,2015-10,103432,0.14227471304867936,81712,0.13753004156418405,0.139442672554209
provisional_max_exposures_3,2015-11,118017,0.1415093313413954,93670,0.13710611235752465,0.13782485450295093
provisional_max_exposures_3,2015-12,120452,0.14518078763237344,96094,0.14102667767096477,0.14334223570105317
provisional_max_exposures_3,2016-01,142820,0.14842876750492812,111822,0.14339371685372548,0.14617404210702173
provisional_max_exposures_3,2016-02,131816,0.1439088722259697,103358,0.13921614797131804,0.14149156769821652
provisional_max_exposures_3,2016-03,132128,0.14626097883004185,106823,0.14180171777254114,0.14364726774250317
provisional_max_exposures_3,2016-04,155437,0.14580386889677088,124640,0.1422245054068944,0.14377650175885232
provisional_max_exposures_3,2016-05,137093,0.14470130865807712,111315,0.14092501760336723,0.1428058053019569
provisional_max_exposures_3,2016-06,142698,0.144263630212551,110644,0.13876127596414217,0.14126813853236594
provisional_max_exposures_3,2016-07,109570,0.1450542102559385,87396,0.14047460897068642,0.14293209434493165
provisional_max_exposures_3,2016-08,156349,0.14251590925968952,125466,0.1378908328765473,0.14106828550107872
provisional_max_exposures_3,2016-09,170541,0.1402966848099114,141565,0.1366572504052293,0.14154906017596586
provisional_max_exposures_3,2016-10,102692,0.14305095932052422,81888,0.13805784866184262,0.14190715383649383
provisional_max_exposures_3,2016-11,130785,0.14285749813319515,106284,0.13796467126091155,0.14085633062498779
provisional_max_exposures_3,2016-12,141489,0.1448416391553515,116345,0.14154583901938503,0.1436400786611406
provisional_max_exposures_3,2017-01,155897,0.14824821307710173,123531,0.1433118029670791,0.14670666475019908
provisional_max_exposures_3,2017-02,150759,0.14307193533865675,121558,0.13866917817663166,0.14262319169159204
provisional_max_exposures_3,2017-03,117131,0.1470418619821264,96153,0.14230686907083523,0.1454640615563146
provisional_max_exposures_3,2017-04,148123,0.14842458312074727,121788,0.1446490627444461,0.14660659289062322
provisional_max_exposures_3,2017-05,168769,0.1430774334150088,138400,0.13860288030526846,0.1414714100110548
provisional_max_exposures_3,2017-06,143535,0.1428920135720134,115773,0.13927480711034057,0.14381991804577768
provisional_max_exposures_3,2017-07,130033,0.14347636789849655,104188,0.13958859428260528,0.1447036230325956
provisional_max_exposures_3,2017-08,171045,0.14219041428567805,139774,0.1378863327557023,0.14385007764281413
provisional_max_exposures_3,2017-09,166013,0.13913124424112336,138049,0.13557870076137557,0.14127705307757643
provisional_max_exposures_3,2017-10,114268,0.1415883200862777,93445,0.13721307399173227,0.1430673773604005
provisional_max_exposures_3,2017-11,124767,0.14005103111021264,101873,0.13607049178029146,0.1397531099635756
provisional_max_exposures_3,2017-12,152995,0.14566427763475756,126971,0.14215757976699167,0.14593946554204865
provisional_max_exposures_3,2018-01,158039,0.14684402427124083,128128,0.14322317638843926,0.14795017354637724
provisional_max_exposures_3,2018-02,159448,0.143254547147386,130833,0.1401713772284427,0.14516506605768278
provisional_max_exposures_3,2018-03,140200,0.14422310773978944,113958,0.13944805005656838,0.1438710706118439
provisional_max_exposures_3,2018-04,136794,0.14579099137818255,114566,0.14262538383803036,0.14638299361794493
provisional_max_exposures_3,2018-05,175647,0.14424564240102772,142890,0.1400967501843505,0.14478892880618174
provisional_max_exposures_3,2018-06,155857,0.14234580371566025,124913,0.1386497854725178,0.14461917809477368
provisional_max_exposures_3,2018-07,127445,0.14595986469249853,101253,0.14261233575203397,0.14776779749934635
provisional_max_exposures_3,2018-08,183183,0.14139873479166143,151293,0.13758424533301583,0.14505380291679337
provisional_max_exposures_3,2018-09,163513,0.14012656280622013,134001,0.13637536948429593,0.1438768147320056
provisional_max_exposures_3,2018-10,99339,0.1416084055044658,81172,0.13773965241646208,0.14439505080350473
provisional_max_exposures_3,2018-11,132573,0.1410290271352602,110473,0.13809457481821885,0.1435403399992663
provisional_max_exposures_3,2018-12,160329,0.14602386942314377,132013,0.14247977812625665,0.1486459346962695
provisional_max_exposures_3,2019-01,151587,0.14519540086238739,123867,0.1419838570527779,0.14846589402257646
provisional_max_exposures_3,2019-02,166560,0.1431943644405979,136179,0.13977669664645306,0.14674861876527814
provisional_max_exposures_3,2019-03,123549,0.14275529123058694,102775,0.13935411981874907,0.1457772082195778
provisional_max_exposures_3,2019-04,147548,0.14534707044981246,122103,0.14193105978299364,0.14767940148047384
provisional_max_exposures_3,2019-05,203830,0.14245723207912586,167801,0.1390412697886312,0.14549958711491992
provisional_max_exposures_3,2019-06,131996,0.14479386702849475,105832,0.14133497891160318,0.1477431887930657
provisional_max_exposures_3,2019-07,150657,0.14397344722523125,122965,0.14061056009767417,0.14871307352825164
provisional_max_exposures_3,2019-08,184892,0.14073714709743623,153532,0.1375468575880136,0.1466920341447409
provisional_max_exposures_3,2019-09,174646,0.14092176599463857,145075,0.13812567333131867,0.14783924411519628
provisional_max_exposures_3,2019-10,105337,0.14190090759527946,86984,0.1389611835450056,0.1487107912354122
provisional_max_exposures_3,2019-11,136652,0.1428609784486193,112749,0.13956423148611358,0.14706445098924276
provisional_max_exposures_3,2019-12,163304,0.14457692856697485,135706,0.14157892279972412,0.1477000164205632
provisional_max_exposures_3,2020-01,154730,0.14508198936462963,127518,0.14240842601104592,0.15014015496170627
provisional_max_exposures_3,2020-02,166424,0.14257216950926807,138404,0.14009071544890253,0.14813930255937824
provisional_max_exposures_3,2020-03,134659,0.14519822086648182,113746,0.14180163747361177,0.14837624462817883
provisional_max_exposures_3,2020-04,98206,0.14487531975518045,84539,0.1427280249057045,0.14827489869085791
provisional_max_exposures_3,2020-05,6318,0.15467111623165236,5203,0.15049490111135821,0.1550410720513652
provisional_max_exposures_3,2020-06,1983,0.14509068778035392,1604,0.1450735810832496,0.14456280345942843
provisional_max_exposures_3,2020-07,10453,0.13170245304451256,9776,0.1311378654796028,0.1370723543159292
provisional_max_exposures_3,2020-08,17416,0.1354809678796254,14879,0.1330532284646452,0.14461018568376216
provisional_max_exposures_3,2020-09,35859,0.14040540472380472,31616,0.13876938584805792,0.14855440760545635
provisional_max_exposures_3,2020-10,35958,0.13939540214227655,31602,0.13679347651168744,0.14576140867445989
provisional_max_exposures_3,2020-11,38815,0.1391437302306261,34066,0.13741181605387448,0.14359375483932493
provisional_max_exposures_3,2020-12,20568,0.1452662842106609,16928,0.14239160867114867,0.151251817381171
provisional_max_exposures_3,2021-01,24591,0.14769046547264789,20345,0.14562086550183015,0.15407100493093484
provisional_max_exposures_3,2021-02,19935,0.14872144043074867,15945,0.14343253919636464,0.1548057050279339
provisional_max_exposures_3,2021-03,14473,0.1457451776803825,11227,0.1429299650577462,0.15813373659938568
provisional_max_exposures_3,2021-04,31608,0.1460289616894789,25655,0.1424723313025172,0.15485994249315774
provisional_max_exposures_3,2021-05,42571,0.1487832028316537,32833,0.14383960688884898,0.1572828194095197
provisional_max_exposures_3,2021-06,32623,0.14694741053222576,26524,0.1432201131362798,0.15361593144860108
provisional_max_exposures_3,2021-07,67486,0.14757056221324952,52070,0.14356426383354962,0.15534107897680646
provisional_max_exposures_3,2021-08,85151,0.14261025618274542,70202,0.1382972543703593,0.15329495645721306
provisional_max_exposures_3,2021-09,107478,0.14422490191634083,87526,0.13970022456863734,0.15486003762158035
provisional_max_exposures_3,2021-10,72035,0.14261716275241829,58242,0.13707328084066625,0.14973921777886925
provisional_max_exposures_3,2021-11,88431,0.14275515287987495,73424,0.13774885235293063,0.1484686863486792
provisional_max_exposures_3,2021-12,120499,0.1479646017194383,95357,0.14332097605793867,0.1564535839666976
provisional_max_exposures_3,2022-01,106332,0.15060085351020647,81324,0.14607389335910778,0.1594703565523222
provisional_max_exposures_3,2022-02,84471,0.14622856155868663,66176,0.14080981267853265,0.15475191427107401
provisional_max_exposures_3,2022-03,79374,0.14487136709628015,64167,0.13975163673569482,0.15226536773714602
provisional_max_exposures_3,2022-04,129046,0.1451616794132556,103775,0.140807963852462,0.15363782815108565
provisional_max_exposures_3,2022-05,151542,0.1465898131527196,120708,0.14137629305280178,0.15458422070004835
provisional_max_exposures_3,2022-06,121892,0.1437476844889715,96978,0.139470989517523,0.1538702364839426
provisional_max_exposures_3,2022-07,123467,0.14495398925911412,97255,0.14005579036230545,0.15439572665176224
provisional_max_exposures_3,2022-08,147775,0.14410419372045608,118956,0.1392046885567096,0.1566583743112495
provisional_max_exposures_3,2022-09,166586,0.1418193596608757,135348,0.1377175123418019,0.15403433891707607
provisional_max_exposures_3,2022-10,112576,0.14501742280309138,91113,0.14029376459608958,0.15612180778860027
provisional_max_exposures_3,2022-11,121255,0.1432102290326757,95722,0.13798317345504554,0.15054956403779413
provisional_max_exposures_3,2022-12,155614,0.14575957620489324,125814,0.1413559621793999,0.1552064950378177
provisional_max_exposures_3,2023-01,117006,0.14684724340932281,93656,0.14253139892697134,0.1555209729020314
provisional_max_exposures_3,2023-02,158635,0.1448016332027014,125878,0.1402851252535014,0.1541977404775415
provisional_max_exposures_3,2023-03,148995,0.14665943093968425,118611,0.14198130113082874,0.15346944489148756
provisional_max_exposures_3,2023-04,134395,0.14544459691551562,109286,0.14148353892246118,0.15364614231316087
provisional_max_exposures_3,2023-05,161031,0.1423904720655414,125552,0.13799756288751544,0.15124570422864655
provisional_max_exposures_3,2023-06,154070,0.14323263364539648,120933,0.13982816311007107,0.15205762795967753
provisional_max_exposures_3,2023-07,134541,0.14406322820166081,104978,0.139569588287809,0.15421571596188255
provisional_max_exposures_3,2023-08,174520,0.14423340775763208,140987,0.14003532129862048,0.15663805054240293
provisional_max_exposures_3,2023-09,181717,0.1425575382296036,144747,0.13788318030207475,0.15312476630520452
provisional_max_exposures_3,2023-10,109233,0.1418778900707329,89765,0.1379232061413268,0.15245830891061207
provisional_max_exposures_3,2023-11,155183,0.14135976958406485,123446,0.1363694153735743,0.14857358303711993
provisional_max_exposures_3,2023-12,157723,0.14553917738191224,129553,0.1415114763120261,0.15461103282679903
provisional_max_exposures_3,2024-01,136753,0.14635383464076818,107620,0.14132155088387943,0.15515565682445132
provisional_max_exposures_3,2024-02,188591,0.14551600668335612,148100,0.14119574137095348,0.15458904603311982
provisional_max_exposures_3,2024-03,158871,0.14684982293839907,125251,0.14200563007685293,0.1536947440799163
provisional_max_exposures_3,2024-04,153312,0.14681202804581275,126462,0.14221840748395162,0.14904309409256347
provisional_max_exposures_3,2024-05,184379,0.1429477880111677,148516,0.13832382551931183,0.1440756316314139
provisional_max_exposures_3,2024-06,166980,0.14176279056680835,128797,0.13657278379953205,0.14346134520623752
provisional_max_exposures_3,2024-07,124316,0.14172585831203907,97658,0.13690825773413895,0.14459813674808647
provisional_max_exposures_3,2024-08,204608,0.14166709026137356,165841,0.13656237441426086,0.14595087092256542
provisional_max_exposures_3,2024-09,170646,0.14114824153873526,137992,0.1361593688031611,0.14490793270601346
provisional_max_exposures_3,2024-10,127181,0.14263018643348646,103637,0.13771544061744972,0.14513949766479062
provisional_max_exposures_3,2024-11,150324,0.1420627003626867,122605,0.13735291545894468,0.14348358933736863
provisional_max_exposures_3,2024-12,178838,0.1447972684012108,146431,0.140233834507854,0.14670192491710318
provisional_max_exposures_3,2025-01,164555,0.14617904925630712,132507,0.14221940800540592,0.1500422774990157
provisional_max_exposures_3,2025-02,201036,0.14590654072831638,158773,0.1410390077424136,0.14842691902018532
provisional_max_exposures_3,2025-03,168718,0.14470258324950236,137738,0.14029695514029927,0.14668756884309575
provisional_max_exposures_3,2025-04,174938,0.14498627599117472,144880,0.14053949853040001,0.14755620165780653
provisional_max_exposures_3,2025-05,198582,0.14256913763883927,161724,0.13743202509724875,0.14424900164020438
provisional_max_exposures_3,2025-06,178781,0.1430171512091437,138929,0.13792400093614188,0.14518967706496425
provisional_max_exposures_3,2025-07,163965,0.14246186570817737,131684,0.13736409998709007,0.14404662662381607
provisional_max_exposures_3,2025-08,206483,0.14315441339806748,169796,0.1381329044190431,0.14615148256468435
provisional_max_exposures_3,2025-09,198411,0.1423940244667853,162815,0.13761792308461016,0.1456144322313506
provisional_max_exposures_3,2025-10,147779,0.1413448959928323,123999,0.13629064011106504,0.14357558504245022
provisional_max_exposures_3,2025-11,165904,0.14196272709296998,137859,0.13701570298934743,0.14412473099827613
provisional_max_exposures_3,2025-12,192614,0.14347802449345648,161785,0.13923558850948511,0.14623287424657014
provisional_without_form,2008-04,180982,0.17609440205626167,144265,0.17203753055473262,0.13764081149142152
provisional_without_form,2008-05,0,,0,,
provisional_without_form,2008-06,0,,0,,
provisional_without_form,2008-07,236675,0.1636445778618434,187852,0.1584461101692965,0.13679543234739883
provisional_without_form,2008-08,0,,0,,
provisional_without_form,2008-09,0,,0,,
provisional_without_form,2008-10,243167,0.15904707190274214,187997,0.152227632449022,0.13360164260122337
provisional_without_form,2008-11,0,,0,,
provisional_without_form,2008-12,0,,0,,
provisional_without_form,2009-01,167185,0.15633735688989986,129736,0.14948714327973756,0.13549237721585075
provisional_without_form,2009-02,0,,0,,
provisional_without_form,2009-03,0,,0,,
provisional_without_form,2009-04,185579,0.15368468355809076,144117,0.14714325939134443,0.1362235904853938
provisional_without_form,2009-05,0,,0,,
provisional_without_form,2009-06,0,,0,,
provisional_without_form,2009-07,276319,0.15211833372132116,213427,0.14579015646971916,0.13672714563217941
provisional_without_form,2009-08,0,,0,,
provisional_without_form,2009-09,203525,0.14950129267478052,156525,0.14313662972808167,0.1358919539142354
provisional_without_form,2009-10,0,,0,,
provisional_without_form,2009-11,124272,0.14453950720763398,97975,0.13957025708277998,0.1332768421482737
provisional_without_form,2009-12,0,,0,,
provisional_without_form,2010-01,129027,0.1513489266130956,98157,0.14514223931149203,0.13953411914446878
provisional_without_form,2010-02,0,,0,,
provisional_without_form,2010-03,120543,0.1489426722815003,93770,0.1433159916115234,0.13844180215781
provisional_without_form,2010-04,0,,0,,
provisional_without_form,2010-05,199670,0.1490133330166493,158485,0.1441345255297276,0.13968666619760683
provisional_without_form,2010-06,0,,0,,
provisional_without_form,2010-07,159042,0.14863191935834807,124520,0.14296350851682535,0.1392908571539941
provisional_without_form,2010-08,0,,0,,
provisional_without_form,2010-09,195050,0.1467557837444341,147890,0.1388380753304266,0.13571324516676864
provisional_without_form,2010-10,0,,0,,
provisional_without_form,2010-11,140448,0.14435427729614306,109782,0.13775073272221436,0.1347141978585435
provisional_without_form,2010-12,0,,0,,
provisional_without_form,2011-01,145193,0.1493212183548107,109700,0.14193255549724923,0.13972153095692524
provisional_without_form,2011-02,0,,0,,
provisional_without_form,2011-03,132088,0.14821703733662256,99511,0.14089916398482216,0.13901446406464418
provisional_without_form,2011-04,0,,0,,
provisional_without_form,2011-05,223039,0.1486314221982546,178791,0.1438979911558588,0.14128042527243903
provisional_without_form,2011-06,0,,0,,
provisional_without_form,2011-07,176771,0.14737492977569042,132854,0.14059752097825431,0.13871616654654184
provisional_without_form,2011-08,0,,0,,
provisional_without_form,2011-09,224484,0.14430803378090673,172951,0.13679565027429597,0.1363402433763059
provisional_without_form,2011-10,0,,0,,
provisional_without_form,2011-11,161794,0.14649340292224058,123278,0.13846619347715433,0.13767324972062722
provisional_without_form,2011-12,0,,0,,
provisional_without_form,2012-01,164518,0.14996961479838264,122749,0.14258926057090787,0.14188899280634668
provisional_without_form,2012-02,0,,0,,
provisional_without_form,2012-03,140138,0.14622352361068586,105841,0.1389936441153182,0.13903934561748874
provisional_without_form,2012-04,0,,0,,
provisional_without_form,2012-05,259245,0.14820288188784783,200618,0.14183279201659577,0.14118119535100415
provisional_without_form,2012-06,0,,0,,
provisional_without_form,2012-07,196973,0.14551328147122766,150058,0.1391112514077919,0.1391799920494064
provisional_without_form,2012-08,102757,0.14422161458187557,80200,0.13731438440942453,0.13820478774648162
provisional_without_form,2012-09,130159,0.14423693989010253,102300,0.13840972029816018,0.13901320342270362
provisional_without_form,2012-10,77341,0.1422622616229483,61915,0.13695304456649013,0.13801826261835118
provisional_without_form,2012-11,77002,0.14509297100615826,59606,0.13828672662660108,0.1349325056168898
provisional_without_form,2012-12,86451,0.1463403265260623,65482,0.13982961118572926,0.1397145225049369
provisional_without_form,2013-01,80760,0.147955298044586,63960,0.14210816194625342,0.14187160749925978
provisional_without_form,2013-02,93367,0.1473737124778503,71354,0.14048354454690556,0.14106790244226441
provisional_without_form,2013-03,79090,0.15240487659074517,57496,0.14526854589385194,0.14463920306920244
provisional_without_form,2013-04,114967,0.14928340108903632,88831,0.1433816298806951,0.14274204141553173
provisional_without_form,2013-05,142160,0.14769264334037252,111877,0.14288975857875966,0.14275613557467082
provisional_without_form,2013-06,135294,0.14668589050093875,103699,0.14065620044919874,0.14104759241351278
provisional_without_form,2013-07,81625,0.1437652063662402,62282,0.13831734553042338,0.13854468283755306
provisional_without_form,2013-08,122736,0.1444711478784162,95291,0.1385671669066527,0.13992060789383104
provisional_without_form,2013-09,115276,0.14093394901334988,92932,0.1370446157281446,0.13816549139479253
provisional_without_form,2013-10,97687,0.14279795172504048,75665,0.13685101057818722,0.13937549825209636
provisional_without_form,2013-11,95769,0.14622741906070802,73887,0.1398570668105023,0.1394298478564762
provisional_without_form,2013-12,84857,0.14480894939241898,65445,0.13830891711315405,0.13880307904996353
provisional_without_form,2014-01,106181,0.14891448639091137,81289,0.1443965894971727,0.1460064473258296
provisional_without_form,2014-02,108120,0.14729269133317796,79651,0.140887241515118,0.1430932326926938
provisional_without_form,2014-03,80830,0.1476701653513098,60179,0.14279324760174392,0.14316917976868246
provisional_without_form,2014-04,113306,0.1472650306258208,89232,0.14260515337759844,0.1441804468367671
provisional_without_form,2014-05,162815,0.1461297176809071,126191,0.14205226298933493,0.14265614762268508
provisional_without_form,2014-06,105949,0.14638617885122956,77629,0.14041037617376034,0.1419576478009314
provisional_without_form,2014-07,104568,0.1442086875697675,77884,0.14000702847994162,0.1410323395154555
provisional_without_form,2014-08,124004,0.143366015264355,95737,0.1393527946715956,0.14282311855056548
provisional_without_form,2014-09,122451,0.14137792869992433,95259,0.13753739263946482,0.13991135775109212
provisional_without_form,2014-10,100479,0.1405894880307546,76267,0.13663445908240987,0.13806934959809425
provisional_without_form,2014-11,107622,0.14501774902216738,81645,0.1409445349782101,0.14154703103499125
provisional_without_form,2014-12,94431,0.14690977631161817,70550,0.14175680211918495,0.1413232080433178
provisional_without_form,2015-01,119188,0.14667220964661906,89310,0.14214125107728579,0.14301551463703546
provisional_without_form,2015-02,115470,0.1430214876618028,91069,0.13948556172103072,0.1408391753876161
provisional_without_form,2015-03,98328,0.1458948241726364,74441,0.14132328548685513,0.14294080489593167
provisional_without_form,2015-04,120313,0.1446213342161148,96431,0.14071613046991824,0.1411449748553981
provisional_without_form,2015-05,159203,0.14416245552598544,123999,0.14001597243669234,0.1410949021103982
provisional_without_form,2015-06,133429,0.14378847820999285,100399,0.13909976195113186,0.1410344339458968
provisional_without_form,2015-07,106171,0.14318632720376379,81232,0.138753109324863,0.14068374643292697
provisional_without_form,2015-08,137771,0.14075692068626217,108745,0.1370538093977275,0.14040461511111746
provisional_without_form,2015-09,154547,0.1397043005719367,125379,0.1357406678107949,0.1390173806964231
provisional_without_form,2015-10,103432,0.1422742162233214,81712,0.1375293744656663,0.139442672554209
provisional_without_form,2015-11,118017,0.14150397859264546,93670,0.13710049029919924,0.13782485450295093
provisional_without_form,2015-12,120452,0.14517603596327758,96094,0.14102206706069156,0.14334223570105317
provisional_without_form,2016-01,142820,0.1484235783758058,111822,0.14338775579535532,0.14617404210702173
provisional_without_form,2016-02,131816,0.14390560982802517,103358,0.1392129744647998,0.14149156769821652
provisional_without_form,2016-03,132128,0.14625617665692767,106823,0.1417971606380913,0.14364726774250317
provisional_without_form,2016-04,155437,0.14579889831089393,124640,0.142220213420084,0.14377650175885232
provisional_without_form,2016-05,137093,0.1446952470188529,111315,0.14092014383448528,0.1428058053019569
provisional_without_form,2016-06,142698,0.14425782174974594,110644,0.13875564873834,0.14126813853236594
provisional_without_form,2016-07,109570,0.14504779793230457,87396,0.14047041199263255,0.14293209434493165
provisional_without_form,2016-08,156349,0.14250898339522297,125466,0.137884380002295,0.14106828550107872
provisional_without_form,2016-09,170541,0.14029065916456485,141565,0.13665149788532258,0.14154906017596586
provisional_without_form,2016-10,102692,0.14304631807757204,81888,0.13805406747468674,0.14190715383649383
provisional_without_form,2016-11,130785,0.14285193390471443,106284,0.13796008214346422,0.14085633062498779
provisional_without_form,2016-12,141489,0.14483427478141458,116345,0.14153877634343812,0.1436400786611406
provisional_without_form,2017-01,155897,0.14824315080935863,123531,0.14330730400728742,0.14670666475019908
provisional_without_form,2017-02,150759,0.1430642632594178,121558,0.13866122241049222,0.14262319169159204
provisional_without_form,2017-03,117131,0.14703391489973838,96153,0.14229905442467142,0.1454640615563146
provisional_without_form,2017-04,148123,0.14841683437059627,121788,0.144641956229361,0.14660659289062322
provisional_without_form,2017-05,168769,0.1430669984885577,138400,0.13859244143451602,0.1414714100110548
provisional_without_form,2017-06,143535,0.14288448632296388,115773,0.13926654359704993,0.14381991804577768
provisional_without_form,2017-07,130033,0.14346752668533666,104188,0.13958021755022396,0.1447036230325956
provisional_without_form,2017-08,171045,0.1421809588611601,139774,0.1378782178730592,0.14385007764281413
provisional_without_form,2017-09,166013,0.1391234723223501,138049,0.13557152060207342,0.14127705307757643
provisional_without_form,2017-10,114268,0.14158039592952332,93445,0.1372054516727477,0.1430673773604005
provisional_without_form,2017-11,124767,0.14004403297843782,101873,0.13606213098915346,0.1397531099635756
provisional_without_form,2017-12,152995,0.14565602293375937,126971,0.1421497450379969,0.14593946554204865
provisional_without_form,2018-01,158039,0.14683599095985272,128128,0.14321472505829452,0.14795017354637724
provisional_without_form,2018-02,159448,0.14324622085045977,130833,0.14016302571171457,0.14516506605768278
provisional_without_form,2018-03,140200,0.1442154831615256,113958,0.13944123972254352,0.1438710706118439
provisional_without_form,2018-04,136794,0.1457824921418661,114566,0.14261670890159556,0.14638299361794493
provisional_without_form,2018-05,175647,0.14423649765783036,142890,0.14008814050451845,0.14478892880618174
provisional_without_form,2018-06,155857,0.14233848834650162,124913,0.13864194542388975,0.14461917809477368
provisional_without_form,2018-07,127445,0.1459517853300037,101253,0.14260388721814907,0.14776779749934635
provisional_without_form,2018-08,183183,0.1413900558786505,151293,0.13757606130343222,0.14505380291679337
provisional_without_form,2018-09,163513,0.14011861345979595,134001,0.13636725940451536,0.1438768147320056
provisional_without_form,2018-10,99339,0.1416039591677312,81172,0.13773535244483112,0.14439505080350473
provisional_without_form,2018-11,132573,0.14102104626436895,110473,0.13808577021751384,0.1435403399992663
provisional_without_form,2018-12,160329,0.14601704205227592,132013,0.14247313210786575,0.1486459346962695
provisional_without_form,2019-01,151587,0.1451884672841339,123867,0.1419762918570145,0.14846589402257646
provisional_without_form,2019-02,166560,0.14318674802501463,136179,0.13976863983602486,0.14674861876527814
provisional_without_form,2019-03,123549,0.1427469559005365,102775,0.13934477872434486,0.1457772082195778
provisional_without_form,2019-04,147548,0.14533789442716996,122103,0.14192217705381135,0.14767940148047384
provisional_without_form,2019-05,203830,0.1424516620823125,167801,0.13903542468821753,0.14549958711491992
provisional_without_form,2019-06,131996,0.144786181976683,105832,0.14132716777001478,0.1477431887930657
provisional_without_form,2019-07,150657,0.1439652573310547,122965,0.1406020246305037,0.14871307352825164
provisional_without_form,2019-08,184892,0.14072874923379655,153532,0.13753844719424504,0.1466920341447409
provisional_without_form,2019-09,174646,0.1409133725186492,145075,0.1381162791824481,0.14783924411519628
provisional_without_form,2019-10,105337,0.14189374344273945,86984,0.13895254299280696,0.1487107912354122
provisional_without_form,2019-11,136652,0.14285426158617523,112749,0.13955654567117257,0.14706445098924276
provisional_without_form,2019-12,163304,0.14456901097765412,135706,0.14157040328195095,0.1477000164205632
provisional_without_form,2020-01,154730,0.1450744617036798,127518,0.14239996361294283,0.15014015496170627
provisional_without_form,2020-02,166424,0.14256592617814495,138404,0.14008363716833092,0.14813930255937824
provisional_without_form,2020-03,134659,0.1451899564633935,113746,0.14179258213770196,0.14837624462817883
provisional_without_form,2020-04,98206,0.14486909531882158,84539,0.1427210652406447,0.14827489869085791
provisional_without_form,2020-05,6318,0.15467247544218574,5203,0.15049359464830875,0.1550410720513652
provisional_without_form,2020-06,1983,0.1450757658280035,1604,0.1450571317553127,0.14456280345942843
provisional_without_form,2020-07,10453,0.13169289460788067,9776,0.13112693810915674,0.1370723543159292
provisional_without_form,2020-08,17416,0.13547720048065673,14879,0.13305115796345876,0.14461018568376216
provisional_without_form,2020-09,35859,0.1403972784575416,31616,0.13876184303881925,0.14855440760545635
provisional_without_form,2020-10,35958,0.13938654220677751,31602,0.13678450302941994,0.14576140867445989
provisional_without_form,2020-11,38815,0.13913713320375748,34066,0.13740464064773789,0.14359375483932493
provisional_without_form,2020-12,20568,0.14525844965854573,16928,0.14238556872716346,0.151251817381171
provisional_without_form,2021-01,24591,0.1476858826487565,20345,0.14561540586277244,0.15407100493093484
provisional_without_form,2021-02,19935,0.1487198668469554,15945,0.14343129947387334,0.1548057050279339
provisional_without_form,2021-03,14473,0.14573657717084856,11227,0.14292283931839178,0.15813373659938568
provisional_without_form,2021-04,31608,0.14602281137798678,25655,0.1424669296530905,0.15485994249315774
provisional_without_form,2021-05,42571,0.14877581090808797,32833,0.1438332328274669,0.1572828194095197
provisional_without_form,2021-06,32623,0.14694542128503243,26524,0.14322002053774985,0.15361593144860108
provisional_without_form,2021-07,67486,0.14756701549347256,52070,0.1435608810549123,0.15534107897680646
provisional_without_form,2021-08,85151,0.142605515381504,70202,0.13829307628351978,0.15329495645721306
provisional_without_form,2021-09,107478,0.14422058374782276,87526,0.13969543968338816,0.15486003762158035
provisional_without_form,2021-10,72035,0.1426135054127934,58242,0.13706910294451738,0.14973921777886925
provisional_without_form,2021-11,88431,0.1427530396422593,73424,0.13774626542569218,0.1484686863486792
provisional_without_form,2021-12,120499,0.1479620459883702,95357,0.1433184242573858,0.1564535839666976
provisional_without_form,2022-01,106332,0.15059749378228637,81324,0.146070060162413,0.1594703565523222
provisional_without_form,2022-02,84471,0.1462261954930326,66176,0.14080728639660442,0.15475191427107401
provisional_without_form,2022-03,79374,0.144869751815944,64167,0.13974890475592758,0.15226536773714602
provisional_without_form,2022-04,129046,0.14515804779182145,103775,0.1408032830534527,0.15363782815108565
provisional_without_form,2022-05,151542,0.14658727410179964,120708,0.14137294768029027,0.15458422070004835
provisional_without_form,2022-06,121892,0.143745413665676,96978,0.13946801132207318,0.1538702364839426
provisional_without_form,2022-07,123467,0.1449519583021876,97255,0.14005372669094687,0.15439572665176224
provisional_without_form,2022-08,147775,0.1440990874118773,118956,0.13919912520196745,0.1566583743112495
provisional_without_form,2022-09,166586,0.1418133906358045,135348,0.13770953758122645,0.15403433891707607
provisional_without_form,2022-10,112576,0.14501288076406516,91113,0.14028819957917277,0.15612180778860027
provisional_without_form,2022-11,121255,0.14320768587237076,95722,0.13797975071476384,0.15054956403779413
provisional_without_form,2022-12,155614,0.145756255115613,125814,0.14135155780869266,0.1552064950378177
provisional_without_form,2023-01,117006,0.1468423247502084,93656,0.14252510274179842,0.1555209729020314
provisional_without_form,2023-02,158635,0.14479805210670257,125878,0.1402801617025103,0.1541977404775415
provisional_without_form,2023-03,148995,0.1466570949112918,118611,0.1419788370165016,0.15346944489148756
provisional_without_form,2023-04,134395,0.14544081075581478,109286,0.1414796637039693,0.15364614231316087
provisional_without_form,2023-05,161031,0.14238661123207053,125552,0.13799322743552322,0.15124570422864655
provisional_without_form,2023-06,154070,0.1432275827225124,120933,0.13982183892888425,0.15205762795967753
provisional_without_form,2023-07,134541,0.14406053562449622,104978,0.139566245754226,0.15421571596188255
provisional_without_form,2023-08,174520,0.1442286248977264,140987,0.14002953185180736,0.15663805054240293
provisional_without_form,2023-09,181717,0.14255140776514916,144747,0.13787557450436805,0.15312476630520452
provisional_without_form,2023-10,109233,0.1418730784266611,89765,0.13791779914034266,0.15245830891061207
provisional_without_form,2023-11,155183,0.14135472449176295,123446,0.1363630230968262,0.14857358303711993
provisional_without_form,2023-12,157723,0.14553399212195303,129553,0.14150453956253606,0.15461103282679903
provisional_without_form,2024-01,136753,0.14635176026064667,107620,0.14131851569332884,0.15515565682445132
provisional_without_form,2024-02,188591,0.14551100818328014,148100,0.1411896819669394,0.15458904603311982
provisional_without_form,2024-03,158871,0.14684446944483076,125251,0.14199920675972225,0.1536947440799163
provisional_without_form,2024-04,153312,0.1468096842958495,126462,0.14221532296180112,0.14904309409256347
provisional_without_form,2024-05,184379,0.1429429879137316,148516,0.13831849927019413,0.1440756316314139
provisional_without_form,2024-06,166980,0.14175808501342577,128797,0.13656626896779486,0.14346134520623752
provisional_without_form,2024-07,124316,0.14172028440747308,97658,0.13690154763391826,0.14459813674808647
provisional_without_form,2024-08,204608,0.1416604762012699,165841,0.13655517091843725,0.14595087092256542
provisional_without_form,2024-09,170646,0.1411404015758713,137992,0.13615044253463512,0.14490793270601346
provisional_without_form,2024-10,127181,0.1426274493477274,103637,0.13771199398594997,0.14513949766479062
provisional_without_form,2024-11,150324,0.14205744317549,122605,0.13734648851283335,0.14348358933736863
provisional_without_form,2024-12,178838,0.144793777791691,146431,0.1402295468278077,0.14670192491710318
provisional_without_form,2025-01,164555,0.1461746562512412,132507,0.1422133833728348,0.1500422774990157
provisional_without_form,2025-02,201036,0.1459007464196788,158773,0.14103253949406408,0.14842691902018532
provisional_without_form,2025-03,168718,0.14469736174503298,137738,0.14029115510584303,0.14668756884309575
provisional_without_form,2025-04,174938,0.14498155574191343,144880,0.14053405499414026,0.14755620165780653
provisional_without_form,2025-05,198582,0.14256279338665134,161724,0.13742540620568375,0.14424900164020438
provisional_without_form,2025-06,178781,0.143011469540784,138929,0.1379173459496475,0.14518967706496425
provisional_without_form,2025-07,163965,0.1424589150715106,131684,0.1373607863128225,0.14404662662381607
provisional_without_form,2025-08,206483,0.14314793331545164,169796,0.1381255434356299,0.14615148256468435
provisional_without_form,2025-09,198411,0.14238686055100547,162815,0.13760984868421408,0.1456144322313506
provisional_without_form,2025-10,147779,0.14134000485038858,123999,0.1362856201137485,0.14357558504245022
provisional_without_form,2025-11,165904,0.14195720059528394,137859,0.1370099661221699,0.14412473099827613
provisional_without_form,2025-12,192614,0.14347228409878937,161785,0.13922928284210648,0.14623287424657014
provisional_without_white_advantage,2008-04,180982,0.1770100173694652,144265,0.17301260758224155,0.13764081149142152
provisional_without_white_advantage,2008-05,0,,0,,
provisional_without_white_advantage,2008-06,0,,0,,
provisional_without_white_advantage,2008-07,236675,0.1644940319014995,187852,0.15936941712505864,0.13679543234739883
provisional_without_white_advantage,2008-08,0,,0,,
provisional_without_white_advantage,2008-09,0,,0,,
provisional_without_white_advantage,2008-10,243167,0.16000040891128653,187997,0.15328205370280706,0.13360164260122337
provisional_without_white_advantage,2008-11,0,,0,,
provisional_without_white_advantage,2008-12,0,,0,,
provisional_without_white_advantage,2009-01,167185,0.15706014913255006,129736,0.1502575054359323,0.13549237721585075
provisional_without_white_advantage,2009-02,0,,0,,
provisional_without_white_advantage,2009-03,0,,0,,
provisional_without_white_advantage,2009-04,185579,0.1545006257810189,144117,0.14808399459349308,0.1362235904853938
provisional_without_white_advantage,2009-05,0,,0,,
provisional_without_white_advantage,2009-06,0,,0,,
provisional_without_white_advantage,2009-07,276319,0.1528766406217962,213427,0.1466264088539238,0.13672714563217941
provisional_without_white_advantage,2009-08,0,,0,,
provisional_without_white_advantage,2009-09,203525,0.15032528313960658,156525,0.14401912169166012,0.1358919539142354
provisional_without_white_advantage,2009-10,0,,0,,
provisional_without_white_advantage,2009-11,124272,0.14540203996122947,97975,0.14047902985271446,0.1332768421482737
provisional_without_white_advantage,2009-12,0,,0,,
provisional_without_white_advantage,2010-01,129027,0.15205054587884273,98157,0.14589919846111263,0.13953411914446878
provisional_without_white_advantage,2010-02,0,,0,,
provisional_without_white_advantage,2010-03,120543,0.149583165180182,93770,0.144035103210137,0.13844180215781
provisional_without_white_advantage,2010-04,0,,0,,
provisional_without_white_advantage,2010-05,199670,0.14972711210827389,158485,0.1449180204406081,0.13968666619760683
provisional_without_white_advantage,2010-06,0,,0,,
provisional_without_white_advantage,2010-07,159042,0.1494636719682734,124520,0.14388731063862048,0.1392908571539941
provisional_without_white_advantage,2010-08,0,,0,,
provisional_without_white_advantage,2010-09,195050,0.14744726911432576,147890,0.13965818083318712,0.13571324516676864
provisional_without_white_advantage,2010-10,0,,0,,
provisional_without_white_advantage,2010-11,140448,0.14512971799998556,109782,0.1386106682929197,0.1347141978585435
provisional_without_white_advantage,2010-12,0,,0,,
provisional_without_white_advantage,2011-01,145193,0.14983887325933498,109700,0.14256780489342058,0.13972153095692524
provisional_without_white_advantage,2011-02,0,,0,,
provisional_without_white_advantage,2011-03,132088,0.14875539927807227,99511,0.14158270611128626,0.13901446406464418
provisional_without_white_advantage,2011-04,0,,0,,
provisional_without_white_advantage,2011-05,223039,0.1494065909705174,178791,0.1447020304075455,0.14128042527243903
provisional_without_white_advantage,2011-06,0,,0,,
provisional_without_white_advantage,2011-07,176771,0.1480967373958786,132854,0.14141864232252596,0.13871616654654184
provisional_without_white_advantage,2011-08,0,,0,,
provisional_without_white_advantage,2011-09,224484,0.14503091611677504,172951,0.1376243204440806,0.1363402433763059
provisional_without_white_advantage,2011-10,0,,0,,
provisional_without_white_advantage,2011-11,161794,0.14711585909139527,123278,0.1391576025123657,0.13767324972062722
provisional_without_white_advantage,2011-12,0,,0,,
provisional_without_white_advantage,2012-01,164518,0.1505868592824112,122749,0.14324827058942352,0.14188899280634668
provisional_without_white_advantage,2012-02,0,,0,,
provisional_without_white_advantage,2012-03,140138,0.14682544498948383,105841,0.13970599278310608,0.13903934561748874
provisional_without_white_advantage,2012-04,0,,0,,
provisional_without_white_advantage,2012-05,259245,0.14889670166397498,200618,0.14258992226847758,0.14118119535100415
provisional_without_white_advantage,2012-06,0,,0,,
provisional_without_white_advantage,2012-07,196973,0.1460320504346412,150058,0.13971286514589726,0.1391799920494064
provisional_without_white_advantage,2012-08,102757,0.14491509006894512,80200,0.13810248806381917,0.13820478774648162
provisional_without_white_advantage,2012-09,130159,0.14487681076531536,102300,0.13914293027692332,0.13901320342270362
provisional_without_white_advantage,2012-10,77341,0.14303957114836613,61915,0.1378883893392396,0.13801826261835118
provisional_without_white_advantage,2012-11,77002,0.1457215417313759,59606,0.13901055802659917,0.1349325056168898
provisional_without_white_advantage,2012-12,86451,0.14694215595831683,65482,0.1405735605798625,0.1397145225049369
provisional_without_white_advantage,2013-01,80760,0.14854174571215473,63960,0.14264503928432007,0.14187160749925978
provisional_without_white_advantage,2013-02,93367,0.14781797988583764,71354,0.14104583012649277,0.14106790244226441
provisional_without_white_advantage,2013-03,79090,0.1526891232781153,57496,0.1457025125597548,0.14463920306920244
provisional_without_white_advantage,2013-04,114967,0.14995849076380838,88831,0.14407282167827004,0.14274204141553173
provisional_without_white_advantage,2013-05,142160,0.1482930265100273,111877,0.1436199577910129,0.14275613557467082
provisional_without_white_advantage,2013-06,135294,0.1473747877530513,103699,0.14143087889293537,0.14104759241351278
provisional_without_white_advantage,2013-07,81625,0.14431631948547932,62282,0.13892371330288691,0.13854468283755306
provisional_without_white_advantage,2013-08,122736,0.14499777268551797,95291,0.13920741600505168,0.13992060789383104
provisional_without_white_advantage,2013-09,115276,0.14151611606725853,92932,0.13777888675780325,0.13816549139479253
provisional_without_white_advantage,2013-10,97687,0.14333253201515236,75665,0.13749153887352455,0.13937549825209636
provisional_without_white_advantage,2013-11,95769,0.1466592239233675,73887,0.14032029588745826,0.1394298478564762
provisional_without_white_advantage,2013-12,84857,0.14541542239834576,65445,0.13905764843644622,0.13880307904996353
provisional_without_white_advantage,2014-01,106181,0.14940305764333056,81289,0.14499356595058074,0.1460064473258296
provisional_without_white_advantage,2014-02,108120,0.1479501639120824,79651,0.14172346405714736,0.1430932326926938
provisional_without_white_advantage,2014-03,80830,0.14819392989801777,60179,0.14340490204754877,0.14316917976868246
provisional_without_white_advantage,2014-04,113306,0.14770501332437488,89232,0.1431982520363456,0.1441804468367671
provisional_without_white_advantage,2014-05,162815,0.1468016918877425,126191,0.14283146298175017,0.14265614762268508
provisional_without_white_advantage,2014-06,105949,0.14701358149247562,77629,0.14114941589490781,0.1419576478009314
provisional_without_white_advantage,2014-07,104568,0.1447753777872045,77884,0.14066003993536758,0.1410323395154555
provisional_without_white_advantage,2014-08,124004,0.14402604711595085,95737,0.14017236678035752,0.14282311855056548
provisional_without_white_advantage,2014-09,122451,0.14204036990927013,95259,0.13829291721657486,0.13991135775109212
provisional_without_white_advantage,2014-10,100479,0.14128598551714752,76267,0.13742371529929354,0.13806934959809425
provisional_without_white_advantage,2014-11,107622,0.14568853091371764,81645,0.1416582681355344,0.14154703103499125
provisional_without_white_advantage,2014-12,94431,0.1474449110482632,70550,0.14234452817758195,0.1413232080433178
provisional_without_white_advantage,2015-01,119188,0.14708959531995724,89310,0.14260999379116066,0.14301551463703546
provisional_without_white_advantage,2015-02,115470,0.14367299551341575,91069,0.14019551763434837,0.1408391753876161
provisional_without_white_advantage,2015-03,98328,0.14633187314456975,74441,0.1417857402776818,0.14294080489593167
provisional_without_white_advantage,2015-04,120313,0.1453673192814799,96431,0.14149371434216984,0.1411449748553981
provisional_without_white_advantage,2015-05,159203,0.14467331905192102,123999,0.14061245749155668,0.1410949021103982
provisional_without_white_advantage,2015-06,133429,0.14438380383282906,100399,0.13976736854010524,0.1410344339458968
provisional_without_white_advantage,2015-07,106171,0.14375259314162964,81232,0.1394305268867498,0.14068374643292697
provisional_without_white_advantage,2015-08,137771,0.14134671731692255,108745,0.1377373759520838,0.14040461511111746
provisional_without_white_advantage,2015-09,154547,0.14030099101132934,125379,0.13645035320305596,0.1390173806964231
provisional_without_white_advantage,2015-10,103432,0.14285828662117508,81712,0.1381814312798722,0.139442672554209
provisional_without_white_advantage,2015-11,118017,0.14203771608711666,93670,0.13772344879959234,0.13782485450295093
provisional_without_white_advantage,2015-12,120452,0.14580760903969803,96094,0.1417413868793465,0.14334223570105317
provisional_without_white_advantage,2016-01,142820,0.14881820670332782,111822,0.14386724110549196,0.14617404210702173
provisional_without_white_advantage,2016-02,131816,0.1443857106482335,103358,0.13975686895701755,0.14149156769821652
provisional_without_white_advantage,2016-03,132128,0.14666687824205324,106823,0.14225910809234651,0.14364726774250317
provisional_without_white_advantage,2016-04,155437,0.14614164052148088,124640,0.14259783704801937,0.14377650175885232
provisional_without_white_advantage,2016-05,137093,0.1450554357394701,111315,0.1413006164313767,0.1428058053019569
provisional_without_white_advantage,2016-06,142698,0.14473052082416868,110644,0.1393132181291591,0.14126813853236594
provisional_without_white_advantage,2016-07,109570,0.14560367065898677,87396,0.1411259563807197,0.14293209434493165
provisional_without_white_advantage,2016-08,156349,0.14309837464833192,125466,0.138547722331608,0.14106828550107872
provisional_without_white_advantage,2016-09,170541,0.1408678597222392,141565,0.13727087719388198,0.14154906017596586
provisional_without_white_advantage,2016-10,102692,0.1435519266336937,81888,0.13860924693124077,0.14190715383649383
provisional_without_white_advantage,2016-11,130785,0.1432540498781535,106284,0.138410873210317,0.14085633062498779
provisional_without_white_advantage,2016-12,141489,0.14531187390352945,116345,0.14208924945761345,0.1436400786611406
provisional_without_white_advantage,2017-01,155897,0.14861236868650352,123531,0.14375947605259987,0.14670666475019908
provisional_without_white_advantage,2017-02,150759,0.14350424884873408,121558,0.1392088311882085,0.14262319169159204
provisional_without_white_advantage,2017-03,117131,0.1475154771621458,96153,0.1428425017155106,0.1454640615563146
provisional_without_white_advantage,2017-04,148123,0.1487712493860817,121788,0.14505540452952959,0.14660659289062322
provisional_without_white_advantage,2017-05,168769,0.14344748040642052,138400,0.13904744272196715,0.1414714100110548
provisional_without_white_advantage,2017-06,143535,0.14332050101647542,115773,0.1397805732596091,0.14381991804577768
provisional_without_white_advantage,2017-07,130033,0.14412545440854102,104188,0.14038926920814232,0.1447036230325956
provisional_without_white_advantage,2017-08,171045,0.14285297913211276,139774,0.13864152393282939,0.14385007764281413
provisional_without_white_advantage,2017-09,166013,0.1398798433365806,138049,0.13638803362569818,0.14127705307757643
provisional_without_white_advantage,2017-10,114268,0.14206704151144342,93445,0.13782031607905337,0.1430673773604005
provisional_without_white_advantage,2017-11,124767,0.140557670000779,101873,0.13663667962251064,0.1397531099635756
provisional_without_white_advantage,2017-12,152995,0.1461197734044701,126971,0.14265512131550898,0.14593946554204865
provisional_without_white_advantage,2018-01,158039,0.14716345188305854,128128,0.14360184427167963,0.14795017354637724
provisional_without_white_advantage,2018-02,159448,0.14373255650771605,130833,0.14071613883846418,0.14516506605768278
provisional_without_white_advantage,2018-03,140200,0.1447564095719299,113958,0.14007436927043526,0.1438710706118439
provisional_without_white_advantage,2018-04,136794,0.14616080168162562,114566,0.14305069780244925,0.14638299361794493
provisional_without_white_advantage,2018-05,175647,0.14470577780622634,142890,0.14062154913150465,0.14478892880618174
provisional_without_white_advantage,2018-06,155857,0.14286869613346811,124913,0.1392323005901028,0.14461917809477368
provisional_without_white_advantage,2018-07,127445,0.1464367725045806,101253,0.14314428676768196,0.14776779749934635
provisional_without_white_advantage,2018-08,183183,0.14197552166285055,151293,0.13826336255475258,0.14505380291679337
provisional_without_white_advantage,2018-09,163513,0.14063609907471644,134001,0.13694098030850912,0.1438768147320056
provisional_without_white_advantage,2018-10,99339,0.14207919300163016,81172,0.13831452432993166,0.14439505080350473
provisional_without_white_advantage,2018-11,132573,0.14161303182557308,110473,0.1387373562662192,0.1435403399992663
provisional_without_white_advantage,2018-12,160329,0.14646205780794708,132013,0.14296419089050477,0.1486459346962695
provisional_without_white_advantage,2019-01,151587,0.14565475371230002,123867,0.14248520261495068,0.14846589402257646
provisional_without_white_advantage,2019-02,166560,0.14373876576849923,136179,0.1403803939129637,0.14674861876527814
provisional_without_white_advantage,2019-03,123549,0.1434217889789002,102775,0.1401293154036742,0.1457772082195778
provisional_without_white_advantage,2019-04,147548,0.14564786594617987,122103,0.14228948124763302,0.14767940148047384
provisional_without_white_advantage,2019-05,203830,0.14285638932660397,167801,0.13949579591060074,0.14549958711491992
provisional_without_white_advantage,2019-06,131996,0.14521980372081228,105832,0.14181996971203378,0.1477431887930657
provisional_without_white_advantage,2019-07,150657,0.14443620082728087,122965,0.14113003971335564,0.14871307352825164
provisional_without_white_advantage,2019-08,184892,0.14134583927595842,153532,0.1382370908468233,0.1466920341447409
provisional_without_white_advantage,2019-09,174646,0.14155208796317154,145075,0.1388140980467502,0.14783924411519628
provisional_without_white_advantage,2019-10,105337,0.14240857589238068,86984,0.1395790151130601,0.1487107912354122
provisional_without_white_advantage,2019-11,136652,0.14340634326032375,112749,0.14016912722539893,0.14706445098924276
provisional_without_white_advantage,2019-12,163304,0.14519698516486101,135706,0.1422379487437344,0.1477000164205632
provisional_without_white_advantage,2020-01,154730,0.14550153587907655,127518,0.14286954489522652,0.15014015496170627
provisional_without_white_advantage,2020-02,166424,0.14312352685206936,138404,0.14069647573056124,0.14813930255937824
provisional_without_white_advantage,2020-03,134659,0.14557559517105303,113746,0.14214511327045398,0.14837624462817883
provisional_without_white_advantage,2020-04,98206,0.1453945742794378,84539,0.14332020796838255,0.14827489869085791
provisional_without_white_advantage,2020-05,6318,0.15532188112415177,5203,0.1509995914536853,0.1550410720513652
provisional_without_white_advantage,2020-06,1983,0.14549050362759822,1604,0.14545279291050192,0.14456280345942843
provisional_without_white_advantage,2020-07,10453,0.13240120995395827,9776,0.1318071752123669,0.1370723543159292
provisional_without_white_advantage,2020-08,17416,0.13591830787827439,14879,0.13343143895069812,0.14461018568376216
provisional_without_white_advantage,2020-09,35859,0.14120970156843388,31616,0.13962697657696066,0.14855440760545635
provisional_without_white_advantage,2020-10,35958,0.14025977781891866,31602,0.13770118325624275,0.14576140867445989
provisional_without_white_advantage,2020-11,38815,0.13951763971363235,34066,0.1377922877234569,0.14359375483932493
provisional_without_white_advantage,2020-12,20568,0.14588293132940697,16928,0.1430938503929671,0.151251817381171
provisional_without_white_advantage,2021-01,24591,0.14821404477412586,20345,0.1461792407115568,0.15407100493093484
provisional_without_white_advantage,2021-02,19935,0.1491557828568184,15945,0.14394484781995012,0.1548057050279339
provisional_without_white_advantage,2021-03,14473,0.14632638952521448,11227,0.14367262899823932,0.15813373659938568
provisional_without_white_advantage,2021-04,31608,0.14659999358807665,25655,0.14316853191477222,0.15485994249315774
provisional_without_white_advantage,2021-05,42571,0.14918671752843465,32833,0.14430656325317753,0.1572828194095197
provisional_without_white_advantage,2021-06,32623,0.14747269613483016,26524,0.1437779848326243,0.15361593144860108
provisional_without_white_advantage,2021-07,67486,0.14816602034483614,52070,0.14427905235634444,0.15534107897680646
provisional_without_white_advantage,2021-08,85151,0.14329061502689866,70202,0.13908092176276454,0.15329495645721306
provisional_without_white_advantage,2021-09,107478,0.14488988612670298,87526,0.14042859036019126,0.15486003762158035
provisional_without_white_advantage,2021-10,72035,0.14307561807877836,58242,0.13757678343645327,0.14973921777886925
provisional_without_white_advantage,2021-11,88431,0.14321703702972138,73424,0.13825906192212256,0.1484686863486792
provisional_without_white_advantage,2021-12,120499,0.14849853297431462,95357,0.1439287816088189,0.1564535839666976
provisional_without_white_advantage,2022-01,106332,0.15101964391599523,81324,0.14661441974485043,0.1594703565523222
provisional_without_white_advantage,2022-02,84471,0.1467280414050875,66176,0.14140930694029508,0.15475191427107401
provisional_without_white_advantage,2022-03,79374,0.1453425893371184,64167,0.1402450591894053,0.15226536773714602
provisional_without_white_advantage,2022-04,129046,0.14560662068615896,103775,0.14135745303983863,0.15363782815108565
provisional_without_white_advantage,2022-05,151542,0.14717569714048495,120708,0.14208168931832063,0.15458422070004835
provisional_without_white_advantage,2022-06,121892,0.1442622184136387,96978,0.14001569628217858,0.1538702364839426
provisional_without_white_advantage,2022-07,123467,0.14557715509998548,97255,0.1407446599253951,0.15439572665176224
provisional_without_white_advantage,2022-08,147775,0.14472809396478664,118956,0.13989426982739414,0.1566583743112495
provisional_without_white_advantage,2022-09,166586,0.14256460224532955,135348,0.13854213951408403,0.15403433891707607
provisional_without_white_advantage,2022-10,112576,0.14552177586448847,91113,0.14089877933300657,0.15612180778860027
provisional_without_white_advantage,2022-11,121255,0.1437142740872262,95722,0.13855501160662034,0.15054956403779413
provisional_without_white_advantage,2022-12,155614,0.1462618769358016,125814,0.14190611061488334,0.1552064950378177
provisional_without_white_advantage,2023-01,117006,0.1473756911733992,93656,0.14310069355779612,0.1555209729020314
provisional_without_white_advantage,2023-02,158635,0.1453310606493827,125878,0.14088072729574797,0.1541977404775415
provisional_without_white_advantage,2023-03,148995,0.1471601601134337,118611,0.1425461993789361,0.15346944489148756
provisional_without_white_advantage,2023-04,134395,0.145723291760181,109286,0.1418901381684414,0.15364614231316087
provisional_without_white_advantage,2023-05,161031,0.14292727180594586,125552,0.13861973746458023,0.15124570422864655
provisional_without_white_advantage,2023-06,154070,0.14375757985987714,120933,0.14041070615370788,0.15205762795967753
provisional_without_white_advantage,2023-07,134541,0.14451051335912452,104978,0.14012614249988706,0.15421571596188255
provisional_without_white_advantage,2023-08,174520,0.14476346642271737,140987,0.14065543558843976,0.15663805054240293
provisional_without_white_advantage,2023-09,181717,0.14317174325660817,144747,0.1385318239392794,0.15312476630520452
provisional_without_white_advantage,2023-10,109233,0.14243369240695342,89765,0.13861824303432146,0.15245830891061207
provisional_without_white_advantage,2023-11,155183,0.14178878188960675,123446,0.13688258963274183,0.14857358303711993
provisional_without_white_advantage,2023-12,157723,0.1460925813104142,129553,0.1421393424529546,0.15461103282679903
provisional_without_white_advantage,2024-01,136753,0.14683679269609465,107620,0.141908138484006,0.15515565682445132
provisional_without_white_advantage,2024-02,188591,0.14599558948905597,148100,0.1417372234962204,0.15458904603311982
provisional_without_white_advantage,2024-03,158871,0.1472713240510633,125251,0.14249646859853166,0.1536947440799163
provisional_without_white_advantage,2024-04,153312,0.14730401635986448,126462,0.1427898917812313,0.14904309409256347
provisional_without_white_advantage,2024-05,184379,0.14347722815354436,148516,0.138925977740423,0.1440756316314139
provisional_without_white_advantage,2024-06,166980,0.14233933043313787,128797,0.13725044169007972,0.14346134520623752
provisional_without_white_advantage,2024-07,124316,0.14232108114958208,97658,0.13756920329255884,0.14459813674808647
provisional_without_white_advantage,2024-08,204608,0.14234162782619902,165841,0.13730225444895666,0.14595087092256542
provisional_without_white_advantage,2024-09,170646,0.1417678551699294,137992,0.1368146436915909,0.14490793270601346
provisional_without_white_advantage,2024-10,127181,0.14334499021072275,103637,0.1385033917541554,0.14513949766479062
provisional_without_white_advantage,2024-11,150324,0.14253452456211468,122605,0.13792411230011517,0.14348358933736863
provisional_without_white_advantage,2024-12,178838,0.145179819859427,146431,0.14068453418049173,0.14670192491710318
provisional_without_white_advantage,2025-01,164555,0.1467448520051724,132507,0.14283331226265544,0.1500422774990157
provisional_without_white_advantage,2025-02,201036,0.14651593305560665,158773,0.14168312162680033,0.14842691902018532
provisional_without_white_advantage,2025-03,168718,0.1452858518530691,137738,0.1409144996823559,0.14668756884309575
provisional_without_white_advantage,2025-04,174938,0.14550881091921622,144880,0.14113656003456362,0.14755620165780653
provisional_without_white_advantage,2025-05,198582,0.14310949842407591,161724,0.1380742870573698,0.14424900164020438
provisional_without_white_advantage,2025-06,178781,0.14346134945603156,138929,0.13842542428394458,0.14518967706496425
provisional_without_white_advantage,2025-07,163965,0.14300328360593742,131684,0.13795487862999262,0.14404662662381607
provisional_without_white_advantage,2025-08,206483,0.14381331704369305,169796,0.13889383581853018,0.14615148256468435
provisional_without_white_advantage,2025-09,198411,0.1431347984720225,162815,0.13838704783284544,0.1456144322313506
provisional_without_white_advantage,2025-10,147779,0.1419031323224951,123999,0.13688384253298916,0.14357558504245022
provisional_without_white_advantage,2025-11,165904,0.14252833706750764,137859,0.13763589257824668,0.14412473099827613
provisional_without_white_advantage,2025-12,192614,0.14410417797379754,161785,0.1398818781331394,0.14623287424657014
provisional_without_uncertainty_prediction,2008-04,180982,0.17948105523196836,144265,0.17545825112232433,0.13764081149142152
provisional_without_uncertainty_prediction,2008-05,0,,0,,
provisional_without_uncertainty_prediction,2008-06,0,,0,,
provisional_without_uncertainty_prediction,2008-07,236675,0.16758489519659892,187852,0.1621648279326814,0.13679543234739883
provisional_without_uncertainty_prediction,2008-08,0,,0,,
provisional_without_uncertainty_prediction,2008-09,0,,0,,
provisional_without_uncertainty_prediction,2008-10,243167,0.1613526700289691,187997,0.15326233979417928,0.13360164260122337
provisional_without_uncertainty_prediction,2008-11,0,,0,,
provisional_without_uncertainty_prediction,2008-12,0,,0,,
provisional_without_uncertainty_prediction,2009-01,167185,0.15876995881353156,129736,0.1508647687581395,0.13549237721585075
provisional_without_uncertainty_prediction,2009-02,0,,0,,
provisional_without_uncertainty_prediction,2009-03,0,,0,,
provisional_without_uncertainty_prediction,2009-04,185579,0.15556149458175553,144117,0.14819892507465765,0.1362235904853938
provisional_without_uncertainty_prediction,2009-05,0,,0,,
provisional_without_uncertainty_prediction,2009-06,0,,0,,
provisional_without_uncertainty_prediction,2009-07,276319,0.15492561740742064,213427,0.1477609052832366,0.13672714563217941
provisional_without_uncertainty_prediction,2009-08,0,,0,,
provisional_without_uncertainty_prediction,2009-09,203525,0.15137944635251782,156525,0.14390207191074209,0.1358919539142354
provisional_without_uncertainty_prediction,2009-10,0,,0,,
provisional_without_uncertainty_prediction,2009-11,124272,0.14634488741623242,97975,0.1405402435385913,0.1332768421482737
provisional_without_uncertainty_prediction,2009-12,0,,0,,
provisional_without_uncertainty_prediction,2010-01,129027,0.15345580990611749,98157,0.14599925513136242,0.13953411914446878
provisional_without_uncertainty_prediction,2010-02,0,,0,,
provisional_without_uncertainty_prediction,2010-03,120543,0.15092463332156197,93770,0.14412291407108024,0.13844180215781
provisional_without_uncertainty_prediction,2010-04,0,,0,,
provisional_without_uncertainty_prediction,2010-05,199670,0.15140534656757076,158485,0.14542388756586733,0.13968666619760683
provisional_without_uncertainty_prediction,2010-06,0,,0,,
provisional_without_uncertainty_prediction,2010-07,159042,0.15085005029173806,124520,0.14372372728578983,0.1392908571539941
provisional_without_uncertainty_prediction,2010-08,0,,0,,
provisional_without_uncertainty_prediction,2010-09,195050,0.14905948720595696,147890,0.1395225176809908,0.13571324516676864
provisional_without_uncertainty_prediction,2010-10,0,,0,,
provisional_without_uncertainty_prediction,2010-11,140448,0.146478891908383,109782,0.1383323441230523,0.1347141978585435
provisional_without_uncertainty_prediction,2010-12,0,,0,,
provisional_without_uncertainty_prediction,2011-01,145193,0.1514393057782471,109700,0.1424729537310864,0.13972153095692524
provisional_without_uncertainty_prediction,2011-02,0,,0,,
provisional_without_uncertainty_prediction,2011-03,132088,0.1503312081597575,99511,0.14158612737115364,0.13901446406464418
provisional_without_uncertainty_prediction,2011-04,0,,0,,
provisional_without_uncertainty_prediction,2011-05,223039,0.1510049020974142,178791,0.14508762280708637,0.14128042527243903
provisional_without_uncertainty_prediction,2011-06,0,,0,,
provisional_without_uncertainty_prediction,2011-07,176771,0.14949455098018333,132854,0.14133622836672854,0.13871616654654184
provisional_without_uncertainty_prediction,2011-08,0,,0,,
provisional_without_uncertainty_prediction,2011-09,224484,0.14633369225218812,172951,0.13722162079587413,0.1363402433763059
provisional_without_uncertainty_prediction,2011-10,0,,0,,
provisional_without_uncertainty_prediction,2011-11,161794,0.14881625331130455,123278,0.13912740999834722,0.13767324972062722
provisional_without_uncertainty_prediction,2011-12,0,,0,,
provisional_without_uncertainty_prediction,2012-01,164518,0.1523474030826474,122749,0.14326123011670877,0.14188899280634668
provisional_without_uncertainty_prediction,2012-02,0,,0,,
provisional_without_uncertainty_prediction,2012-03,140138,0.14807142683415342,105841,0.13948368613099418,0.13903934561748874
provisional_without_uncertainty_prediction,2012-04,0,,0,,
provisional_without_uncertainty_prediction,2012-05,259245,0.15044664345599046,200618,0.14260871249378354,0.14118119535100415
provisional_without_uncertainty_prediction,2012-06,0,,0,,
provisional_without_uncertainty_prediction,2012-07,196973,0.1476300406137285,150058,0.13999895887962546,0.1391799920494064
provisional_without_uncertainty_prediction,2012-08,102757,0.14610559952339933,80200,0.13786793835255262,0.13820478774648162
provisional_without_uncertainty_prediction,2012-09,130159,0.14572565872343105,102300,0.13863885575863122,0.13901320342270362
provisional_without_uncertainty_prediction,2012-10,77341,0.14364077382139856,61915,0.13727220417717537,0.13801826261835118
provisional_without_uncertainty_prediction,2012-11,77002,0.14725445096853287,59606,0.13905255155180388,0.1349325056168898
provisional_without_uncertainty_prediction,2012-12,86451,0.1482203056310258,65482,0.14034997612424102,0.1397145225049369
provisional_without_uncertainty_prediction,2013-01,80760,0.14961894701129977,63960,0.1425360675331506,0.14187160749925978
provisional_without_uncertainty_prediction,2013-02,93367,0.14932869592897938,71354,0.14105711644916127,0.14106790244226441
provisional_without_uncertainty_prediction,2013-03,79090,0.15461471977552807,57496,0.1457297960026876,0.14463920306920244
provisional_without_uncertainty_prediction,2013-04,114967,0.15134627120298466,88831,0.1440970822009069,0.14274204141553173
provisional_without_uncertainty_prediction,2013-05,142160,0.14937782222724394,111877,0.14359342598534153,0.14275613557467082
provisional_without_uncertainty_prediction,2013-06,135294,0.14829104675801166,103699,0.14097580928950684,0.14104759241351278
provisional_without_uncertainty_prediction,2013-07,81625,0.14536588350876506,62282,0.13873388151880384,0.13854468283755306
provisional_without_uncertainty_prediction,2013-08,122736,0.1463051905022029,95291,0.13902622780352014,0.13992060789383104
provisional_without_uncertainty_prediction,2013-09,115276,0.1420068280054245,92932,0.13731462317335638,0.13816549139479253
provisional_without_uncertainty_prediction,2013-10,97687,0.14439799676156018,75665,0.13734809844485094,0.13937549825209636
provisional_without_uncertainty_prediction,2013-11,95769,0.14802653586143288,73887,0.1402287381407256,0.1394298478564762
provisional_without_uncertainty_prediction,2013-12,84857,0.14670339830564919,65445,0.13875747736195032,0.13880307904996353
provisional_without_uncertainty_prediction,2014-01,106181,0.15019633188847564,81289,0.14470016544362074,0.1460064473258296
provisional_without_uncertainty_prediction,2014-02,108120,0.14896045964082483,79651,0.14142862016052907,0.1430932326926938
provisional_without_uncertainty_prediction,2014-03,80830,0.14903423810091723,60179,0.14316742611552166,0.14316917976868246
provisional_without_uncertainty_prediction,2014-04,113306,0.14883671451209338,89232,0.14303585162407279,0.1441804468367671
provisional_without_uncertainty_prediction,2014-05,162815,0.14759062788847355,126191,0.14266569233933943,0.14265614762268508
provisional_without_uncertainty_prediction,2014-06,105949,0.14826435665709087,77629,0.1407896128146784,0.1419576478009314
provisional_without_uncertainty_prediction,2014-07,104568,0.14570540142874464,77884,0.1404782309651242,0.1410323395154555
provisional_without_uncertainty_prediction,2014-08,124004,0.1448659745485998,95737,0.13986517005580676,0.14282311855056548
provisional_without_uncertainty_prediction,2014-09,122451,0.14254700948824603,95259,0.1377456793240515,0.13991135775109212
provisional_without_uncertainty_prediction,2014-10,100479,0.1415774848880068,76267,0.13680641383526598,0.13806934959809425
provisional_without_uncertainty_prediction,2014-11,107622,0.14646587764426378,81645,0.14142573861898475,0.14154703103499125
provisional_without_uncertainty_prediction,2014-12,94431,0.14878370474769453,70550,0.14238938341728188,0.1413232080433178
provisional_without_uncertainty_prediction,2015-01,119188,0.1484092515815144,89310,0.14268784661086364,0.14301551463703546
provisional_without_uncertainty_prediction,2015-02,115470,0.144782595465997,91069,0.14011629815611865,0.1408391753876161
provisional_without_uncertainty_prediction,2015-03,98328,0.14801127796545088,74441,0.14211050208063106,0.14294080489593167
provisional_without_uncertainty_prediction,2015-04,120313,0.14635188065278484,96431,0.14144884871664287,0.1411449748553981
provisional_without_uncertainty_prediction,2015-05,159203,0.14600774461472432,123999,0.14063606756396857,0.1410949021103982
provisional_without_uncertainty_prediction,2015-06,133429,0.1458116548374323,100399,0.1399376967903577,0.1410344339458968
provisional_without_uncertainty_prediction,2015-07,106171,0.14514647369253522,81232,0.13948725613118368,0.14068374643292697
provisional_without_uncertainty_prediction,2015-08,137771,0.1428204940465662,108745,0.13789229933385697,0.14040461511111746
provisional_without_uncertainty_prediction,2015-09,154547,0.1414293218825985,125379,0.13633401765916467,0.1390173806964231
provisional_without_uncertainty_prediction,2015-10,103432,0.1438882637298504,81712,0.13791380906932835,0.139442672554209
provisional_without_uncertainty_prediction,2015-11,118017,0.14356518975253985,93670,0.13796594948685717,0.13782485450295093
provisional_without_uncertainty_prediction,2015-12,120452,0.14721413200983022,96094,0.14194564711415747,0.14334223570105317
provisional_without_uncertainty_prediction,2016-01,142820,0.1508100643176261,111822,0.14443396949649448,0.14617404210702173
provisional_without_uncertainty_prediction,2016-02,131816,0.14573411271279868,103358,0.13991357100440985,0.14149156769821652
provisional_without_uncertainty_prediction,2016-03,132128,0.14829201108537207,106823,0.1426640804842121,0.14364726774250317
provisional_without_uncertainty_prediction,2016-04,155437,0.14772330295013575,124640,0.14309054752305778,0.14377650175885232
provisional_without_uncertainty_prediction,2016-05,137093,0.14681538507196928,111315,0.1418087325832199,0.1428058053019569
provisional_without_uncertainty_prediction,2016-06,142698,0.1464309845314384,110644,0.1395264345281349,0.14126813853236594
provisional_without_uncertainty_prediction,2016-07,109570,0.14708011577763905,87396,0.14125714672580122,0.14293209434493165
provisional_without_uncertainty_prediction,2016-08,156349,0.14459627255050303,125466,0.13868563799360245,0.14106828550107872
provisional_without_uncertainty_prediction,2016-09,170541,0.14198529088394926,141565,0.13738762024559187,0.14154906017596586
provisional_without_uncertainty_prediction,2016-10,102692,0.14502784401288513,81888,0.13894041174885843,0.14190715383649383
provisional_without_uncertainty_prediction,2016-11,130785,0.14493444536758052,106284,0.13880776019906188,0.14085633062498779
provisional_without_uncertainty_prediction,2016-12,141489,0.14658577327350172,116345,0.14230192893766347,0.1436400786611406
provisional_without_uncertainty_prediction,2017-01,155897,0.15037458607321144,123531,0.1442519628927212,0.14670666475019908
provisional_without_uncertainty_prediction,2017-02,150759,0.14516669902091667,121558,0.1396121028199328,0.14262319169159204
provisional_without_uncertainty_prediction,2017-03,117131,0.14918453843217055,96153,0.1430670457126678,0.1454640615563146
provisional_without_uncertainty_prediction,2017-04,148123,0.15063777279376753,121788,0.14569677991116498,0.14660659289062322
provisional_without_uncertainty_prediction,2017-05,168769,0.14520774089078567,138400,0.1395268831642134,0.1414714100110548
provisional_without_uncertainty_prediction,2017-06,143535,0.14467872172488383,115773,0.14016187431503643,0.14381991804577768
provisional_without_uncertainty_prediction,2017-07,130033,0.14534133861085946,104188,0.14048026809909053,0.1447036230325956
provisional_without_uncertainty_prediction,2017-08,171045,0.1442898843210835,139774,0.13858590283255912,0.14385007764281413
provisional_without_uncertainty_prediction,2017-09,166013,0.1407440473736511,138049,0.1362806534327197,0.14127705307757643
provisional_without_uncertainty_prediction,2017-10,114268,0.1436787594327599,93445,0.13821848326155578,0.1430673773604005
provisional_without_uncertainty_prediction,2017-11,124767,0.14193425812886606,101873,0.1369833098786553,0.1397531099635756
provisional_without_uncertainty_prediction,2017-12,152995,0.14773586693949303,126971,0.14325814368192616,0.14593946554204865
provisional_without_uncertainty_prediction,2018-01,158039,0.1486814678978054,128128,0.14407293330873816,0.14795017354637724
provisional_without_uncertainty_prediction,2018-02,159448,0.1451549226357844,130833,0.1411614930000748,0.14516506605768278
provisional_without_uncertainty_prediction,2018-03,140200,0.14607644453431756,113958,0.1401566753014503,0.1438710706118439
provisional_without_uncertainty_prediction,2018-04,136794,0.14744815516985638,114566,0.14346816786820255,0.14638299361794493
provisional_without_uncertainty_prediction,2018-05,175647,0.14632661657565793,142890,0.14105052558009767,0.14478892880618174
provisional_without_uncertainty_prediction,2018-06,155857,0.14410549635268774,124913,0.13963763931376766,0.14461917809477368
provisional_without_uncertainty_prediction,2018-07,127445,0.14838784064902735,101253,0.1440064090609097,0.14776779749934635
provisional_without_uncertainty_prediction,2018-08,183183,0.1431887405834125,151293,0.13836841647193493,0.14505380291679337
provisional_without_uncertainty_prediction,2018-09,163513,0.1417434515701983,134001,0.13712784307398052,0.1438768147320056
provisional_without_uncertainty_prediction,2018-10,99339,0.14348811189793306,81172,0.1386097597860277,0.14439505080350473
provisional_without_uncertainty_prediction,2018-11,132573,0.1427790303837349,110473,0.13907517651682227,0.1435403399992663
provisional_without_uncertainty_prediction,2018-12,160329,0.14786453325209997,132013,0.14335736902776797,0.1486459346962695
provisional_without_uncertainty_prediction,2019-01,151587,0.14690419653368728,123867,0.14278068614046505,0.14846589402257646
provisional_without_uncertainty_prediction,2019-02,166560,0.14504932200697426,136179,0.14063386228863742,0.14674861876527814
provisional_without_uncertainty_prediction,2019-03,123549,0.1443556579910015,102775,0.14014009872101646,0.1457772082195778
provisional_without_uncertainty_prediction,2019-04,147548,0.1471792020673155,122103,0.1428997435717044,0.14767940148047384
provisional_without_uncertainty_prediction,2019-05,203830,0.1441340913717613,167801,0.1398797691129431,0.14549958711491992
provisional_without_uncertainty_prediction,2019-06,131996,0.14649640702810646,105832,0.14226054978892325,0.1477431887930657
provisional_without_uncertainty_prediction,2019-07,150657,0.1459020896315142,122965,0.14148364190957247,0.14871307352825164
provisional_without_uncertainty_prediction,2019-08,184892,0.14240788560319753,153532,0.13834880128824223,0.1466920341447409
provisional_without_uncertainty_prediction,2019-09,174646,0.14285405381487437,145075,0.1392270879358314,0.14783924411519628
provisional_without_uncertainty_prediction,2019-10,105337,0.14379956602281568,86984,0.14004794046442512,0.1487107912354122
provisional_without_uncertainty_prediction,2019-11,136652,0.1447275517186234,112749,0.14052027532559044,0.14706445098924276
provisional_without_uncertainty_prediction,2019-12,163304,0.14637384295264466,135706,0.142526605770583,0.1477000164205632
provisional_without_uncertainty_prediction,2020-01,154730,0.14677362926890175,127518,0.1433435558129567,0.15014015496170627
provisional_without_uncertainty_prediction,2020-02,166424,0.14442833732001217,138404,0.1410806858919124,0.14813930255937824
provisional_without_uncertainty_prediction,2020-03,134659,0.1471516461451914,113746,0.14277276962601135,0.14837624462817883
provisional_without_uncertainty_prediction,2020-04,98206,0.14630339499734296,84539,0.14366565007886437,0.14827489869085791
provisional_without_uncertainty_prediction,2020-05,6318,0.15743824097204223,5203,0.15216828638804525,0.1550410720513652
provisional_without_uncertainty_prediction,2020-06,1983,0.14545757744506,1604,0.14574883876075487,0.14456280345942843
provisional_without_uncertainty_prediction,2020-07,10453,0.1322063558729835,9776,0.1317362537723158,0.1370723543159292
provisional_without_uncertainty_prediction,2020-08,17416,0.1365864767218645,14879,0.13345125539225752,0.14461018568376216
provisional_without_uncertainty_prediction,2020-09,35859,0.14158373860434562,31616,0.1393469831189581,0.14855440760545635
provisional_without_uncertainty_prediction,2020-10,35958,0.14053969006348918,31602,0.1374491531880084,0.14576140867445989
provisional_without_uncertainty_prediction,2020-11,38815,0.14024879760841652,34066,0.13787529247978814,0.14359375483932493
provisional_without_uncertainty_prediction,2020-12,20568,0.1473320621305102,16928,0.1436840433335685,0.151251817381171
provisional_without_uncertainty_prediction,2021-01,24591,0.15031483998161307,20345,0.1470321506494086,0.15407100493093484
provisional_without_uncertainty_prediction,2021-02,19935,0.1513350122741156,15945,0.1447862409924354,0.1548057050279339
provisional_without_uncertainty_prediction,2021-03,14473,0.14803985134706227,11227,0.1440245803434747,0.15813373659938568
provisional_without_uncertainty_prediction,2021-04,31608,0.14787936641985167,25655,0.14327315956456893,0.15485994249315774
provisional_without_uncertainty_prediction,2021-05,42571,0.15208251789747892,32833,0.14549069912942175,0.1572828194095197
provisional_without_uncertainty_prediction,2021-06,32623,0.14935437152176578,26524,0.1444101765181528,0.15361593144860108
provisional_without_uncertainty_prediction,2021-07,67486,0.15082344329745465,52070,0.14575742854599805,0.15534107897680646
provisional_without_uncertainty_prediction,2021-08,85151,0.1447948937885435,70202,0.13931468474681358,0.15329495645721306
provisional_without_uncertainty_prediction,2021-09,107478,0.14656271546006028,87526,0.14084527353879453,0.15486003762158035
provisional_without_uncertainty_prediction,2021-10,72035,0.1451901396453366,58242,0.13826433903304464,0.14973921777886925
provisional_without_uncertainty_prediction,2021-11,88431,0.14513186823713536,73424,0.13899909481788553,0.1484686863486792
provisional_without_uncertainty_prediction,2021-12,120499,0.15019254541409013,95357,0.1444198257791347,0.1564535839666976
provisional_without_uncertainty_prediction,2022-01,106332,0.15320208950956737,81324,0.14741740911113776,0.1594703565523222
provisional_without_uncertainty_prediction,2022-02,84471,0.1488311363301523,66176,0.1420191912872935,0.15475191427107401
provisional_without_uncertainty_prediction,2022-03,79374,0.1465682995435563,64167,0.14051058172707978,0.15226536773714602
provisional_without_uncertainty_prediction,2022-04,129046,0.14688309833901592,103775,0.14163157805459003,0.15363782815108565
provisional_without_uncertainty_prediction,2022-05,151542,0.1485137271345798,120708,0.14225318387564836,0.15458422070004835
provisional_without_uncertainty_prediction,2022-06,121892,0.1456441575027176,96978,0.14046841007696603,0.1538702364839426
provisional_without_uncertainty_prediction,2022-07,123467,0.14734268072759996,97255,0.14136433672549917,0.15439572665176224
provisional_without_uncertainty_prediction,2022-08,147775,0.14639451636490597,118956,0.1403934752135029,0.1566583743112495
provisional_without_uncertainty_prediction,2022-09,166586,0.14340779836960946,135348,0.1385336164804307,0.15403433891707607
provisional_without_uncertainty_prediction,2022-10,112576,0.14721039022433868,91113,0.14152570429989247,0.15612180778860027
provisional_without_uncertainty_prediction,2022-11,121255,0.1451603259309143,95722,0.1389621271567082,0.15054956403779413
provisional_without_uncertainty_prediction,2022-12,155614,0.14775340871931164,125814,0.14245936967293238,0.1552064950378177
provisional_without_uncertainty_prediction,2023-01,117006,0.14871490128637352,93656,0.14347853265184504,0.1555209729020314
provisional_without_uncertainty_prediction,2023-02,158635,0.14679035948327684,125878,0.14129814232126725,0.1541977404775415
provisional_without_uncertainty_prediction,2023-03,148995,0.14839629505417898,118611,0.14290150793259226,0.15346944489148756
provisional_without_uncertainty_prediction,2023-04,134395,0.14683910306156836,109286,0.1424032841645987,0.15364614231316087
provisional_without_uncertainty_prediction,2023-05,161031,0.1440266750317122,125552,0.13872561419692983,0.15124570422864655
provisional_without_uncertainty_prediction,2023-06,154070,0.14474344491233032,120933,0.14080194132979,0.15205762795967753
provisional_without_uncertainty_prediction,2023-07,134541,0.1461870122309191,104978,0.1407403647931691,0.15421571596188255
provisional_without_uncertainty_prediction,2023-08,174520,0.14649883227685723,140987,0.14135831564002752,0.15663805054240293
provisional_without_uncertainty_prediction,2023-09,181717,0.14481502792710985,144747,0.13912528560253115,0.15312476630520452
provisional_without_uncertainty_prediction,2023-10,109233,0.1434642778261087,89765,0.13881853900561944,0.15245830891061207
provisional_without_uncertainty_prediction,2023-11,155183,0.14296341415938021,123446,0.13717890995038315,0.14857358303711993
provisional_without_uncertainty_prediction,2023-12,157723,0.14724206421241734,129553,0.14242391212981628,0.15461103282679903
provisional_without_uncertainty_prediction,2024-01,136753,0.1482072973525281,107620,0.14229652627739295,0.15515565682445132
provisional_without_uncertainty_prediction,2024-02,188591,0.1475288066960033,148100,0.14227910284614123,0.15458904603311982
provisional_without_uncertainty_prediction,2024-03,158871,0.14853023626333628,125251,0.1428671559815834,0.1536947440799163
provisional_without_uncertainty_prediction,2024-04,153312,0.14899241580228184,126462,0.1437697723211785,0.14904309409256347
provisional_without_uncertainty_prediction,2024-05,184379,0.14504921727784406,148516,0.13951101326478754,0.1440756316314139
provisional_without_uncertainty_prediction,2024-06,166980,0.14328349081514832,128797,0.13735342388079247,0.14346134520623752
provisional_without_uncertainty_prediction,2024-07,124316,0.1435929251706859,97658,0.13783218578672243,0.14459813674808647
provisional_without_uncertainty_prediction,2024-08,204608,0.14387336504392353,165841,0.13764625744055828,0.14595087092256542
provisional_without_uncertainty_prediction,2024-09,170646,0.143219547654173,137992,0.1370992361603691,0.14490793270601346
provisional_without_uncertainty_prediction,2024-10,127181,0.1445902201489945,103637,0.1387806936251542,0.14513949766479062
provisional_without_uncertainty_prediction,2024-11,150324,0.14386327606061697,122605,0.1384259713578841,0.14348358933736863
provisional_without_uncertainty_prediction,2024-12,178838,0.14670619563818493,146431,0.14129825433775103,0.14670192491710318
provisional_without_uncertainty_prediction,2025-01,164555,0.14799858848904124,132507,0.1431440104876725,0.1500422774990157
provisional_without_uncertainty_prediction,2025-02,201036,0.14792536005032755,158773,0.14202121316961244,0.14842691902018532
provisional_without_uncertainty_prediction,2025-03,168718,0.14647471509846005,137738,0.14122071367689745,0.14668756884309575
provisional_without_uncertainty_prediction,2025-04,174938,0.146493203892948,144880,0.14121368072770835,0.14755620165780653
provisional_without_uncertainty_prediction,2025-05,198582,0.14434761114650058,161724,0.13818152649144125,0.14424900164020438
provisional_without_uncertainty_prediction,2025-06,178781,0.14519506489192247,138929,0.1390053259563636,0.14518967706496425
provisional_without_uncertainty_prediction,2025-07,163965,0.1446018619091512,131684,0.13841882741653563,0.14404662662381607
provisional_without_uncertainty_prediction,2025-08,206483,0.14519419028735336,169796,0.1389832272378192,0.14615148256468435
provisional_without_uncertainty_prediction,2025-09,198411,0.1446232855315988,162815,0.13861383093432852,0.1456144322313506
provisional_without_uncertainty_prediction,2025-10,147779,0.1431720346355237,123999,0.1370689179032607,0.14357558504245022
provisional_without_uncertainty_prediction,2025-11,165904,0.14375495886546247,137859,0.1377717150426014,0.14412473099827613
provisional_without_uncertainty_prediction,2025-12,192614,0.1453176566933979,161785,0.14005123646192363,0.14623287424657014
provisional_without_event_normalization,2008-04,180982,0.17640756834318844,144265,0.1723835363777929,0.13764081149142152
provisional_without_event_normalization,2008-05,0,,0,,
provisional_without_event_normalization,2008-06,0,,0,,
provisional_without_event_normalization,2008-07,236675,0.1640667767820116,187852,0.15890114659160737,0.13679543234739883
provisional_without_event_normalization,2008-08,0,,0,,
provisional_without_event_normalization,2008-09,0,,0,,
provisional_without_event_normalization,2008-10,243167,0.15891409641498072,187997,0.1519542366344339,0.13360164260122337
provisional_without_event_normalization,2008-11,0,,0,,
provisional_without_event_normalization,2008-12,0,,0,,
provisional_without_event_normalization,2009-01,167185,0.15616834130240403,129736,0.14924394720507297,0.13549237721585075
provisional_without_event_normalization,2009-02,0,,0,,
provisional_without_event_normalization,2009-03,0,,0,,
provisional_without_event_normalization,2009-04,185579,0.15345329123124157,144117,0.14686837936641867,0.1362235904853938
provisional_without_event_normalization,2009-05,0,,0,,
provisional_without_event_normalization,2009-06,0,,0,,
provisional_without_event_normalization,2009-07,276319,0.1523099984841857,213427,0.14599260463395647,0.13672714563217941
provisional_without_event_normalization,2009-08,0,,0,,
provisional_without_event_normalization,2009-09,203525,0.1491892890938271,156525,0.14274633877702225,0.1358919539142354
provisional_without_event_normalization,2009-10,0,,0,,
provisional_without_event_normalization,2009-11,124272,0.14419231726391,97975,0.13922878215068055,0.1332768421482737
provisional_without_event_normalization,2009-12,0,,0,,
provisional_without_event_normalization,2010-01,129027,0.15107547845472158,98157,0.14483901508665661,0.13953411914446878
provisional_without_event_normalization,2010-02,0,,0,,
provisional_without_event_normalization,2010-03,120543,0.14852154728608896,93770,0.14287393092253042,0.13844180215781
provisional_without_event_normalization,2010-04,0,,0,,
provisional_without_event_normalization,2010-05,199670,0.1490825961232258,158485,0.1442271282204195,0.13968666619760683
provisional_without_event_normalization,2010-06,0,,0,,
provisional_without_event_normalization,2010-07,159042,0.1483887781800073,124520,0.14268291805867944,0.1392908571539941
provisional_without_event_normalization,2010-08,0,,0,,
provisional_without_event_normalization,2010-09,195050,0.14629300768182477,147890,0.13839357867985747,0.13571324516676864
provisional_without_event_normalization,2010-10,0,,0,,
provisional_without_event_normalization,2010-11,140448,0.14389113614077848,109782,0.13728676636109055,0.1347141978585435
provisional_without_event_normalization,2010-12,0,,0,,
provisional_without_event_normalization,2011-01,145193,0.14895640747296887,109700,0.14155675791178074,0.13972153095692524
provisional_without_event_normalization,2011-02,0,,0,,
provisional_without_event_normalization,2011-03,132088,0.1475718494183059,99511,0.14024112314541567,0.13901446406464418
provisional_without_event_normalization,2011-04,0,,0,,
provisional_without_event_normalization,2011-05,223039,0.14869957653450855,178791,0.14398164808390232,0.14128042527243903
provisional_without_event_normalization,2011-06,0,,0,,
provisional_without_event_normalization,2011-07,176771,0.147142454345346,132854,0.14040739491320578,0.13871616654654184
provisional_without_event_normalization,2011-08,0,,0,,
provisional_without_event_normalization,2011-09,224484,0.14388045673912428,172951,0.13634286796820216,0.1363402433763059
provisional_without_event_normalization,2011-10,0,,0,,
provisional_without_event_normalization,2011-11,161794,0.1460174417591976,123278,0.13795113997652408,0.13767324972062722
provisional_without_event_normalization,2011-12,0,,0,,
provisional_without_event_normalization,2012-01,164518,0.14967359329548086,122749,0.14217345360381203,0.14188899280634668
provisional_without_event_normalization,2012-02,0,,0,,
provisional_without_event_normalization,2012-03,140138,0.14561291832138118,105841,0.1383136783777607,0.13903934561748874
provisional_without_event_normalization,2012-04,0,,0,,
provisional_without_event_normalization,2012-05,259245,0.14826925129836727,200618,0.14178245492915095,0.14118119535100415
provisional_without_event_normalization,2012-06,0,,0,,
provisional_without_event_normalization,2012-07,196973,0.14552293956333984,150058,0.13910965490438396,0.1391799920494064
provisional_without_event_normalization,2012-08,102757,0.14389977059505626,80200,0.1369072184522936,0.13820478774648162
provisional_without_event_normalization,2012-09,130159,0.1437467501224056,102300,0.1378599818715402,0.13901320342270362
provisional_without_event_normalization,2012-10,77341,0.1418812868806218,61915,0.1365372845043628,0.13801826261835118
provisional_without_event_normalization,2012-11,77002,0.14437291807031347,59606,0.13758123872728076,0.1349325056168898
provisional_without_event_normalization,2012-12,86451,0.14586407641698088,65482,0.13922821616796066,0.1397145225049369
provisional_without_event_normalization,2013-01,80760,0.14762736465655385,63960,0.14159683150840013,0.14187160749925978
provisional_without_event_normalization,2013-02,93367,0.14699575216757996,71354,0.13997828913275723,0.14106790244226441
provisional_without_event_normalization,2013-03,79090,0.1522114420820641,57496,0.1446237997351372,0.14463920306920244
provisional_without_event_normalization,2013-04,114967,0.14933505618200094,88831,0.1432571703774643,0.14274204141553173
provisional_without_event_normalization,2013-05,142160,0.1478406313165043,111877,0.14296856866847063,0.14275613557467082
provisional_without_event_normalization,2013-06,135294,0.14649412136866885,103699,0.14034163616138498,0.14104759241351278
provisional_without_event_normalization,2013-07,81625,0.1434648798559176,62282,0.13785164961041746,0.13854468283755306
provisional_without_event_normalization,2013-08,122736,0.14415963300337448,95291,0.13805885447172694,0.13992060789383104
provisional_without_event_normalization,2013-09,115276,0.1401427998147066,92932,0.13617817234176946,0.13816549139479253
provisional_without_event_normalization,2013-10,97687,0.14253470053092127,75665,0.13625500429993573,0.13937549825209636
provisional_without_event_normalization,2013-11,95769,0.14569098174203435,73887,0.13916306718106264,0.1394298478564762
provisional_without_event_normalization,2013-12,84857,0.14434563155771546,65445,0.1377169354984889,0.13880307904996353
provisional_without_event_normalization,2014-01,106181,0.14851084925604277,81289,0.14381931249024651,0.1460064473258296
provisional_without_event_normalization,2014-02,108120,0.1469479550203037,79651,0.14016947827127385,0.1430932326926938
provisional_without_event_normalization,2014-03,80830,0.14743024649477282,60179,0.14216736500225377,0.14316917976868246
provisional_without_event_normalization,2014-04,113306,0.14732264387850302,89232,0.14219349266925707,0.1441804468367671
provisional_without_event_normalization,2014-05,162815,0.14605695421802292,126191,0.14173211067413896,0.14265614762268508
provisional_without_event_normalization,2014-06,105949,0.14638576542463155,77629,0.1398030064130658,0.1419576478009314
provisional_without_event_normalization,2014-07,104568,0.143877434168038,77884,0.13920251634882397,0.1410323395154555
provisional_without_event_normalization,2014-08,124004,0.14336456776997328,95737,0.1388095225564146,0.14282311855056548
provisional_without_event_normalization,2014-09,122451,0.1410931682957795,95259,0.13679418754392522,0.13991135775109212
provisional_without_event_normalization,2014-10,100479,0.14048121219679677,76267,0.13593323169260474,0.13806934959809425
provisional_without_event_normalization,2014-11,107622,0.14471534603085373,81645,0.1401586768382598,0.14154703103499125
provisional_without_event_normalization,2014-12,94431,0.1466400561111055,70550,0.14103473478693854,0.1413232080433178
provisional_without_event_normalization,2015-01,119188,0.14679107221295884,89310,0.14156380566687438,0.14301551463703546
provisional_without_event_normalization,2015-02,115470,0.14303431187301402,91069,0.1388234639992965,0.1408391753876161
provisional_without_event_normalization,2015-03,98328,0.14626964362332084,74441,0.14077554572363282,0.14294080489593167
provisional_without_event_normalization,2015-04,120313,0.14481728147326425,96431,0.14043124982719746,0.1411449748553981
provisional_without_event_normalization,2015-05,159203,0.14459535220285302,123999,0.13976813759678183,0.1410949021103982
provisional_without_event_normalization,2015-06,133429,0.14415972916164235,100399,0.1385950233629352,0.1410344339458968
provisional_without_event_normalization,2015-07,106171,0.14360388275926705,81232,0.13839268544576203,0.14068374643292697
provisional_without_event_normalization,2015-08,137771,0.14131003183442076,108745,0.1367729027570866,0.14040461511111746
provisional_without_event_normalization,2015-09,154547,0.13995157155331997,125379,0.13544476924238527,0.1390173806964231
provisional_without_event_normalization,2015-10,103432,0.1424388768682817,81712,0.13700060553702556,0.139442672554209
provisional_without_event_normalization,2015-11,118017,0.14193042446090795,93670,0.13682174975728437,0.13782485450295093
provisional_without_event_normalization,2015-12,120452,0.14569470221149383,96094,0.14089163572783564,0.14334223570105317
provisional_without_event_normalization,2016-01,142820,0.1491193267227186,111822,0.14336790909553726,0.14617404210702173
provisional_without_event_normalization,2016-02,131816,0.14429197699629676,103358,0.1389106328743603,0.14149156769821652
provisional_without_event_normalization,2016-03,132128,0.1467379731663331,106823,0.14164972391657288,0.14364726774250317
provisional_without_event_normalization,2016-04,155437,0.14644323898178838,124640,0.14213297030593278,0.14377650175885232
provisional_without_event_normalization,2016-05,137093,0.14533350797888206,111315,0.14080431479618538,0.1428058053019569
provisional_without_event_normalization,2016-06,142698,0.14501011236984993,110644,0.1386315446410701,0.14126813853236594
provisional_without_event_normalization,2016-07,109570,0.14583915838650355,87396,0.14038447932047893,0.14293209434493165
provisional_without_event_normalization,2016-08,156349,0.14320231154584245,125466,0.13777325910676363,0.14106828550107872
provisional_without_event_normalization,2016-09,170541,0.14079829882490152,141565,0.1365244633278603,0.14154906017596586
provisional_without_event_normalization,2016-10,102692,0.14381028749938798,81888,0.13803071681454943,0.14190715383649383
provisional_without_event_normalization,2016-11,130785,0.14351824275583872,106284,0.13792283019659776,0.14085633062498779
provisional_without_event_normalization,2016-12,141489,0.14539727758580476,116345,0.14147033243002688,0.1436400786611406
provisional_without_event_normalization,2017-01,155897,0.14903830503197082,123531,0.14333410750081657,0.14670666475019908
provisional_without_event_normalization,2017-02,150759,0.1437096863800918,121558,0.13867356792721594,0.14262319169159204
provisional_without_event_normalization,2017-03,117131,0.14763613145814278,96153,0.14227952709239122,0.1454640615563146
provisional_without_event_normalization,2017-04,148123,0.1490718476977113,121788,0.144697048699496,0.14660659289062322
provisional_without_event_normalization,2017-05,168769,0.1439184141429873,138400,0.1387193436810807,0.1414714100110548
provisional_without_event_normalization,2017-06,143535,0.14371850415698395,115773,0.13950502537940176,0.14381991804577768
provisional_without_event_normalization,2017-07,130033,0.1443864131554065,104188,0.139765012532109,0.1447036230325956
provisional_without_event_normalization,2017-08,171045,0.1430445014794642,139774,0.13803075053743724,0.14385007764281413
provisional_without_event_normalization,2017-09,166013,0.13963954203490891,138049,0.13554147543382455,0.14127705307757643
provisional_without_event_normalization,2017-10,114268,0.142381593376213,93445,0.13738580968056796,0.1430673773604005
provisional_without_event_normalization,2017-11,124767,0.14049108509043412,101873,0.13613372314752095,0.1397531099635756
provisional_without_event_normalization,2017-12,152995,0.1463726760206344,126971,0.14236668789001256,0.14593946554204865
provisional_without_event_normalization,2018-01,158039,0.14757684663451945,128128,0.14341625159299146,0.14795017354637724
provisional_without_event_normalization,2018-02,159448,0.14389433413829592,130833,0.1403061137360849,0.14516506605768278
provisional_without_event_normalization,2018-03,140200,0.14499348510464,113958,0.1395707109224973,0.1438710706118439
provisional_without_event_normalization,2018-04,136794,0.1464749486494653,114566,0.142840010163901,0.14638299361794493
provisional_without_event_normalization,2018-05,175647,0.14501937612507704,142890,0.14027339371158146,0.14478892880618174
provisional_without_event_normalization,2018-06,155857,0.14316325498534838,124913,0.13888280969790628,0.14461917809477368
provisional_without_event_normalization,2018-07,127445,0.14673616973909182,101253,0.14282273213465457,0.14776779749934635
provisional_without_event_normalization,2018-08,183183,0.14210872597135216,151293,0.1376448479664615,0.14505380291679337
provisional_without_event_normalization,2018-09,163513,0.14082825524561368,134001,0.13654103579799215,0.1438768147320056
provisional_without_event_normalization,2018-10,99339,0.14229701822354796,81172,0.1378953406359612,0.14439505080350473
provisional_without_event_normalization,2018-11,132573,0.1416527103260455,110473,0.13836474550557115,0.1435403399992663
provisional_without_event_normalization,2018-12,160329,0.14663795351170453,132013,0.14265372202659507,0.1486459346962695
provisional_without_event_normalization,2019-01,151587,0.1457942633518715,123867,0.14215846425972956,0.14846589402257646
provisional_without_event_normalization,2019-02,166560,0.14376126031621486,136179,0.13995759717610967,0.14674861876527814
provisional_without_event_normalization,2019-03,123549,0.14323092810221977,102775,0.13944926903847432,0.1457772082195778
provisional_without_event_normalization,2019-04,147548,0.14614854685778977,122103,0.1422160878398919,0.14767940148047384
provisional_without_event_normalization,2019-05,203830,0.14310085655292656,167801,0.1391718916439245,0.14549958711491992
provisional_without_event_normalization,2019-06,131996,0.1456164594713522,105832,0.14165238074342917,0.1477431887930657
provisional_without_event_normalization,2019-07,150657,0.14466968254693677,122965,0.14085262681096095,0.14871307352825164
provisional_without_event_normalization,2019-08,184892,0.1413552186352947,153532,0.13773336076588855,0.1466920341447409
provisional_without_event_normalization,2019-09,174646,0.14149402648493054,145075,0.13838978983596867,0.14783924411519628
provisional_without_event_normalization,2019-10,105337,0.14252970247330712,86984,0.13932394088534533,0.1487107912354122
provisional_without_event_normalization,2019-11,136652,0.14343289890819183,112749,0.13984513097242748,0.14706445098924276
provisional_without_event_normalization,2019-12,163304,0.1451157387973772,135706,0.14180888018589188,0.1477000164205632
provisional_without_event_normalization,2020-01,154730,0.14562219645087593,127518,0.1426130106642004,0.15014015496170627
provisional_without_event_normalization,2020-02,166424,0.1430686405390437,138404,0.14031689769407116,0.14813930255937824
provisional_without_event_normalization,2020-03,134659,0.14578023132333953,113746,0.14205052540291277,0.14837624462817883
provisional_without_event_normalization,2020-04,98206,0.14548832678887488,84539,0.14298382860614225,0.14827489869085791
provisional_without_event_normalization,2020-05,6318,0.15470026932507905,5203,0.1503361848250613,0.1550410720513652
provisional_without_event_normalization,2020-06,1983,0.1454834220619178,1604,0.1451817889654497,0.14456280345942843
provisional_without_event_normalization,2020-07,10453,0.13237179889439057,9776,0.13170388543027126,0.1370723543159292
provisional_without_event_normalization,2020-08,17416,0.13586386395536773,14879,0.13289802803385073,0.14461018568376216
provisional_without_event_normalization,2020-09,35859,0.14118227940753567,31616,0.1391282768037984,0.14855440760545635
provisional_without_event_normalization,2020-10,35958,0.14009661571503707,31602,0.1371735147886647,0.14576140867445989
provisional_without_event_normalization,2020-11,38815,0.13943902827025292,34066,0.13743769198656947,0.14359375483932493
provisional_without_event_normalization,2020-12,20568,0.14585412481564894,16928,0.14253699072794862,0.151251817381171
provisional_without_event_normalization,2021-01,24591,0.1480386979217053,20345,0.1457862309571098,0.15407100493093484
provisional_without_event_normalization,2021-02,19935,0.14918337577984916,15945,0.14360545153355814,0.1548057050279339
provisional_without_event_normalization,2021-03,14473,0.1467469397219551,11227,0.14335230911404684,0.15813373659938568
provisional_without_event_normalization,2021-04,31608,0.1466523097280763,25655,0.14271238061761995,0.15485994249315774
provisional_without_event_normalization,2021-05,42571,0.1497152346926623,32833,0.14420726843643444,0.1572828194095197
provisional_without_event_normalization,2021-06,32623,0.14763334383416318,26524,0.14339083574901854,0.15361593144860108
provisional_without_event_normalization,2021-07,67486,0.14840586565705946,52070,0.1438776939459123,0.15534107897680646
provisional_without_event_normalization,2021-08,85151,0.14313675439316798,70202,0.13843132094781846,0.15329495645721306
provisional_without_event_normalization,2021-09,107478,0.14475057899674934,87526,0.1399814096466713,0.15486003762158035
provisional_without_event_normalization,2021-10,72035,0.14316690523998704,58242,0.13727853568788922,0.14973921777886925
provisional_without_event_normalization,2021-11,88431,0.14315298258350634,73424,0.13783437310815372,0.1484686863486792
provisional_without_event_normalization,2021-12,120499,0.1486011537465347,95357,0.1435317384808735,0.1564535839666976
provisional_without_event_normalization,2022-01,106332,0.1511835215973425,81324,0.14626678948001257,0.1594703565523222
provisional_without_event_normalization,2022-02,84471,0.14659798818322395,66176,0.1408732486550998,0.15475191427107401
provisional_without_event_normalization,2022-03,79374,0.14513776466416803,64167,0.13965916613954796,0.15226536773714602
provisional_without_event_normalization,2022-04,129046,0.14570741065342302,103775,0.14096412167129144,0.15363782815108565
provisional_without_event_normalization,2022-05,151542,0.14714512024607185,120708,0.14147855307755675,0.15458422070004835
provisional_without_event_normalization,2022-06,121892,0.1443289834789068,96978,0.13964755949316182,0.1538702364839426
provisional_without_event_normalization,2022-07,123467,0.14541129619772858,97255,0.1401255302466908,0.15439572665176224
provisional_without_event_normalization,2022-08,147775,0.14460226415849095,118956,0.13933618675640852,0.1566583743112495
provisional_without_event_normalization,2022-09,166586,0.14230298130921767,135348,0.1379625301861421,0.15403433891707607
provisional_without_event_normalization,2022-10,112576,0.14559301176977307,91113,0.14051629805903343,0.15612180778860027
provisional_without_event_normalization,2022-11,121255,0.1437395561002265,95722,0.13808567755874013,0.15054956403779413
provisional_without_event_normalization,2022-12,155614,0.14616959006542765,125814,0.14147025483393305,0.1552064950378177
provisional_without_event_normalization,2023-01,117006,0.14744741121308508,93656,0.14278256598592076,0.1555209729020314
provisional_without_event_normalization,2023-02,158635,0.14522801087104925,125878,0.14035691803321004,0.1541977404775415
provisional_without_event_normalization,2023-03,148995,0.14717630380601898,118611,0.14201802627964433,0.15346944489148756
provisional_without_event_normalization,2023-04,134395,0.14600825417322266,109286,0.14160350120129447,0.15364614231316087
provisional_without_event_normalization,2023-05,161031,0.14296854412132498,125552,0.13811673881102945,0.15124570422864655
provisional_without_event_normalization,2023-06,154070,0.1438074954060197,120933,0.13997640009012838,0.15205762795967753
provisional_without_event_normalization,2023-07,134541,0.144546141341773,104978,0.13967372541054027,0.15421571596188255
provisional_without_event_normalization,2023-08,174520,0.14473694404056017,140987,0.14017671661365566,0.15663805054240293
provisional_without_event_normalization,2023-09,181717,0.14310113147240555,144747,0.13810794748382937,0.15312476630520452
provisional_without_event_normalization,2023-10,109233,0.14225993959356534,89765,0.13790954164188682,0.15245830891061207
provisional_without_event_normalization,2023-11,155183,0.14185292953652917,123446,0.13650819520175614,0.14857358303711993
provisional_without_event_normalization,2023-12,157723,0.14598322163835709,129553,0.14168621092860478,0.15461103282679903
provisional_without_event_normalization,2024-01,136753,0.146738192948042,107620,0.14136286933838682,0.15515565682445132
provisional_without_event_normalization,2024-02,188591,0.14598917528821695,148100,0.14132926307156243,0.15458904603311982
provisional_without_event_normalization,2024-03,158871,0.1473580466075555,125251,0.14204875687466875,0.1536947440799163
provisional_without_event_normalization,2024-04,153312,0.14715178296338283,126462,0.14222438239467436,0.14904309409256347
provisional_without_event_normalization,2024-05,184379,0.1435104961322843,148516,0.13852017341935424,0.1440756316314139
provisional_without_event_normalization,2024-06,166980,0.142359305406188,128797,0.13676912894957066,0.14346134520623752
provisional_without_event_normalization,2024-07,124316,0.14224993250285042,97658,0.13711656300680036,0.14459813674808647
provisional_without_event_normalization,2024-08,204608,0.14224233073589465,165841,0.13689603311756035,0.14595087092256542
provisional_without_event_normalization,2024-09,170646,0.1416820944210372,137992,0.13646961944235209,0.14490793270601346
provisional_without_event_normalization,2024-10,127181,0.14300514838271927,103637,0.13783421519172603,0.14513949766479062
provisional_without_event_normalization,2024-11,150324,0.14260205858667327,122605,0.13761106535258175,0.14348358933736863
provisional_without_event_normalization,2024-12,178838,0.14526603853285075,146431,0.14044567181136405,0.14670192491710318
provisional_without_event_normalization,2025-01,164555,0.14665024934651444,132507,0.1424556693401533,0.1500422774990157
provisional_without_event_normalization,2025-02,201036,0.14645160885622036,158773,0.1412773246526049,0.14842691902018532
provisional_without_event_normalization,2025-03,168718,0.1452076260417186,137738,0.14051413283559128,0.14668756884309575
provisional_without_event_normalization,2025-04,174938,0.14541350440548778,144880,0.14071344262759006,0.14755620165780653
provisional_without_event_normalization,2025-05,198582,0.14304660568943312,161724,0.13763304695418072,0.14424900164020438
provisional_without_event_normalization,2025-06,178781,0.14357552899410045,138929,0.13818294595494995,0.14518967706496425
provisional_without_event_normalization,2025-07,163965,0.14276850277227393,131684,0.13744207688107177,0.14404662662381607
provisional_without_event_normalization,2025-08,206483,0.14361191009580018,169796,0.13839515814726483,0.14615148256468435
provisional_without_event_normalization,2025-09,198411,0.1428912479365423,162815,0.13796035971540102,0.1456144322313506
provisional_without_event_normalization,2025-10,147779,0.14180392148332954,123999,0.13657399115126237,0.14357558504245022
provisional_without_event_normalization,2025-11,165904,0.14232986345535473,137859,0.13720560274842888,0.14412473099827613
provisional_without_event_normalization,2025-12,192614,0.14384064272770467,161785,0.1394480956732492,0.14623287424657014
provisional_without_tail_scale,2008-04,180982,0.17606550088346012,144265,0.17200255440048792,0.13764081149142152
provisional_without_tail_scale,2008-05,0,,0,,
provisional_without_tail_scale,2008-06,0,,0,,
provisional_without_tail_scale,2008-07,236675,0.16365102845176713,187852,0.15844909930942042,0.13679543234739883
provisional_without_tail_scale,2008-08,0,,0,,
provisional_without_tail_scale,2008-09,0,,0,,
provisional_without_tail_scale,2008-10,243167,0.15919125199784098,187997,0.15240942444805888,0.13360164260122337
provisional_without_tail_scale,2008-11,0,,0,,
provisional_without_tail_scale,2008-12,0,,0,,
provisional_without_tail_scale,2009-01,167185,0.1565077934890618,129736,0.14967655396023014,0.13549237721585075
provisional_without_tail_scale,2009-02,0,,0,,
provisional_without_tail_scale,2009-03,0,,0,,
provisional_without_tail_scale,2009-04,185579,0.15390781049927524,144117,0.1473721316101709,0.1362235904853938
provisional_without_tail_scale,2009-05,0,,0,,
provisional_without_tail_scale,2009-06,0,,0,,
provisional_without_tail_scale,2009-07,276319,0.152220785339951,213427,0.14588538324280947,0.13672714563217941
provisional_without_tail_scale,2009-08,0,,0,,
provisional_without_tail_scale,2009-09,203525,0.14971423962369695,156525,0.14334370419123765,0.1358919539142354
provisional_without_tail_scale,2009-10,0,,0,,
provisional_without_tail_scale,2009-11,124272,0.14477888729692867,97975,0.1397865012308905,0.1332768421482737
provisional_without_tail_scale,2009-12,0,,0,,
provisional_without_tail_scale,2010-01,129027,0.1515704799369518,98157,0.14535318076713094,0.13953411914446878
provisional_without_tail_scale,2010-02,0,,0,,
provisional_without_tail_scale,2010-03,120543,0.14915124038200314,93770,0.14352785783616373,0.13844180215781
provisional_without_tail_scale,2010-04,0,,0,,
provisional_without_tail_scale,2010-05,199670,0.14908910925429644,158485,0.14420702109814454,0.13968666619760683
provisional_without_tail_scale,2010-06,0,,0,,
provisional_without_tail_scale,2010-07,159042,0.1488125327245472,124520,0.14315606108877127,0.1392908571539941
provisional_without_tail_scale,2010-08,0,,0,,
provisional_without_tail_scale,2010-09,195050,0.14696272340698024,147890,0.13904497008458533,0.13571324516676864
provisional_without_tail_scale,2010-10,0,,0,,
provisional_without_tail_scale,2010-11,140448,0.1445874100695897,109782,0.13799411682646381,0.1347141978585435
provisional_without_tail_scale,2010-12,0,,0,,
provisional_without_tail_scale,2011-01,145193,0.14954421460540276,109700,0.1421568240674744,0.13972153095692524
provisional_without_tail_scale,2011-02,0,,0,,
provisional_without_tail_scale,2011-03,132088,0.14846949623312966,99511,0.14113876859026833,0.13901446406464418
provisional_without_tail_scale,2011-04,0,,0,,
provisional_without_tail_scale,2011-05,223039,0.14873363516878496,178791,0.1439917083076018,0.14128042527243903
provisional_without_tail_scale,2011-06,0,,0,,
provisional_without_tail_scale,2011-07,176771,0.14750873299335795,132854,0.14071076829466905,0.13871616654654184
provisional_without_tail_scale,2011-08,0,,0,,
provisional_without_tail_scale,2011-09,224484,0.14450758929314886,172951,0.13699699922817674,0.1363402433763059
provisional_without_tail_scale,2011-10,0,,0,,
provisional_without_tail_scale,2011-11,161794,0.14670427074078135,123278,0.13867586911874938,0.13767324972062722
provisional_without_tail_scale,2011-12,0,,0,,
provisional_without_tail_scale,2012-01,164518,0.15014601920402318,122749,0.14277285980600093,0.14188899280634668
provisional_without_tail_scale,2012-02,0,,0,,
provisional_without_tail_scale,2012-03,140138,0.14647439836558443,105841,0.13923328305415805,0.13903934561748874
provisional_without_tail_scale,2012-04,0,,0,,
provisional_without_tail_scale,2012-05,259245,0.1483294987519707,200618,0.1419537245519622,0.14118119535100415
provisional_without_tail_scale,2012-06,0,,0,,
provisional_without_tail_scale,2012-07,196973,0.14567093681736074,150058,0.1392319027755277,0.1391799920494064
provisional_without_tail_scale,2012-08,102757,0.14444526289762638,80200,0.1375254031093408,0.13820478774648162
provisional_without_tail_scale,2012-09,130159,0.14447749506118623,102300,0.1386378973086498,0.13901320342270362
provisional_without_tail_scale,2012-10,77341,0.1425091908494888,61915,0.13715939396903915,0.13801826261835118
provisional_without_tail_scale,2012-11,77002,0.14525017774119472,59606,0.13842040150671794,0.1349325056168898
provisional_without_tail_scale,2012-12,86451,0.14657932463422982,65482,0.1400401221900134,0.1397145225049369
provisional_without_tail_scale,2013-01,80760,0.14816396961388303,63960,0.1423041937979271,0.14187160749925978
provisional_without_tail_scale,2013-02,93367,0.14755357722213885,71354,0.14064222046575212,0.14106790244226441
provisional_without_tail_scale,2013-03,79090,0.15257545275737047,57496,0.14545537893501043,0.14463920306920244
provisional_without_tail_scale,2013-04,114967,0.14938989344443568,88831,0.1434797074227946,0.14274204141553173
provisional_without_tail_scale,2013-05,142160,0.14783449736276966,111877,0.14300270252405792,0.14275613557467082
provisional_without_tail_scale,2013-06,135294,0.1468627413423391,103699,0.14080358609959007,0.14104759241351278
provisional_without_tail_scale,2013-07,81625,0.14397982696103603,62282,0.13849666202674443,0.13854468283755306
provisional_without_tail_scale,2013-08,122736,0.1446642892717945,95291,0.13874199742208862,0.13992060789383104
provisional_without_tail_scale,2013-09,115276,0.14118115205250475,92932,0.13722312821471458,0.13816549139479253
provisional_without_tail_scale,2013-10,97687,0.14301224027275183,75665,0.13702098407370938,0.13937549825209636
provisional_without_tail_scale,2013-11,95769,0.14637088326887412,73887,0.14001449177432046,0.1394298478564762
provisional_without_tail_scale,2013-12,84857,0.14494142542128996,65445,0.13843803815899614,0.13880307904996353
provisional_without_tail_scale,2014-01,106181,0.14909628375730238,81289,0.14453083072668896,0.1460064473258296
provisional_without_tail_scale,2014-02,108120,0.14744372831669875,79651,0.14099923141795445,0.1430932326926938
provisional_without_tail_scale,2014-03,80830,0.14785855808181544,60179,0.1429181054065048,0.14316917976868246
provisional_without_tail_scale,2014-04,113306,0.14742104590460936,89232,0.14270360454012632,0.1441804468367671
provisional_without_tail_scale,2014-05,162815,0.1462542254979288,126191,0.14209771222848586,0.14265614762268508
provisional_without_tail_scale,2014-06,105949,0.1465050032459306,77629,0.14050591706214957,0.1419576478009314
provisional_without_tail_scale,2014-07,104568,0.14436970694314782,77884,0.14011759941842905,0.1410323395154555
provisional_without_tail_scale,2014-08,124004,0.14350672265242656,95737,0.1394171193185549,0.14282311855056548
provisional_without_tail_scale,2014-09,122451,0.14153678417303275,95259,0.13764950262343173,0.13991135775109212
provisional_without_tail_scale,2014-10,100479,0.14081397586710798,76267,0.13676301729058593,0.13806934959809425
provisional_without_tail_scale,2014-11,107622,0.14510945710372958,81645,0.1410009296977631,0.14154703103499125
provisional_without_tail_scale,2014-12,94431,0.14694555079886643,70550,0.14178641974507605,0.1413232080433178
provisional_without_tail_scale,2015-01,119188,0.14677831348444176,89310,0.14220103700763628,0.14301551463703546
provisional_without_tail_scale,2015-02,115470,0.1430663523279742,91069,0.13950539296934034,0.1408391753876161
provisional_without_tail_scale,2015-03,98328,0.14598991682289586,74441,0.14137235006323814,0.14294080489593167
provisional_without_tail_scale,2015-04,120313,0.14468455638830321,96431,0.14074680166224648,0.1411449748553981
provisional_without_tail_scale,2015-05,159203,0.14424742276176228,123999,0.14004451065024387,0.1410949021103982
provisional_without_tail_scale,2015-06,133429,0.14388541341195152,100399,0.13913819708046402,0.1410344339458968
provisional_without_tail_scale,2015-07,106171,0.14326769733917313,81232,0.13881554322690098,0.14068374643292697
provisional_without_tail_scale,2015-08,137771,0.14087742496964295,108745,0.13710687708364888,0.14040461511111746
provisional_without_tail_scale,2015-09,154547,0.1397872147726132,125379,0.13581233451313363,0.1390173806964231
provisional_without_tail_scale,2015-10,103432,0.14240146543121812,81712,0.13764602548850596,0.139442672554209
provisional_without_tail_scale,2015-11,118017,0.14154430544075042,93670,0.1371168451533538,0.13782485450295093
provisional_without_tail_scale,2015-12,120452,0.1452265946548117,96094,0.14103472825210073,0.14334223570105317
provisional_without_tail_scale,2016-01,142820,0.14850791760154908,111822,0.14342449072375785,0.14617404210702173
provisional_without_tail_scale,2016-02,131816,0.14401092286392755,103358,0.13927383427319917,0.14149156769821652
provisional_without_tail_scale,2016-03,132128,0.1463539576935813,106823,0.14186992207847499,0.14364726774250317
provisional_without_tail_scale,2016-04,155437,0.14589855125752765,124640,0.142241382691228,0.14377650175885232
provisional_without_tail_scale,2016-05,137093,0.14478857764368666,111315,0.14095383311123452,0.1428058053019569
provisional_without_tail_scale,2016-06,142698,0.14438198427060428,110644,0.1388534880750872,0.14126813853236594
provisional_without_tail_scale,2016-07,109570,0.1451470596801859,87396,0.14051345613958596,0.14293209434493165
provisional_without_tail_scale,2016-08,156349,0.14261607871706466,125466,0.13793236141820459,0.14106828550107872
provisional_without_tail_scale,2016-09,170541,0.1403783136128237,141565,0.1366926117731737,0.14154906017596586
provisional_without_tail_scale,2016-10,102692,0.1431604231617149,81888,0.1381142075801176,0.14190715383649383
provisional_without_tail_scale,2016-11,130785,0.14294255495587616,106284,0.13800818685835609,0.14085633062498779
provisional_without_tail_scale,2016-12,141489,0.14491673709139027,116345,0.14158101534479695,0.1436400786611406
provisional_without_tail_scale,2017-01,155897,0.14836589275104675,123531,0.14335942900805507,0.14670666475019908
provisional_without_tail_scale,2017-02,150759,0.14312734286153775,121558,0.13867549702270665,0.14262319169159204
provisional_without_tail_scale,2017-03,117131,0.14710489234797453,96153,0.1423379041921609,0.1454640615563146
provisional_without_tail_scale,2017-04,148123,0.1484415361503425,121788,0.14460478688161135,0.14660659289062322
provisional_without_tail_scale,2017-05,168769,0.14320776708891914,138400,0.13865661592564651,0.1414714100110548
provisional_without_tail_scale,2017-06,143535,0.1429935771144278,115773,0.13930037220036925,0.14381991804577768
provisional_without_tail_scale,2017-07,130033,0.14357929738418793,104188,0.13961607717221003,0.1447036230325956
provisional_without_tail_scale,2017-08,171045,0.14225892898601045,139774,0.13790754748445563,0.14385007764281413
provisional_without_tail_scale,2017-09,166013,0.13921220835599868,138049,0.13562895582741552,0.14127705307757643
provisional_without_tail_scale,2017-10,114268,0.14165890525489372,93445,0.13720097633365022,0.1430673773604005
provisional_without_tail_scale,2017-11,124767,0.14007811495179098,101873,0.1360599438898395,0.1397531099635756
provisional_without_tail_scale,2017-12,152995,0.14565833805290287,126971,0.1421061711565456,0.14593946554204865
provisional_without_tail_scale,2018-01,158039,0.14692428558046225,128128,0.14323268892404692,0.14795017354637724
provisional_without_tail_scale,2018-02,159448,0.14325094746890282,130833,0.14010705469775162,0.14516506605768278
provisional_without_tail_scale,2018-03,140200,0.1443262632470678,113958,0.13948904318931235,0.1438710706118439
provisional_without_tail_scale,2018-04,136794,0.14588157355737122,114566,0.1426396755896952,0.14638299361794493
provisional_without_tail_scale,2018-05,175647,0.14428025048289814,142890,0.1400765156139993,0.14478892880618174
provisional_without_tail_scale,2018-06,155857,0.14242378814939466,124913,0.13864751774592476,0.14461917809477368
provisional_without_tail_scale,2018-07,127445,0.145856891003836,101253,0.14243026364847775,0.14776779749934635
provisional_without_tail_scale,2018-08,183183,0.14145454971258148,151293,0.13757106947576514,0.14505380291679337
provisional_without_tail_scale,2018-09,163513,0.1402072534816859,134001,0.13639021715454733,0.1438768147320056
provisional_without_tail_scale,2018-10,99339,0.14165141430253086,81172,0.13772552716767847,0.14439505080350473
provisional_without_tail_scale,2018-11,132573,0.14103605873809708,110473,0.13804012407598445,0.1435403399992663
provisional_without_tail_scale,2018-12,160329,0.14603240083938518,132013,0.1424492519877909,0.1486459346962695
provisional_without_tail_scale,2019-01,151587,0.14528619500243242,123867,0.14199674548588712,0.14846589402257646
provisional_without_tail_scale,2019-02,166560,0.14321642898459871,136179,0.13975179430353363,0.14674861876527814
provisional_without_tail_scale,2019-03,123549,0.14282501918397167,102775,0.1393540051429503,0.1457772082195778
provisional_without_tail_scale,2019-04,147548,0.14542886150897483,122103,0.1419131000023424,0.14767940148047384
provisional_without_tail_scale,2019-05,203830,0.14252109741197708,167801,0.13902134359146406,0.14549958711491992
provisional_without_tail_scale,2019-06,131996,0.1448066708073962,105832,0.14127336994580575,0.1477431887930657
provisional_without_tail_scale,2019-07,150657,0.14399101687056956,122965,0.14058504502747454,0.14871307352825164
provisional_without_tail_scale,2019-08,184892,0.14076989936097375,153532,0.1375235470256175,0.1466920341447409
provisional_without_tail_scale,2019-09,174646,0.1408791842661854,145075,0.1380472704011176,0.14783924411519628
provisional_without_tail_scale,2019-10,105337,0.14190525380348978,86984,0.13891319297477003,0.1487107912354122
provisional_without_tail_scale,2019-11,136652,0.14286329281317808,112749,0.13952876147803797,0.14706445098924276
provisional_without_tail_scale,2019-12,163304,0.14455780184777953,135706,0.1415131892730219,0.1477000164205632
provisional_without_tail_scale,2020-01,154730,0.14511371727453964,127518,0.14236888556725563,0.15014015496170627
provisional_without_tail_scale,2020-02,166424,0.14256985560064103,138404,0.1400420667990598,0.14813930255937824
provisional_without_tail_scale,2020-03,134659,0.14520974989068852,113746,0.14176099281649376,0.14837624462817883
provisional_without_tail_scale,2020-04,98206,0.14495145226177106,84539,0.14270259058076332,0.14827489869085791
provisional_without_tail_scale,2020-05,6318,0.1546483286328958,5203,0.15046249704821787,0.1550410720513652
provisional_without_tail_scale,2020-06,1983,0.145423635018827,1604,0.14525211126870494,0.14456280345942843
provisional_without_tail_scale,2020-07,10453,0.13174630456210587,9776,0.13112649454446712,0.1370723543159292
provisional_without_tail_scale,2020-08,17416,0.1356257027220064,14879,0.13312915650472748,0.14461018568376216
provisional_without_tail_scale,2020-09,35859,0.14052950264387132,31616,0.1388128686744289,0.14855440760545635
provisional_without_tail_scale,2020-10,35958,0.13943803650523567,31602,0.13676246076092155,0.14576140867445989
provisional_without_tail_scale,2020-11,38815,0.13926637008103865,34066,0.13746886410655754,0.14359375483932493
provisional_without_tail_scale,2020-12,20568,0.14531076873305193,16928,0.14233209263336574,0.151251817381171
provisional_without_tail_scale,2021-01,24591,0.14770556099731355,20345,0.145615315118473,0.15407100493093484
provisional_without_tail_scale,2021-02,19935,0.14869457381466641,15945,0.14342906315320972,0.1548057050279339
provisional_without_tail_scale,2021-03,14473,0.1457662828191905,11227,0.1428827135280412,0.15813373659938568
provisional_without_tail_scale,2021-04,31608,0.14608792715424246,25655,0.14247726941564215,0.15485994249315774
provisional_without_tail_scale,2021-05,42571,0.14877049755129368,32833,0.14377894416828185,0.1572828194095197
provisional_without_tail_scale,2021-06,32623,0.14700113213422067,26524,0.14319839383545413,0.15361593144860108
provisional_without_tail_scale,2021-07,67486,0.14751440904353413,52070,0.14340008735729887,0.15534107897680646
provisional_without_tail_scale,2021-08,85151,0.14265522573821177,70202,0.13831917282476763,0.15329495645721306
provisional_without_tail_scale,2021-09,107478,0.1441894206964087,87526,0.13965715623516564,0.15486003762158035
provisional_without_tail_scale,2021-10,72035,0.1426471713110478,58242,0.13707649363659072,0.14973921777886925
provisional_without_tail_scale,2021-11,88431,0.142714693587719,73424,0.13768804707545187,0.1484686863486792
provisional_without_tail_scale,2021-12,120499,0.14805205161336787,95357,0.14333264410665708,0.1564535839666976
provisional_without_tail_scale,2022-01,106332,0.15069606792596438,81324,0.14609136236153816,0.1594703565523222
provisional_without_tail_scale,2022-02,84471,0.14622256603080716,66176,0.1408052802979667,0.15475191427107401
provisional_without_tail_scale,2022-03,79374,0.14500661536750048,64167,0.13978655731815365,0.15226536773714602
provisional_without_tail_scale,2022-04,129046,0.1452934206236948,103775,0.14083006691902353,0.15363782815108565
provisional_without_tail_scale,2022-05,151542,0.14672434001652404,120708,0.14141699257251433,0.15458422070004835
provisional_without_tail_scale,2022-06,121892,0.14387146501978224,96978,0.13950806179761374,0.1538702364839426
provisional_without_tail_scale,2022-07,123467,0.14497306216873201,97255,0.14000145595838512,0.15439572665176224
provisional_without_tail_scale,2022-08,147775,0.144135773916833,118956,0.13917376720153232,0.1566583743112495
provisional_without_tail_scale,2022-09,166586,0.14190000969627362,135348,0.1377159302770352,0.15403433891707607
provisional_without_tail_scale,2022-10,112576,0.14506699839247109,91113,0.14025108359409771,0.15612180778860027
provisional_without_tail_scale,2022-11,121255,0.1433163309076043,95722,0.13797477347479145,0.15054956403779413
provisional_without_tail_scale,2022-12,155614,0.14583696557156545,125814,0.14135283440298194,0.1552064950378177
provisional_without_tail_scale,2023-01,117006,0.146934981332608,93656,0.14250428359921347,0.1555209729020314
provisional_without_tail_scale,2023-02,158635,0.14488014385746473,125878,0.14025449931617498,0.1541977404775415
provisional_without_tail_scale,2023-03,148995,0.14681384326641372,118611,0.14196889637725238,0.15346944489148756
provisional_without_tail_scale,2023-04,134395,0.14563930344261272,109286,0.141498508046975,0.15364614231316087
provisional_without_tail_scale,2023-05,161031,0.14255273202935995,125552,0.13800433811855312,0.15124570422864655
provisional_without_tail_scale,2023-06,154070,0.14341793843251396,120933,0.13983304513507275,0.15205762795967753
provisional_without_tail_scale,2023-07,134541,0.14414075426357859,104978,0.13954685483939533,0.15421571596188255
provisional_without_tail_scale,2023-08,174520,0.1442594834298381,140987,0.13994759525242098,0.15663805054240293
provisional_without_tail_scale,2023-09,181717,0.14260116705530473,144747,0.13783238181323948,0.15312476630520452
provisional_without_tail_scale,2023-10,109233,0.14201039673568638,89765,0.137919063197355,0.15245830891061207
provisional_without_tail_scale,2023-11,155183,0.14148950367418944,123446,0.13637315202876857,0.14857358303711993
provisional_without_tail_scale,2023-12,157723,0.1456198016447618,129553,0.14149010507960272,0.15461103282679903
provisional_without_tail_scale,2024-01,136753,0.1464856182239952,107620,0.1413234375632246,0.15515565682445132
provisional_without_tail_scale,2024-02,188591,0.14558517247027455,148100,0.14115145939457205,0.15458904603311982
provisional_without_tail_scale,2024-03,158871,0.1470165026809894,125251,0.14201900236938414,0.1536947440799163
provisional_without_tail_scale,2024-04,153312,0.14683037952102246,126462,0.14209978120889682,0.14904309409256347
provisional_without_tail_scale,2024-05,184379,0.14299192507660696,148516,0.13825860806514934,0.1440756316314139
provisional_without_tail_scale,2024-06,166980,0.14192303469421721,128797,0.1365785574744096,0.14346134520623752
provisional_without_tail_scale,2024-07,124316,0.14182735931435347,97658,0.13691313201712263,0.14459813674808647
provisional_without_tail_scale,2024-08,204608,0.1416968114769046,165841,0.13653009858723306,0.14595087092256542
provisional_without_tail_scale,2024-09,170646,0.14119101451426158,137992,0.13615574961822424,0.14490793270601346
provisional_without_tail_scale,2024-10,127181,0.14267788490531044,103637,0.13769041240386395,0.14513949766479062
provisional_without_tail_scale,2024-11,150324,0.14216666484137655,122605,0.13734617187523906,0.14348358933736863
provisional_without_tail_scale,2024-12,178838,0.1448679218490454,146431,0.14022658093838106,0.14670192491710318
provisional_without_tail_scale,2025-01,164555,0.1462695403004753,132507,0.14221386095345767,0.1500422774990157
provisional_without_tail_scale,2025-02,201036,0.14597275503959709,158773,0.14102534221495702,0.14842691902018532
provisional_without_tail_scale,2025-03,168718,0.14479359184924998,137738,0.14029672511152785,0.14668756884309575
provisional_without_tail_scale,2025-04,174938,0.145107013492927,144880,0.14057998609561714,0.14755620165780653
provisional_without_tail_scale,2025-05,198582,0.1426740946616833,161724,0.13746186297113408,0.14424900164020438
provisional_without_tail_scale,2025-06,178781,0.14308228652583832,138929,0.13792254231516696,0.14518967706496425
provisional_without_tail_scale,2025-07,163965,0.14246780253841007,131684,0.13731147672092567,0.14404662662381607
provisional_without_tail_scale,2025-08,206483,0.14318444319427293,169796,0.13812857763640207,0.14615148256468435
provisional_without_tail_scale,2025-09,198411,0.14234623464487078,162815,0.13757767346279728,0.1456144322313506
provisional_without_tail_scale,2025-10,147779,0.1414097169187166,123999,0.13633602657792773,0.14357558504245022
provisional_without_tail_scale,2025-11,165904,0.14201405609492332,137859,0.13704800629726907,0.14412473099827613
provisional_without_tail_scale,2025-12,192614,0.14351215789673938,161785,0.13927535068766428,0.14623287424657014
provisional_simplified,2008-04,180982,0.18085077394618332,144265,0.17710640805433442,0.13764081149142152
provisional_simplified,2008-05,0,,0,,
provisional_simplified,2008-06,0,,0,,
provisional_simplified,2008-07,236675,0.16962870866129925,187852,0.16456137147047784,0.13679543234739883
provisional_simplified,2008-08,0,,0,,
provisional_simplified,2008-09,0,,0,,
provisional_simplified,2008-10,243167,0.162618865734409,187997,0.15468038958794683,0.13360164260122337
provisional_simplified,2008-11,0,,0,,
provisional_simplified,2008-12,0,,0,,
provisional_simplified,2009-01,167185,0.16006718955182653,129736,0.15232278086577775,0.13549237721585075
provisional_simplified,2009-02,0,,0,,
provisional_simplified,2009-03,0,,0,,
provisional_simplified,2009-04,185579,0.15665856451270385,144117,0.14944442764351457,0.1362235904853938
provisional_simplified,2009-05,0,,0,,
provisional_simplified,2009-06,0,,0,,
provisional_simplified,2009-07,276319,0.15661038542456449,213427,0.1496731158743539,0.13672714563217941
provisional_simplified,2009-08,0,,0,,
provisional_simplified,2009-09,203525,0.15231547446585414,156525,0.1449004474334895,0.1358919539142354
provisional_simplified,2009-10,0,,0,,
provisional_simplified,2009-11,124272,0.1474536912209144,97975,0.14179530522605466,0.1332768421482737
provisional_simplified,2009-12,0,,0,,
provisional_simplified,2010-01,129027,0.1545661629673514,98157,0.14718491540411546,0.13953411914446878
provisional_simplified,2010-02,0,,0,,
provisional_simplified,2010-03,120543,0.15170379700739064,93770,0.14494348781635152,0.13844180215781
provisional_simplified,2010-04,0,,0,,
provisional_simplified,2010-05,199670,0.1529991960041352,158485,0.1471771340841749,0.13968666619760683
provisional_simplified,2010-06,0,,0,,
provisional_simplified,2010-07,159042,0.15189759061532324,124520,0.14483747308989442,0.1392908571539941
provisional_simplified,2010-08,0,,0,,
provisional_simplified,2010-09,195050,0.14975511114562837,147890,0.14036212372641788,0.13571324516676864
provisional_simplified,2010-10,0,,0,,
provisional_simplified,2010-11,140448,0.1472996544415575,109782,0.13929980460918406,0.1347141978585435
provisional_simplified,2010-12,0,,0,,
provisional_simplified,2011-01,145193,0.15227967809110454,109700,0.14341593540598538,0.13972153095692524
provisional_simplified,2011-02,0,,0,,
provisional_simplified,2011-03,132088,0.15084883229572185,99511,0.1421071591812788,0.13901446406464418
provisional_simplified,2011-04,0,,0,,
provisional_simplified,2011-05,223039,0.15257410521088127,178791,0.14674471725960322,0.14128042527243903
provisional_simplified,2011-06,0,,0,,
provisional_simplified,2011-07,176771,0.15067250441199212,132854,0.14268358994146585,0.13871616654654184
provisional_simplified,2011-08,0,,0,,
provisional_simplified,2011-09,224484,0.14717238252159626,172951,0.13810300965844355,0.1363402433763059
provisional_simplified,2011-10,0,,0,,
provisional_simplified,2011-11,161794,0.14976804609347932,123278,0.14003344840918577,0.13767324972062722
provisional_simplified,2011-12,0,,0,,
provisional_simplified,2012-01,164518,0.15347948385692106,122749,0.14422406335656432,0.14188899280634668
provisional_simplified,2012-02,0,,0,,
provisional_simplified,2012-03,140138,0.14877670797284603,105841,0.14003083473322783,0.13903934561748874
provisional_simplified,2012-04,0,,0,,
provisional_simplified,2012-05,259245,0.1521577319415026,200618,0.14413489807514693,0.14118119535100415
provisional_simplified,2012-06,0,,0,,
provisional_simplified,2012-07,196973,0.14929604592153548,150058,0.1416293595685556,0.1391799920494064
provisional_simplified,2012-08,102757,0.14724540288909244,80200,0.13885078683431376,0.13820478774648162
provisional_simplified,2012-09,130159,0.14670228398694773,102300,0.13943604989556707,0.13901320342270362
provisional_simplified,2012-10,77341,0.14486693972227593,61915,0.13830252824233205,0.13801826261835118
provisional_simplified,2012-11,77002,0.14798883811334473,59606,0.1397953935051055,0.1349325056168898
provisional_simplified,2012-12,86451,0.14919084855157613,65482,0.14097784841520125,0.1397145225049369
provisional_simplified,2013-01,80760,0.15098949149625282,63960,0.1434921284432013,0.14187160749925978
provisional_simplified,2013-02,93367,0.15050932323942334,71354,0.14191901989682348,0.14106790244226441
provisional_simplified,2013-03,79090,0.15609503372650663,57496,0.14640180801734595,0.14463920306920244
provisional_simplified,2013-04,114967,0.15321833953073735,88831,0.14557755661323268,0.14274204141553173
provisional_simplified,2013-05,142160,0.15137432314641974,111877,0.145469524663221,0.14275613557467082
provisional_simplified,2013-06,135294,0.14984973111710737,103699,0.14221971825737362,0.14104759241351278
provisional_simplified,2013-07,81625,0.14689189895325858,62282,0.13977957703586566,0.13854468283755306
provisional_simplified,2013-08,122736,0.14770863643329568,95291,0.13997481140454696,0.13992060789383104
provisional_simplified,2013-09,115276,0.14264935711277554,92932,0.13764180372873636,0.13816549139479253
provisional_simplified,2013-10,97687,0.14600781987811817,75665,0.13813350758170023,0.13937549825209636
provisional_simplified,2013-11,95769,0.149427868543018,73887,0.14125186566641681,0.1394298478564762
provisional_simplified,2013-12,84857,0.14794134666328854,65445,0.13969370390007532,0.13880307904996353
provisional_simplified,2014-01,106181,0.1515889260862673,81289,0.14560407480387663,0.1460064473258296
provisional_simplified,2014-02,108120,0.15037146325457185,79651,0.14195660271666286,0.1430932326926938
provisional_simplified,2014-03,80830,0.15076035987433,60179,0.14399127179774063,0.14316917976868246
provisional_simplified,2014-04,113306,0.15104473488991044,89232,0.14428022124815704,0.1441804468367671
provisional_simplified,2014-05,162815,0.1494519357734174,126191,0.14383115349056685,0.14265614762268508
provisional_simplified,2014-06,105949,0.1504797763831468,77629,0.14168900040847116,0.1419576478009314
provisional_simplified,2014-07,104568,0.14742808522481968,77884,0.14121339388163898,0.1410323395154555
provisional_simplified,2014-08,124004,0.14703904879046767,95737,0.14073561174184956,0.14282311855056548
provisional_simplified,2014-09,122451,0.14420935780579136,95259,0.13837827858403343,0.13991135775109212
provisional_simplified,2014-10,100479,0.1435657614998714,76267,0.13744917078457494,0.13806934959809425
provisional_simplified,2014-11,107622,0.14809718990263254,81645,0.14202118456559906,0.14154703103499125
provisional_simplified,2014-12,94431,0.15035419321747281,70550,0.14290114573066623,0.1413232080433178
provisional_simplified,2015-01,119188,0.15063481115565627,89310,0.1434547410259628,0.14301551463703546
provisional_simplified,2015-02,115470,0.1467840465689809,91069,0.1407096869790073,0.1408391753876161
provisional_simplified,2015-03,98328,0.15045447062054904,74441,0.1426852408914748,0.14294080489593167
provisional_simplified,2015-04,120313,0.14837518011642126,96431,0.14240848537169185,0.1411449748553981
provisional_simplified,2015-05,159203,0.14879542005496232,123999,0.1418874209554925,0.1410949021103982
provisional_simplified,2015-06,133429,0.14851230198660936,100399,0.1406682849261957,0.1410344339458968
provisional_simplified,2015-07,106171,0.14802311391135073,81232,0.14060181302143562,0.14068374643292697
provisional_simplified,2015-08,137771,0.1458150053940606,108745,0.13897269005741392,0.14040461511111746
provisional_simplified,2015-09,154547,0.14377002211614415,125379,0.13749848184234342,0.1390173806964231
provisional_simplified,2015-10,103432,0.1463319901051417,81712,0.13881230163207542,0.139442672554209
provisional_simplified,2015-11,118017,0.14640506668619369,93670,0.13901735994031386,0.13782485450295093
provisional_simplified,2015-12,120452,0.15016791302205326,96094,0.14327951078334059,0.14334223570105317
provisional_simplified,2016-01,142820,0.15403104264230466,111822,0.14596596800881426,0.14617404210702173
provisional_simplified,2016-02,131816,0.1485288554653426,103358,0.1409962156371556,0.14149156769821652
provisional_simplified,2016-03,132128,0.15107616162801896,106823,0.14404960596743302,0.14364726774250317
provisional_simplified,2016-04,155437,0.15079132999439968,124640,0.14434852056726935,0.14377650175885232
provisional_simplified,2016-05,137093,0.1499350906280343,111315,0.14310887174134143,0.1428058053019569
provisional_simplified,2016-06,142698,0.14995827290251662,110644,0.14086283639905828,0.14126813853236594
provisional_simplified,2016-07,109570,0.1506954399834545,87396,0.14261456929524233,0.14293209434493165
provisional_simplified,2016-08,156349,0.14808530894213195,125466,0.14012250968137616,0.14106828550107872
provisional_simplified,2016-09,170541,0.14488057488106634,141565,0.13857408666735901,0.14154906017596586
provisional_simplified,2016-10,102692,0.1485626310106807,81888,0.14040597904744684,0.14190715383649383
provisional_simplified,2016-11,130785,0.14839755194392665,106284,0.1403175170951392,0.14085633062498779
provisional_simplified,2016-12,141489,0.14979756023701638,116345,0.14381673245711007,0.1436400786611406
provisional_simplified,2017-01,155897,0.15409545508740385,123531,0.1457864965213802,0.14670666475019908
provisional_simplified,2017-02,150759,0.14833556934446043,121558,0.14101195209450945,0.14262319169159204
provisional_simplified,2017-03,117131,0.15224979318898163,96153,0.14456824243338137,0.1454640615563146
provisional_simplified,2017-04,148123,0.15377433031418006,121788,0.14719694976582248,0.14660659289062322
provisional_simplified,2017-05,168769,0.14894436639839684,138400,0.14121825217450398,0.1414714100110548
provisional_simplified,2017-06,143535,0.1482213032306862,115773,0.14191990544801195,0.14381991804577768
provisional_simplified,2017-07,130033,0.14933472372473264,104188,0.14219554758731356,0.1447036230325956
provisional_simplified,2017-08,171045,0.1478713750885968,139774,0.14027442521100084,0.14385007764281413
provisional_simplified,2017-09,166013,0.14360713298418087,138049,0.13768457230661907,0.14127705307757643
provisional_simplified,2017-10,114268,0.14702201330097825,93445,0.13976441320944907,0.1430673773604005
provisional_simplified,2017-11,124767,0.14457390193183023,101873,0.13862893967878417,0.1397531099635756
provisional_simplified,2017-12,152995,0.1509165652833405,126971,0.1449302310115361,0.14593946554204865
provisional_simplified,2018-01,158039,0.1521723518792644,128128,0.14586756848338825,0.14795017354637724
provisional_simplified,2018-02,159448,0.14826403863957263,130833,0.14278819500422274,0.14516506605768278
provisional_simplified,2018-03,140200,0.1495959078993623,113958,0.14174935317724274,0.1438710706118439
provisional_simplified,2018-04,136794,0.15076127640822282,114566,0.14530096288933161,0.14638299361794493
provisional_simplified,2018-05,175647,0.14972524151920322,142890,0.14269965106158322,0.14478892880618174
provisional_simplified,2018-06,155857,0.147613598037867,124913,0.14124100945120657,0.14461917809477368
provisional_simplified,2018-07,127445,0.15169465210010386,101253,0.1455524316399996,0.14776779749934635
provisional_simplified,2018-08,183183,0.1465824688157997,151293,0.13976811029066752,0.14505380291679337
provisional_simplified,2018-09,163513,0.1451089296369431,134001,0.13881964321012602,0.1438768147320056
provisional_simplified,2018-10,99339,0.14653259115738004,81172,0.14012428190045256,0.14439505080350473
provisional_simplified,2018-11,132573,0.1457788423967786,110473,0.14093148733125538,0.1435403399992663
provisional_simplified,2018-12,160329,0.15088986655708483,132013,0.14501414045350675,0.1486459346962695
provisional_simplified,2019-01,151587,0.14993240632251006,123867,0.14444278431489693,0.14846589402257646
provisional_simplified,2019-02,166560,0.1479262624508319,136179,0.14237216986990459,0.14674861876527814
provisional_simplified,2019-03,123549,0.14709963305152393,102775,0.14165509858257472,0.1457772082195778
provisional_simplified,2019-04,147548,0.15090024280795983,122103,0.1449298894043095,0.14767940148047384
provisional_simplified,2019-05,203830,0.14726827866481018,167801,0.1413658027977384,0.14549958711491992
provisional_simplified,2019-06,131996,0.15009180297841188,105832,0.14421657881936,0.1477431887930657
provisional_simplified,2019-07,150657,0.1490640426053787,122965,0.14323539457587475,0.14871307352825164
provisional_simplified,2019-08,184892,0.14555192569288108,153532,0.14014916224753962,0.1466920341447409
provisional_simplified,2019-09,174646,0.14559586785698048,145075,0.14103862065561334,0.14783924411519628
provisional_simplified,2019-10,105337,0.1466804366947527,86984,0.14214363588755938,0.1487107912354122
provisional_simplified,2019-11,136652,0.14754541613795205,112749,0.14248420650100294,0.14706445098924276
provisional_simplified,2019-12,163304,0.14912924269969927,135706,0.14430707434906068,0.1477000164205632
provisional_simplified,2020-01,154730,0.14953011637670488,127518,0.14507654181599614,0.15014015496170627
provisional_simplified,2020-02,166424,0.14696447117242953,138404,0.14285514929436485,0.14813930255937824
provisional_simplified,2020-03,134659,0.15012442857741037,113746,0.1447768656236889,0.14837624462817883
provisional_simplified,2020-04,98206,0.14956870043201478,84539,0.14557691487068056,0.14827489869085791
provisional_simplified,2020-05,6318,0.15897293662939588,5203,0.15310622143216546,0.1550410720513652
provisional_simplified,2020-06,1983,0.14792382568208395,1604,0.14648868648443547,0.14456280345942843
provisional_simplified,2020-07,10453,0.13559328865290068,9776,0.13455699394968434,0.1370723543159292
provisional_simplified,2020-08,17416,0.1400139165042238,14879,0.13498528506095486,0.14461018568376216
provisional_simplified,2020-09,35859,0.14552238434133188,31616,0.14165057822460075,0.14855440760545635
provisional_simplified,2020-10,35958,0.1441684437616903,31602,0.13967957021599378,0.14576140867445989
provisional_simplified,2020-11,38815,0.14318616840386014,34066,0.13987482047075359,0.14359375483932493
provisional_simplified,2020-12,20568,0.15047967858993508,16928,0.14520622183151433,0.151251817381171
provisional_simplified,2021-01,24591,0.15303859481890356,20345,0.14944160240392715,0.15407100493093484
provisional_simplified,2021-02,19935,0.15417749469808986,15945,0.14685350560340127,0.1548057050279339
provisional_simplified,2021-03,14473,0.15261364859719204,11227,0.14650515825208468,0.15813373659938568
provisional_simplified,2021-04,31608,0.1517631821152786,25655,0.14586144496454445,0.15485994249315774
provisional_simplified,2021-05,42571,0.15632371259324937,32833,0.14798857516964758,0.1572828194095197
provisional_simplified,2021-06,32623,0.15342909061461946,26524,0.146828040863186,0.15361593144860108
provisional_simplified,2021-07,67486,0.1552013464785064,52070,0.1480104705441073,0.15534107897680646
provisional_simplified,2021-08,85151,0.14812037670595987,70202,0.1412988283304946,0.15329495645721306
provisional_simplified,2021-09,107478,0.149756910501207,87526,0.14319430040444117,0.15486003762158035
provisional_simplified,2021-10,72035,0.14866109115064355,58242,0.1406561716109587,0.14973921777886925
provisional_simplified,2021-11,88431,0.14818714835536706,73424,0.1411214403018863,0.1484686863486792
provisional_simplified,2021-12,120499,0.15416318458206846,95357,0.14690502094721442,0.1564535839666976
provisional_simplified,2022-01,106332,0.1569427317863662,81324,0.1495918166441668,0.1594703565523222
provisional_simplified,2022-02,84471,0.15154717418078148,66176,0.14389486995724798,0.15475191427107401
provisional_simplified,2022-03,79374,0.14951346086031092,64167,0.14216505206705177,0.15226536773714602
provisional_simplified,2022-04,129046,0.150621443929216,103775,0.14381957463022324,0.15363782815108565
provisional_simplified,2022-05,151542,0.15194848292931223,120708,0.14404881893386962,0.15458422070004835
provisional_simplified,2022-06,121892,0.1492643018156233,96978,0.14275193598641606,0.1538702364839426
provisional_simplified,2022-07,123467,0.15027603727958483,97255,0.14296165531130112,0.15439572665176224
provisional_simplified,2022-08,147775,0.14950300175919665,118956,0.14228484805425468,0.1566583743112495
provisional_simplified,2022-09,166586,0.14645927990450353,135348,0.14070214520357988,0.15403433891707607
provisional_simplified,2022-10,112576,0.1505496553526936,91113,0.1436292284837262,0.15612180778860027
provisional_simplified,2022-11,121255,0.14858240534224923,95722,0.14075573951939735,0.15054956403779413
provisional_simplified,2022-12,155614,0.1506123391667498,125814,0.14415451672143445,0.1552064950378177
provisional_simplified,2023-01,117006,0.15219921866889174,93656,0.14562565109971923,0.1555209729020314
provisional_simplified,2023-02,158635,0.14985229907950529,125878,0.14308534222067165,0.1541977404775415
provisional_simplified,2023-03,148995,0.15193898742956324,118611,0.144433454825844,0.15346944489148756
provisional_simplified,2023-04,134395,0.1506421545641458,109286,0.14430764756138761,0.15364614231316087
provisional_simplified,2023-05,161031,0.1473943393962841,125552,0.14038270542806894,0.15124570422864655
provisional_simplified,2023-06,154070,0.14819223605515847,120933,0.14247947424462115,0.15205762795967753
provisional_simplified,2023-07,134541,0.14931921627100414,104978,0.1425766982096003,0.15421571596188255
provisional_simplified,2023-08,174520,0.14958640516704205,140987,0.14314542637701624,0.15663805054240293
provisional_simplified,2023-09,181717,0.14794573147718906,144747,0.14125393944396775,0.15312476630520452
provisional_simplified,2023-10,109233,0.14648246676989685,89765,0.14042712926866313,0.15245830891061207
provisional_simplified,2023-11,155183,0.14613834634352232,123446,0.13908838107225802,0.14857358303711993
provisional_simplified,2023-12,157723,0.15014403430101025,129553,0.14431624571656526,0.15461103282679903
provisional_simplified,2024-01,136753,0.15101758077101649,107620,0.14381680415511233,0.15515565682445132
provisional_simplified,2024-02,188591,0.15044703668001733,148100,0.14400837619491813,0.15458904603311982
provisional_simplified,2024-03,158871,0.15191062716058687,125251,0.14437963485205343,0.1536947440799163
provisional_simplified,2024-04,153312,0.15149423709267246,126462,0.14497915202463343,0.14904309409256347
provisional_simplified,2024-05,184379,0.14794591000763682,148516,0.14108028145468318,0.1440756316314139
provisional_simplified,2024-06,166980,0.14661723145536212,128797,0.13911828453601113,0.14346134520623752
provisional_simplified,2024-07,124316,0.1464685730539946,97658,0.13982863850673985,0.14459813674808647
provisional_simplified,2024-08,204608,0.14693228114185575,165841,0.13996825510149402,0.14595087092256542
provisional_simplified,2024-09,170646,0.14616529942918116,137992,0.13940167762784353,0.14490793270601346
provisional_simplified,2024-10,127181,0.14690538689260624,103637,0.14020455494519377,0.14513949766479062
provisional_simplified,2024-11,150324,0.14683500502366229,122605,0.1403266532005241,0.14348358933736863
provisional_simplified,2024-12,178838,0.14933996899861451,146431,0.14301960026692742,0.14670192491710318
provisional_simplified,2025-01,164555,0.1507665198813621,132507,0.14514904670294695,0.1500422774990157
provisional_simplified,2025-02,201036,0.15078674034389974,158773,0.14391096838296244,0.14842691902018532
provisional_simplified,2025-03,168718,0.14930693160154057,137738,0.14302967969886227,0.14668756884309575
provisional_simplified,2025-04,174938,0.14918612020484856,144880,0.1430570638872472,0.14755620165780653
provisional_simplified,2025-05,198582,0.1471183562015707,161724,0.1400551301008953,0.14424900164020438
provisional_simplified,2025-06,178781,0.14789030360093294,138929,0.14089797375668206,0.14518967706496425
provisional_simplified,2025-07,163965,0.14661162396340435,131684,0.13983138757089497,0.14404662662381607
provisional_simplified,2025-08,206483,0.14788528606182288,169796,0.141284810001989,0.14615148256468435
provisional_simplified,2025-09,198411,0.14691064777899088,162815,0.14074852221504927,0.1456144322313506
provisional_simplified,2025-10,147779,0.14563430953588719,123999,0.13914292468103878,0.14357558504245022
provisional_simplified,2025-11,165904,0.14595144254025377,137859,0.13961741353096563,0.14412473099827613
provisional_simplified,2025-12,192614,0.14747717307234323,161785,0.1419913456708866,0.14623287424657014
