model,month,players_seen,effective_min,effective_p01,effective_p10,effective_p25,effective_p50,effective_p75,effective_p90,effective_p99,effective_max
classic_elo,2008-04,35706,1300.0,1422.5,1462.5,1482.5,1497.5,1517.5,1542.5,1602.5,1757.9386380253522
classic_elo,2008-07,63413,1237.0830109515966,1412.5,1457.5,1477.5,1497.5,1517.5,1547.5,1627.5,1769.2240765204913
classic_elo,2008-10,78126,1222.484878463021,1402.5,1452.5,1472.5,1492.5,1517.5,1552.5,1657.5,1815.088491966677
classic_elo,2009-01,88435,1222.484878463021,1392.5,1452.5,1472.5,1492.5,1517.5,1557.5,1672.5,1830.0574695064554
classic_elo,2009-04,96130,1175.6828628227072,1387.5,1447.5,1472.5,1492.5,1522.5,1562.5,1687.5,1856.0589732648266
classic_elo,2009-07,106936,1175.6828628227072,1377.5,1442.5,1467.5,1492.5,1522.5,1567.5,1702.5,1877.3513002523794
classic_elo,2009-09,111986,1175.6828628227072,1372.5,1437.5,1467.5,1492.5,1522.5,1572.5,1717.5,1935.6445293452355
classic_elo,2009-11,115356,1175.6828628227072,1367.5,1437.5,1467.5,1492.5,1522.5,1572.5,1727.5,1940.4248616163547
classic_elo,2010-01,119145,1165.0585875138654,1362.5,1432.5,1467.5,1492.5,1522.5,1572.5,1737.5,1917.361421691622
classic_elo,2010-03,122006,1165.0585875138654,1362.5,1432.5,1462.5,1492.5,1522.5,1577.5,1742.5,1952.7834546669533
classic_elo,2010-05,126711,1153.8296526830245,1357.5,1432.5,1462.5,1492.5,1527.5,1577.5,1747.5,1986.4463877023131
classic_elo,2010-07,130342,1153.8296526830245,1352.5,1427.5,1462.5,1492.5,1527.5,1582.5,1752.5,1968.0004187766906
classic_elo,2010-09,135161,1113.844965572887,1347.5,1427.5,1462.5,1492.5,1527.5,1582.5,1762.5,1988.9829839962522
classic_elo,2010-11,138572,1113.844965572887,1347.5,1427.5,1462.5,1492.5,1527.5,1587.5,1767.5,1991.7247389296124
classic_elo,2011-01,142158,1137.3919553221951,1342.5,1427.5,1457.5,1487.5,1527.5,1587.5,1772.5,1998.9988786410363
classic_elo,2011-03,145507,1122.3383074539308,1342.5,1422.5,1457.5,1487.5,1527.5,1587.5,1772.5,2017.4684982153206
classic_elo,2011-05,149681,1118.2036346659265,1337.5,1422.5,1457.5,1487.5,1527.5,1592.5,1777.5,2021.0717363191898
classic_elo,2011-07,153718,1122.1375449056784,1337.5,1422.5,1457.5,1487.5,1527.5,1592.5,1782.5,2027.8171401437417
classic_elo,2011-09,158478,1103.4279441396613,1332.5,1417.5,1457.5,1487.5,1527.5,1592.5,1792.5,2039.3425482458965
classic_elo,2011-11,162520,1096.3508517477803,1332.5,1417.5,1457.5,1487.5,1527.5,1592.5,1792.5,2058.708099070077
classic_elo,2012-01,167627,1096.3508517477803,1332.5,1417.5,1457.5,1487.5,1527.5,1592.5,1797.5,2085.3273089002996
classic_elo,2012-03,171133,1075.299742012088,1332.5,1417.5,1457.5,1487.5,1527.5,1597.5,1797.5,2054.5238192915804
classic_elo,2012-05,178038,1063.5488343254608,1327.5,1417.5,1457.5,1487.5,1527.5,1597.5,1802.5,2074.4271650303094
classic_elo,2012-07,182593,1055.487155644759,1327.5,1417.5,1457.5,1487.5,1527.5,1597.5,1802.5,2103.6312762166617
classic_elo,2012-08,184603,1049.140004099582,1327.5,1417.5,1457.5,1487.5,1527.5,1597.5,1807.5,2103.6312762166617
classic_elo,2012-09,187074,1055.5203553466345,1327.5,1417.5,1452.5,1487.5,1527.5,1597.5,1807.5,2117.5646056856353
classic_elo,2012-10,188463,1052.181737309087,1322.5,1412.5,1452.5,1487.5,1527.5,1602.5,1812.5,2117.5646056856353
classic_elo,2012-11,190357,1041.7562962726338,1322.5,1412.5,1452.5,1487.5,1527.5,1602.5,1812.5,2124.7322069163406
classic_elo,2012-12,192314,1028.1437660031393,1322.5,1412.5,1452.5,1487.5,1527.5,1602.5,1812.5,2124.7322069163406
classic_elo,2013-01,194095,1025.8631371273564,1322.5,1412.5,1452.5,1487.5,1527.5,1602.5,1812.5,2124.7322069163406
classic_elo,2013-02,195949,1033.314101629436,1322.5,1412.5,1452.5,1487.5,1527.5,1602.5,1817.5,2151.734040899863
classic_elo,2013-03,198152,1041.1839435016243,1322.5,1412.5,1452.5,1487.5,1527.5,1602.5,1817.5,2189.4581721881937
classic_elo,2013-04,200710,1041.1839435016243,1322.5,1412.5,1452.5,1487.5,1527.5,1602.5,1817.5,2189.4581721881937
classic_elo,2013-05,203414,1041.1839435016243,1322.5,1412.5,1452.5,1487.5,1527.5,1602.5,1817.5,2147.464328901863
classic_elo,2013-06,206152,1041.1839435016243,1317.5,1412.5,1452.5,1487.5,1527.5,1602.5,1817.5,2142.7236894042653
classic_elo,2013-07,208061,1030.8339744755053,1317.5,1412.5,1452.5,1487.5,1527.5,1602.5,1817.5,2142.7236894042653
classic_elo,2013-08,210261,1025.3188688657476,1317.5,1412.5,1452.5,1487.5,1527.5,1602.5,1822.5,2142.1591214534014
classic_elo,2013-09,212122,1025.3188688657476,1317.5,1412.5,1452.5,1487.5,1527.5,1602.5,1822.5,2142.1591214534014
classic_elo,2013-10,214079,1008.1811841380879,1317.5,1412.5,1452.5,1487.5,1527.5,1607.5,1822.5,2160.66886156871
classic_elo,2013-11,216091,1008.1811841380879,1317.5,1412.5,1452.5,1487.5,1527.5,1607.5,1827.5,2160.66886156871
classic_elo,2013-12,218026,995.9937888187455,1317.5,1412.5,1452.5,1487.5,1527.5,1607.5,1827.5,2168.6456839529496
classic_elo,2014-01,220322,989.8445670966702,1317.5,1407.5,1452.5,1487.5,1527.5,1607.5,1827.5,2168.6456839529496
classic_elo,2014-02,222921,987.6802466141307,1317.5,1407.5,1452.5,1487.5,1532.5,1607.5,1827.5,2176.144034864935
classic_elo,2014-03,224736,989.8445670966702,1317.5,1407.5,1452.5,1487.5,1532.5,1607.5,1827.5,2190.153754908582
classic_elo,2014-04,226783,989.8445670966702,1317.5,1407.5,1452.5,1487.5,1532.5,1607.5,1827.5,2190.153754908582
classic_elo,2014-05,229831,989.8445670966702,1312.5,1407.5,1452.5,1487.5,1532.5,1607.5,1832.5,2193.642211357185
classic_elo,2014-06,232388,988.2534912814592,1312.5,1407.5,1452.5,1487.5,1532.5,1607.5,1832.5,2194.676847236776
classic_elo,2014-07,234772,988.2534912814592,1312.5,1407.5,1452.5,1487.5,1532.5,1607.5,1832.5,2193.3945350104186
classic_elo,2014-08,237112,988.2534912814592,1312.5,1407.5,1452.5,1487.5,1532.5,1607.5,1832.5,2193.3945350104186
classic_elo,2014-09,239031,989.8445670966702,1312.5,1407.5,1447.5,1487.5,1532.5,1612.5,1832.5,2189.9421017618197
classic_elo,2014-10,241314,989.8445670966702,1312.5,1407.5,1447.5,1487.5,1532.5,1612.5,1837.5,2238.4885713897693
classic_elo,2014-11,243994,989.8445670966702,1312.5,1407.5,1447.5,1487.5,1532.5,1612.5,1837.5,2217.8312154528408
classic_elo,2014-12,246568,989.8445670966702,1312.5,1407.5,1447.5,1487.5,1532.5,1612.5,1837.5,2197.1096691073817
classic_elo,2015-01,249606,989.8445670966702,1312.5,1407.5,1447.5,1487.5,1532.5,1612.5,1837.5,2189.485718553803
classic_elo,2015-02,252154,989.8445670966702,1312.5,1407.5,1447.5,1487.5,1532.5,1612.5,1837.5,2205.057188882205
classic_elo,2015-03,254504,989.8445670966702,1312.5,1407.5,1447.5,1487.5,1532.5,1612.5,1837.5,2203.759470858086
classic_elo,2015-04,256990,989.8445670966702,1312.5,1407.5,1447.5,1487.5,1532.5,1612.5,1837.5,2203.759470858086
classic_elo,2015-05,260361,989.8445670966702,1312.5,1407.5,1447.5,1487.5,1532.5,1612.5,1842.5,2237.5119974923787
classic_elo,2015-06,263697,989.8445670966702,1312.5,1407.5,1447.5,1487.5,1532.5,1612.5,1842.5,2237.5119974923787
classic_elo,2015-07,266375,989.8445670966702,1312.5,1407.5,1447.5,1487.5,1532.5,1612.5,1842.5,2237.5119974923787
classic_elo,2015-08,269027,989.8445670966702,1312.5,1407.5,1447.5,1487.5,1532.5,1612.5,1842.5,2212.398391018497
classic_elo,2015-09,271697,989.8445670966702,1307.5,1407.5,1447.5,1487.5,1532.5,1612.5,1842.5,2219.618043529531
classic_elo,2015-10,273996,973.6394909400736,1307.5,1407.5,1447.5,1487.5,1532.5,1612.5,1842.5,2219.618043529531
classic_elo,2015-11,276727,973.6394909400736,1307.5,1407.5,1447.5,1487.5,1532.5,1612.5,1847.5,2217.718608389804
classic_elo,2015-12,279452,973.6394909400736,1307.5,1402.5,1447.5,1487.5,1532.5,1612.5,1847.5,2226.7440146297827
classic_elo,2016-01,282958,973.6394909400736,1307.5,1402.5,1447.5,1487.5,1532.5,1612.5,1847.5,2217.436060680989
classic_elo,2016-02,285934,973.6394909400736,1307.5,1402.5,1447.5,1487.5,1532.5,1612.5,1847.5,2224.2393036874305
classic_elo,2016-03,288812,973.6394909400736,1307.5,1402.5,1447.5,1487.5,1532.5,1612.5,1847.5,2248.8388883303555
classic_elo,2016-04,291822,1020.3828027180507,1307.5,1402.5,1447.5,1487.5,1532.5,1612.5,1847.5,2248.8388883303555
classic_elo,2016-05,294577,1020.3828027180507,1307.5,1402.5,1447.5,1487.5,1532.5,1617.5,1847.5,2248.8388883303555
classic_elo,2016-06,297892,1014.2603364066405,1307.5,1402.5,1447.5,1487.5,1532.5,1617.5,1852.5,2269.218415245407
classic_elo,2016-07,300285,1029.2042408436394,1307.5,1402.5,1447.5,1487.5,1532.5,1617.5,1852.5,2269.218415245407
classic_elo,2016-08,303374,1029.2042408436394,1307.5,1402.5,1447.5,1487.5,1532.5,1617.5,1852.5,2274.62075009001
classic_elo,2016-09,306107,1007.7167797875111,1307.5,1402.5,1447.5,1487.5,1532.5,1617.5,1852.5,2274.62075009001
classic_elo,2016-10,308218,1007.7167797875111,1307.5,1402.5,1447.5,1487.5,1532.5,1617.5,1857.5,2272.7166800760447
classic_elo,2016-11,311147,1001.089477128652,1307.5,1402.5,1447.5,1487.5,1532.5,1617.5,1857.5,2272.7166800760447
classic_elo,2016-12,313960,1001.089477128652,1302.5,1402.5,1447.5,1487.5,1532.5,1617.5,1857.5,2270.096094436448
classic_elo,2017-01,317775,1000.5479295826301,1307.5,1402.5,1447.5,1487.5,1532.5,1617.5,1857.5,2263.9317896251655
classic_elo,2017-02,320759,1000.5479295826301,1307.5,1402.5,1447.5,1487.5,1532.5,1617.5,1857.5,2263.9317896251655
classic_elo,2017-03,322957,1000.5479295826301,1302.5,1402.5,1447.5,1487.5,1532.5,1617.5,1857.5,2286.551755859991
classic_elo,2017-04,325913,981.8607700622802,1302.5,1402.5,1447.5,1487.5,1532.5,1617.5,1857.5,2286.551755859991
classic_elo,2017-05,328980,981.8607700622802,1302.5,1402.5,1447.5,1487.5,1532.5,1617.5,1857.5,2264.5131359277475
classic_elo,2017-06,331640,1007.6273731549619,1302.5,1402.5,1447.5,1487.5,1532.5,1617.5,1857.5,2256.0994719078412
classic_elo,2017-07,334347,1007.6273731549619,1302.5,1402.5,1447.5,1487.5,1532.5,1617.5,1857.5,2264.6616733516225
classic_elo,2017-08,337129,975.755737240364,1302.5,1402.5,1447.5,1487.5,1532.5,1617.5,1862.5,2250.9982377378374
classic_elo,2017-09,339880,991.8070212097207,1302.5,1402.5,1447.5,1482.5,1532.5,1617.5,1862.5,2258.962188491115
classic_elo,2017-10,342003,977.5867418703501,1302.5,1402.5,1447.5,1482.5,1532.5,1617.5,1862.5,2260.4655837405207
classic_elo,2017-11,344390,977.5867418703501,1302.5,1402.5,1447.5,1482.5,1532.5,1622.5,1862.5,2279.7062334770276
classic_elo,2017-12,347525,977.5867418703501,1302.5,1402.5,1447.5,1482.5,1532.5,1622.5,1862.5,2279.7062334770276
classic_elo,2018-01,350594,979.457715907625,1302.5,1402.5,1442.5,1482.5,1532.5,1622.5,1862.5,2272.1515432007045
classic_elo,2018-02,353502,979.457715907625,1302.5,1402.5,1442.5,1482.5,1532.5,1622.5,1867.5,2299.713050109628
classic_elo,2018-03,355978,979.457715907625,1302.5,1402.5,1442.5,1482.5,1532.5,1622.5,1867.5,2299.713050109628
classic_elo,2018-04,358254,964.6022315164385,1302.5,1397.5,1442.5,1482.5,1532.5,1622.5,1867.5,2299.713050109628
classic_elo,2018-05,361594,964.6022315164385,1297.5,1397.5,1442.5,1482.5,1532.5,1622.5,1867.5,2303.9237599569697
classic_elo,2018-06,364493,974.4425359010689,1297.5,1397.5,1442.5,1482.5,1532.5,1622.5,1867.5,2303.9237599569697
classic_elo,2018-07,367002,959.9411539297687,1297.5,1397.5,1442.5,1482.5,1532.5,1622.5,1867.5,2296.8848109245846
classic_elo,2018-08,370041,942.7807838567613,1297.5,1397.5,1442.5,1482.5,1532.5,1622.5,1867.5,2296.8848109245846
classic_elo,2018-09,372716,942.7807838567613,1297.5,1397.5,1442.5,1482.5,1532.5,1622.5,1872.5,2292.8042020351836
classic_elo,2018-10,374320,929.9443501651023,1297.5,1397.5,1442.5,1482.5,1532.5,1622.5,1872.5,2292.8042020351836
classic_elo,2018-11,376598,931.4726729748955,1297.5,1397.5,1442.5,1482.5,1532.5,1622.5,1872.5,2304.5260349722525
classic_elo,2018-12,379292,931.4726729748955,1297.5,1397.5,1442.5,1482.5,1532.5,1622.5,1872.5,2299.1463680874012
classic_elo,2019-01,382258,942.6492360816203,1297.5,1397.5,1442.5,1482.5,1532.5,1622.5,1872.5,2296.065629994082
classic_elo,2019-02,385227,942.6492360816203,1297.5,1397.5,1442.5,1482.5,1532.5,1622.5,1872.5,2315.298807454084
classic_elo,2019-03,387207,942.6492360816203,1297.5,1397.5,1442.5,1482.5,1532.5,1622.5,1872.5,2315.298807454084
classic_elo,2019-04,389783,939.8754676303887,1297.5,1397.5,1442.5,1482.5,1532.5,1622.5,1872.5,2315.298807454084
classic_elo,2019-05,393041,939.8754676303887,1297.5,1397.5,1442.5,1482.5,1532.5,1627.5,1872.5,2345.5633165750482
classic_elo,2019-06,395348,930.0436321392607,1297.5,1397.5,1442.5,1482.5,1532.5,1627.5,1872.5,2368.2059040548206
classic_elo,2019-07,397811,915.76777605266,1297.5,1397.5,1442.5,1482.5,1532.5,1627.5,1877.5,2356.3488710717825
classic_elo,2019-08,400598,915.76777605266,1297.5,1397.5,1442.5,1482.5,1532.5,1627.5,1877.5,2371.4651703034824
classic_elo,2019-09,403401,915.76777605266,1292.5,1397.5,1442.5,1482.5,1532.5,1627.5,1877.5,2353.129614560644
classic_elo,2019-10,405002,906.9515127446124,1292.5,1397.5,1442.5,1482.5,1532.5,1627.5,1877.5,2353.129614560644
classic_elo,2019-11,407499,906.9515127446124,1292.5,1397.5,1442.5,1482.5,1532.5,1627.5,1877.5,2343.545469919848
classic_elo,2019-12,410364,906.9515127446124,1292.5,1397.5,1442.5,1482.5,1532.5,1627.5,1877.5,2346.526918920496
classic_elo,2020-01,412890,906.9515127446124,1292.5,1397.5,1442.5,1482.5,1532.5,1627.5,1877.5,2347.2251492970804
classic_elo,2020-02,415476,906.9515127446124,1292.5,1397.5,1442.5,1482.5,1532.5,1627.5,1877.5,2356.0383863352927
classic_elo,2020-03,417248,906.9515127446124,1292.5,1397.5,1442.5,1482.5,1532.5,1627.5,1882.5,2356.0383863352927
classic_elo,2020-04,418821,906.9515127446124,1292.5,1397.5,1442.5,1482.5,1532.5,1627.5,1882.5,2356.0383863352927
classic_elo,2020-05,418959,906.9515127446124,1292.5,1397.5,1442.5,1482.5,1532.5,1627.5,1882.5,2356.0383863352927
classic_elo,2020-06,419092,906.9515127446124,1292.5,1397.5,1442.5,1482.5,1532.5,1627.5,1882.5,2338.008539976278
classic_elo,2020-07,419101,906.9515127446124,1292.5,1397.5,1442.5,1482.5,1532.5,1627.5,1882.5,2338.008539976278
classic_elo,2020-08,419308,906.9515127446124,1292.5,1397.5,1442.5,1482.5,1532.5,1627.5,1882.5,2338.008539976278
classic_elo,2020-09,419735,906.9515127446124,1292.5,1392.5,1442.5,1482.5,1532.5,1627.5,1882.5,2338.008539976278
classic_elo,2020-10,420244,894.265998744582,1292.5,1392.5,1442.5,1482.5,1532.5,1627.5,1882.5,2338.008539976278
classic_elo,2020-11,420703,894.265998744582,1292.5,1392.5,1442.5,1482.5,1532.5,1627.5,1882.5,2334.713139628094
classic_elo,2020-12,421132,894.265998744582,1292.5,1392.5,1442.5,1482.5,1532.5,1627.5,1882.5,2341.785099928959
classic_elo,2021-01,421548,894.265998744582,1292.5,1392.5,1442.5,1482.5,1532.5,1627.5,1882.5,2341.785099928959
classic_elo,2021-02,422000,894.265998744582,1292.5,1392.5,1442.5,1482.5,1532.5,1627.5,1882.5,2341.785099928959
classic_elo,2021-03,422315,894.265998744582,1292.5,1392.5,1442.5,1482.5,1532.5,1627.5,1882.5,2341.785099928959
classic_elo,2021-04,422997,894.265998744582,1292.5,1392.5,1442.5,1482.5,1532.5,1627.5,1882.5,2321.0790279076273
classic_elo,2021-05,424119,894.265998744582,1292.5,1392.5,1442.5,1482.5,1532.5,1627.5,1882.5,2321.0790279076273
classic_elo,2021-06,424918,894.265998744582,1292.5,1392.5,1442.5,1482.5,1532.5,1627.5,1882.5,2321.0790279076273
classic_elo,2021-07,426942,894.265998744582,1292.5,1397.5,1442.5,1482.5,1532.5,1627.5,1882.5,2321.0790279076273
classic_elo,2021-08,428806,894.265998744582,1292.5,1397.5,1442.5,1482.5,1532.5,1627.5,1882.5,2321.0790279076273
classic_elo,2021-09,430943,894.265998744582,1292.5,1397.5,1442.5,1482.5,1532.5,1627.5,1882.5,2355.103367771117
classic_elo,2021-10,432646,887.7615017081855,1292.5,1397.5,1442.5,1482.5,1532.5,1627.5,1882.5,2357.2316101731526
classic_elo,2021-11,434809,896.0453012845413,1292.5,1397.5,1442.5,1482.5,1532.5,1627.5,1882.5,2357.2316101731526
classic_elo,2021-12,438200,896.0453012845413,1292.5,1397.5,1442.5,1482.5,1532.5,1627.5,1882.5,2371.2804340720845
classic_elo,2022-01,441296,896.0453012845413,1292.5,1397.5,1442.5,1482.5,1532.5,1627.5,1882.5,2371.2804340720845
classic_elo,2022-02,443320,896.0453012845413,1292.5,1397.5,1442.5,1482.5,1532.5,1627.5,1882.5,2371.2804340720845
classic_elo,2022-03,445564,896.0453012845413,1292.5,1397.5,1442.5,1482.5,1532.5,1627.5,1882.5,2371.2804340720845
classic_elo,2022-04,448299,896.0453012845413,1292.5,1397.5,1442.5,1482.5,1532.5,1627.5,1882.5,2371.2804340720845
classic_elo,2022-05,451898,896.0453012845413,1292.5,1397.5,1442.5,1482.5,1532.5,1627.5,1882.5,2371.2804340720845
classic_elo,2022-06,454636,896.0453012845413,1292.5,1397.5,1442.5,1482.5,1532.5,1627.5,1882.5,2370.1149916383647
classic_elo,2022-07,457524,896.0453012845413,1292.5,1397.5,1442.5,1482.5,1532.5,1627.5,1882.5,2368.921604423094
classic_elo,2022-08,460759,896.0453012845413,1292.5,1397.5,1442.5,1482.5,1532.5,1627.5,1882.5,2368.921604423094
classic_elo,2022-09,463718,896.0453012845413,1292.5,1397.5,1442.5,1482.5,1532.5,1627.5,1882.5,2371.688920023772
classic_elo,2022-10,466362,896.0453012845413,1292.5,1397.5,1442.5,1482.5,1532.5,1627.5,1882.5,2346.946989782929
classic_elo,2022-11,469589,896.0453012845413,1292.5,1397.5,1442.5,1482.5,1532.5,1627.5,1882.5,2364.3050067042027
classic_elo,2022-12,473150,896.0453012845413,1292.5,1397.5,1442.5,1482.5,1532.5,1627.5,1882.5,2364.3050067042027
classic_elo,2023-01,476049,896.0453012845413,1292.5,1397.5,1442.5,1482.5,1532.5,1627.5,1882.5,2364.3050067042027
classic_elo,2023-02,480059,896.0453012845413,1292.5,1397.5,1442.5,1482.5,1532.5,1627.5,1882.5,2358.9007370397408
classic_elo,2023-03,483551,896.0453012845413,1292.5,1397.5,1442.5,1482.5,1532.5,1627.5,1882.5,2358.9007370397408
classic_elo,2023-04,486614,896.0453012845413,1292.5,1397.5,1442.5,1482.5,1532.5,1627.5,1882.5,2361.6372252509927
classic_elo,2023-05,490437,896.0453012845413,1292.5,1397.5,1442.5,1482.5,1532.5,1627.5,1882.5,2361.6372252509927
classic_elo,2023-06,493953,896.0453012845413,1292.5,1397.5,1442.5,1482.5,1532.5,1627.5,1882.5,2361.6372252509927
classic_elo,2023-07,496992,896.0453012845413,1292.5,1397.5,1442.5,1482.5,1532.5,1627.5,1882.5,2330.4345189179157
classic_elo,2023-08,500593,896.0453012845413,1292.5,1397.5,1442.5,1482.5,1532.5,1627.5,1882.5,2330.4345189179157
classic_elo,2023-09,504526,896.0453012845413,1292.5,1397.5,1442.5,1482.5,1532.5,1627.5,1882.5,2362.617305052021
classic_elo,2023-10,506855,896.0453012845413,1292.5,1397.5,1442.5,1482.5,1532.5,1627.5,1882.5,2362.617305052021
classic_elo,2023-11,510680,896.0453012845413,1292.5,1397.5,1442.5,1482.5,1532.5,1627.5,1882.5,2358.84827923618
classic_elo,2023-12,513968,896.0453012845413,1292.5,1397.5,1442.5,1482.5,1532.5,1627.5,1882.5,2363.2977097555076
classic_elo,2024-01,517402,896.0453012845413,1292.5,1397.5,1442.5,1482.5,1532.5,1627.5,1882.5,2363.2977097555076
classic_elo,2024-02,521940,896.0453012845413,1292.5,1397.5,1442.5,1482.5,1532.5,1627.5,1882.5,2363.2977097555076
classic_elo,2024-03,525982,896.0453012845413,1292.5,1397.5,1442.5,1482.5,1532.5,1627.5,1882.5,2363.2977097555076
classic_elo,2024-04,529797,896.0453012845413,1292.5,1397.5,1442.5,1482.5,1532.5,1627.5,1882.5,2363.2977097555076
classic_elo,2024-05,535092,896.0453012845413,1292.5,1397.5,1442.5,1482.5,1532.5,1627.5,1882.5,2363.2977097555076
classic_elo,2024-06,538881,896.0453012845413,1292.5,1397.5,1442.5,1482.5,1532.5,1627.5,1882.5,2363.2977097555076
classic_elo,2024-07,541528,896.0453012845413,1292.5,1397.5,1442.5,1482.5,1532.5,1627.5,1882.5,2371.566602831817
classic_elo,2024-08,545471,896.0453012845413,1292.5,1397.5,1442.5,1482.5,1532.5,1627.5,1882.5,2371.566602831817
classic_elo,2024-09,548434,896.0453012845413,1292.5,1397.5,1442.5,1482.5,1532.5,1627.5,1882.5,2371.566602831817
classic_elo,2024-10,551044,896.0453012845413,1292.5,1397.5,1442.5,1482.5,1532.5,1627.5,1887.5,2402.5826970046846
classic_elo,2024-11,554867,896.0453012845413,1292.5,1397.5,1442.5,1482.5,1532.5,1627.5,1887.5,2390.952880710741
classic_elo,2024-12,558560,896.0453012845413,1292.5,1397.5,1442.5,1482.5,1532.5,1627.5,1887.5,2388.3099747722576
classic_elo,2025-01,562049,896.0453012845413,1292.5,1397.5,1442.5,1482.5,1532.5,1627.5,1887.5,2390.6706694913505
classic_elo,2025-02,566253,896.0453012845413,1292.5,1397.5,1442.5,1482.5,1532.5,1627.5,1887.5,2390.6706694913505
classic_elo,2025-03,569841,896.0453012845413,1292.5,1397.5,1442.5,1482.5,1532.5,1627.5,1887.5,2367.263134037483
classic_elo,2025-04,572901,896.0453012845413,1292.5,1397.5,1442.5,1482.5,1532.5,1627.5,1887.5,2378.553553283515
classic_elo,2025-05,576432,896.0453012845413,1292.5,1397.5,1442.5,1482.5,1532.5,1627.5,1887.5,2378.553553283515
classic_elo,2025-06,580020,896.0453012845413,1292.5,1397.5,1442.5,1482.5,1532.5,1627.5,1887.5,2378.553553283515
classic_elo,2025-07,583072,896.0453012845413,1292.5,1397.5,1442.5,1482.5,1532.5,1627.5,1887.5,2385.2003152053835
classic_elo,2025-08,586106,896.0453012845413,1292.5,1397.5,1442.5,1482.5,1532.5,1627.5,1887.5,2385.2003152053835
classic_elo,2025-09,588993,896.0453012845413,1292.5,1397.5,1442.5,1482.5,1532.5,1627.5,1887.5,2385.2003152053835
classic_elo,2025-10,591352,896.0453012845413,1292.5,1397.5,1442.5,1482.5,1532.5,1627.5,1887.5,2385.2003152053835
classic_elo,2025-11,594327,896.0453012845413,1292.5,1397.5,1442.5,1482.5,1532.5,1627.5,1887.5,2385.2003152053835
classic_elo,2025-12,597530,896.0453012845413,1292.5,1397.5,1442.5,1482.5,1532.5,1627.5,1892.5,2390.1421088552756
advanced_seed,2008-04,35706,1038.5482646793355,1272.5,1382.5,1437.5,1502.5,1582.5,1662.5,1807.5,2025.111239219512
advanced_seed,2008-07,63413,1072.5241149417495,1277.5,1387.5,1447.5,1517.5,1602.5,1692.5,1852.5,2059.104715370046
advanced_seed,2008-10,78126,1080.9271646455823,1272.5,1392.5,1457.5,1537.5,1632.5,1732.5,1902.5,2128.8340476998646
advanced_seed,2009-01,88435,1030.1514388268397,1267.5,1392.5,1462.5,1542.5,1637.5,1737.5,1922.5,2137.9299111114833
advanced_seed,2009-04,96130,937.6296152398558,1262.5,1387.5,1462.5,1547.5,1647.5,1752.5,1947.5,2169.651420499769
advanced_seed,2009-07,106936,996.6073696292766,1257.5,1387.5,1462.5,1552.5,1657.5,1762.5,1962.5,2185.5743855664637
advanced_seed,2009-09,111986,1008.3746126736216,1257.5,1392.5,1467.5,1562.5,1672.5,1782.5,1992.5,2242.510622826557
advanced_seed,2009-11,115356,982.503528277433,1257.5,1392.5,1472.5,1567.5,1682.5,1797.5,2012.5,2243.2902789388854
advanced_seed,2010-01,119145,1003.4710063529326,1257.5,1397.5,1472.5,1572.5,1687.5,1802.5,2012.5,2256.805725498141
advanced_seed,2010-03,122006,996.7173191056204,1257.5,1397.5,1472.5,1572.5,1692.5,1807.5,2027.5,2303.4067994132674
advanced_seed,2010-05,126711,957.8703571266615,1252.5,1397.5,1477.5,1577.5,1702.5,1822.5,2037.5,2286.9885877028987
advanced_seed,2010-07,130342,947.2433208150228,1242.5,1392.5,1477.5,1582.5,1707.5,1827.5,2047.5,2294.8618884645593
advanced_seed,2010-09,135161,924.5762805428765,1242.5,1392.5,1477.5,1582.5,1712.5,1832.5,2052.5,2398.101743246708
advanced_seed,2010-11,138572,914.3034756499123,1252.5,1397.5,1482.5,1587.5,1717.5,1837.5,2062.5,2318.4796864983855
advanced_seed,2011-01,142158,949.1406525425917,1247.5,1397.5,1477.5,1582.5,1712.5,1832.5,2067.5,2329.574821986045
advanced_seed,2011-03,145507,949.1528023363168,1237.5,1392.5,1472.5,1582.5,1712.5,1832.5,2067.5,2331.8263649334467
advanced_seed,2011-05,149681,895.4796300644558,1237.5,1392.5,1477.5,1587.5,1717.5,1842.5,2072.5,2346.896629946143
advanced_seed,2011-07,153718,898.9431689674577,1232.5,1392.5,1477.5,1587.5,1722.5,1847.5,2077.5,2386.5036789871797
advanced_seed,2011-09,158478,901.3723212264217,1237.5,1392.5,1477.5,1592.5,1727.5,1857.5,2092.5,2381.190784435192
advanced_seed,2011-11,162520,933.4820966680834,1237.5,1392.5,1477.5,1592.5,1727.5,1852.5,2087.5,2424.390522007375
advanced_seed,2012-01,167627,912.7157387932792,1237.5,1392.5,1477.5,1587.5,1722.5,1847.5,2092.5,2408.0433880019636
advanced_seed,2012-03,171133,910.4587645025535,1227.5,1387.5,1472.5,1582.5,1722.5,1847.5,2092.5,2410.6832484980855
advanced_seed,2012-05,178038,904.8500134121869,1222.5,1387.5,1472.5,1582.5,1722.5,1852.5,2092.5,2427.465395648881
advanced_seed,2012-07,182593,903.346352099836,1227.5,1387.5,1472.5,1582.5,1717.5,1852.5,2097.5,2440.3611571801694
advanced_seed,2012-08,184603,900.8343209667469,1222.5,1382.5,1467.5,1577.5,1717.5,1847.5,2097.5,2425.2170473165993
advanced_seed,2012-09,187074,886.5105372226467,1217.5,1382.5,1467.5,1582.5,1722.5,1852.5,2102.5,2459.2070376742295
advanced_seed,2012-10,188463,891.4546193718398,1217.5,1382.5,1472.5,1582.5,1722.5,1857.5,2107.5,2484.179789403015
advanced_seed,2012-11,190357,891.4701781054534,1222.5,1387.5,1472.5,1582.5,1722.5,1857.5,2102.5,2473.4379557178154
advanced_seed,2012-12,192314,899.5164314087468,1227.5,1387.5,1472.5,1587.5,1727.5,1857.5,2112.5,2464.2372955659744
advanced_seed,2013-01,194095,888.4078142607647,1222.5,1387.5,1472.5,1582.5,1727.5,1857.5,2107.5,2439.2169839644357
advanced_seed,2013-02,195949,900.0179579324545,1212.5,1382.5,1467.5,1582.5,1722.5,1857.5,2107.5,2503.933727905063
advanced_seed,2013-03,198152,892.1354453000887,1207.5,1377.5,1467.5,1577.5,1722.5,1857.5,2107.5,2491.898126229017
advanced_seed,2013-04,200710,891.4285372194406,1212.5,1382.5,1467.5,1582.5,1722.5,1857.5,2112.5,2507.8496612718754
advanced_seed,2013-05,203414,886.9973343032848,1217.5,1382.5,1467.5,1582.5,1727.5,1867.5,2117.5,2485.737052179
advanced_seed,2013-06,206152,869.7922027296522,1222.5,1387.5,1472.5,1587.5,1732.5,1867.5,2117.5,2477.0908941337098
advanced_seed,2013-07,208061,866.7335381496636,1222.5,1387.5,1472.5,1582.5,1727.5,1862.5,2117.5,2503.0979154074303
advanced_seed,2013-08,210261,880.0868425890344,1217.5,1382.5,1467.5,1582.5,1727.5,1867.5,2117.5,2486.797614306379
advanced_seed,2013-09,212122,899.1502374246122,1217.5,1387.5,1472.5,1587.5,1737.5,1872.5,2127.5,2502.5988198244595
advanced_seed,2013-10,214079,886.7401129158227,1217.5,1382.5,1472.5,1587.5,1732.5,1872.5,2127.5,2493.088167216849
advanced_seed,2013-11,216091,884.1469972991495,1217.5,1387.5,1472.5,1587.5,1737.5,1872.5,2132.5,2491.3559779317193
advanced_seed,2013-12,218026,864.1897613925132,1217.5,1382.5,1467.5,1587.5,1732.5,1872.5,2127.5,2463.840495658221
advanced_seed,2014-01,220322,854.7027758403763,1212.5,1382.5,1467.5,1587.5,1732.5,1872.5,2127.5,2484.958176829907
advanced_seed,2014-02,222921,823.270160059869,1207.5,1377.5,1462.5,1577.5,1727.5,1867.5,2122.5,2512.1356398184284
advanced_seed,2014-03,224736,837.1093188221621,1207.5,1372.5,1462.5,1577.5,1722.5,1862.5,2122.5,2531.181508998953
advanced_seed,2014-04,226783,817.3384008333921,1207.5,1372.5,1462.5,1577.5,1727.5,1867.5,2127.5,2527.2206746403317
advanced_seed,2014-05,229831,840.273368960075,1202.5,1372.5,1462.5,1577.5,1727.5,1872.5,2127.5,2499.346934645591
advanced_seed,2014-06,232388,863.4650898029522,1207.5,1377.5,1467.5,1582.5,1732.5,1877.5,2132.5,2502.8833333240177
advanced_seed,2014-07,234772,853.833143720464,1207.5,1372.5,1462.5,1577.5,1727.5,1867.5,2127.5,2509.291083304125
advanced_seed,2014-08,237112,864.1708715454452,1207.5,1372.5,1462.5,1582.5,1732.5,1872.5,2132.5,2490.265687823416
advanced_seed,2014-09,239031,838.6343445663485,1197.5,1372.5,1462.5,1577.5,1732.5,1872.5,2137.5,2481.4446010901756
advanced_seed,2014-10,241314,865.9480659297114,1202.5,1372.5,1462.5,1582.5,1732.5,1872.5,2137.5,2558.202665110425
advanced_seed,2014-11,243994,866.2373293391291,1207.5,1372.5,1462.5,1582.5,1732.5,1877.5,2137.5,2506.685762601421
advanced_seed,2014-12,246568,868.9156171360949,1207.5,1377.5,1462.5,1582.5,1732.5,1877.5,2137.5,2489.0166760987977
advanced_seed,2015-01,249606,863.6189633346985,1202.5,1367.5,1457.5,1572.5,1727.5,1867.5,2132.5,2505.815181648735
advanced_seed,2015-02,252154,854.3420964869351,1197.5,1367.5,1457.5,1572.5,1722.5,1867.5,2127.5,2543.6131525480478
advanced_seed,2015-03,254504,858.8347456184621,1197.5,1367.5,1457.5,1572.5,1722.5,1862.5,2127.5,2537.8909709042377
advanced_seed,2015-04,256990,855.2154820434525,1197.5,1367.5,1457.5,1572.5,1722.5,1867.5,2127.5,2518.6968356243524
advanced_seed,2015-05,260361,831.504635131584,1187.5,1362.5,1452.5,1572.5,1722.5,1867.5,2127.5,2535.0129778923733
advanced_seed,2015-06,263697,839.3761940928464,1197.5,1362.5,1457.5,1567.5,1722.5,1867.5,2127.5,2524.986389179208
advanced_seed,2015-07,266375,823.8621479554698,1187.5,1362.5,1452.5,1567.5,1717.5,1862.5,2127.5,2579.318015997822
advanced_seed,2015-08,269027,836.3608193565573,1187.5,1357.5,1452.5,1567.5,1717.5,1862.5,2127.5,2525.9069442651135
advanced_seed,2015-09,271697,870.0968327434563,1192.5,1362.5,1452.5,1567.5,1717.5,1862.5,2132.5,2561.23758241276
advanced_seed,2015-10,273996,867.7598912688377,1187.5,1357.5,1452.5,1567.5,1717.5,1862.5,2132.5,2546.7216633706485
advanced_seed,2015-11,276727,836.8034464489589,1187.5,1357.5,1452.5,1567.5,1722.5,1867.5,2137.5,2527.262487183331
advanced_seed,2015-12,279452,858.278580053549,1187.5,1357.5,1452.5,1567.5,1717.5,1862.5,2132.5,2523.0343920412924
advanced_seed,2016-01,282958,866.1907610340488,1182.5,1352.5,1447.5,1562.5,1712.5,1857.5,2127.5,2513.7096018078605
advanced_seed,2016-02,285934,835.2155082976129,1177.5,1352.5,1447.5,1557.5,1707.5,1852.5,2122.5,2514.5434779865577
advanced_seed,2016-03,288812,833.6137848518649,1182.5,1357.5,1447.5,1562.5,1712.5,1857.5,2122.5,2491.7400181336607
advanced_seed,2016-04,291822,836.8164602477691,1187.5,1357.5,1452.5,1567.5,1717.5,1862.5,2127.5,2527.5811875583076
advanced_seed,2016-05,294577,844.2911548126915,1187.5,1357.5,1452.5,1567.5,1722.5,1867.5,2137.5,2550.601682765986
advanced_seed,2016-06,297892,868.6184080043953,1187.5,1352.5,1447.5,1567.5,1717.5,1862.5,2132.5,2517.321235365928
advanced_seed,2016-07,300285,873.1882295591442,1187.5,1357.5,1452.5,1567.5,1722.5,1867.5,2137.5,2512.0127496527457
advanced_seed,2016-08,303374,875.8875344830029,1187.5,1357.5,1447.5,1567.5,1717.5,1867.5,2137.5,2545.5629960010892
advanced_seed,2016-09,306107,870.6050351505042,1182.5,1352.5,1447.5,1562.5,1712.5,1857.5,2132.5,2508.20767219071
advanced_seed,2016-10,308218,842.4207449564237,1182.5,1352.5,1447.5,1562.5,1712.5,1857.5,2132.5,2509.4889690722575
advanced_seed,2016-11,311147,848.6477600933935,1182.5,1352.5,1447.5,1562.5,1712.5,1857.5,2132.5,2518.1643411614677
advanced_seed,2016-12,313960,852.6680179036007,1182.5,1352.5,1447.5,1567.5,1717.5,1862.5,2137.5,2529.521029826008
advanced_seed,2017-01,317775,866.2219325170731,1182.5,1352.5,1447.5,1562.5,1712.5,1862.5,2132.5,2496.8215297359557
advanced_seed,2017-02,320759,867.7439408508073,1177.5,1347.5,1442.5,1562.5,1712.5,1862.5,2132.5,2490.8389669356034
advanced_seed,2017-03,322957,877.8750306019224,1182.5,1352.5,1447.5,1562.5,1717.5,1862.5,2137.5,2534.8235440811786
advanced_seed,2017-04,325913,858.1604067566267,1177.5,1347.5,1447.5,1562.5,1717.5,1867.5,2137.5,2570.24053609322
advanced_seed,2017-05,328980,838.4386573929434,1182.5,1352.5,1447.5,1567.5,1717.5,1862.5,2137.5,2510.634403905256
advanced_seed,2017-06,331640,834.3400251768721,1182.5,1352.5,1447.5,1567.5,1722.5,1867.5,2137.5,2491.457974042171
advanced_seed,2017-07,334347,838.3159376155029,1182.5,1352.5,1447.5,1567.5,1722.5,1867.5,2137.5,2536.2363041930257
advanced_seed,2017-08,337129,833.650583432468,1177.5,1347.5,1447.5,1562.5,1717.5,1867.5,2137.5,2521.594854893773
advanced_seed,2017-09,339880,843.1245488917804,1182.5,1352.5,1447.5,1567.5,1722.5,1867.5,2142.5,2595.3477903388675
advanced_seed,2017-10,342003,843.0843996633351,1177.5,1347.5,1442.5,1562.5,1717.5,1867.5,2137.5,2535.126269874496
advanced_seed,2017-11,344390,814.2549771510771,1177.5,1352.5,1447.5,1567.5,1722.5,1872.5,2147.5,2525.3413806015747
advanced_seed,2017-12,347525,815.5689652425577,1182.5,1352.5,1447.5,1567.5,1722.5,1867.5,2147.5,2570.3531389361683
advanced_seed,2018-01,350594,817.8672336798663,1177.5,1347.5,1442.5,1567.5,1722.5,1867.5,2142.5,2555.491715007401
advanced_seed,2018-02,353502,855.5510529267143,1182.5,1352.5,1447.5,1567.5,1722.5,1872.5,2147.5,2591.8340049224234
advanced_seed,2018-03,355978,864.7097176938885,1182.5,1352.5,1447.5,1567.5,1722.5,1872.5,2147.5,2560.0161542291135
advanced_seed,2018-04,358254,877.4666031780397,1182.5,1352.5,1447.5,1572.5,1727.5,1877.5,2152.5,2570.242372686646
advanced_seed,2018-05,361594,857.7025175560874,1182.5,1352.5,1447.5,1567.5,1727.5,1877.5,2152.5,2581.7950788962335
advanced_seed,2018-06,364493,848.7489457126068,1182.5,1352.5,1447.5,1572.5,1727.5,1877.5,2152.5,2588.9804154451117
advanced_seed,2018-07,367002,852.4664141547869,1182.5,1352.5,1447.5,1572.5,1727.5,1877.5,2147.5,2572.2800064627636
advanced_seed,2018-08,370041,816.6425156511002,1177.5,1347.5,1442.5,1567.5,1722.5,1867.5,2142.5,2553.661196315658
advanced_seed,2018-09,372716,822.2105987197074,1182.5,1352.5,1447.5,1567.5,1727.5,1877.5,2152.5,2576.927226523199
advanced_seed,2018-10,374320,841.4332874348291,1182.5,1352.5,1447.5,1567.5,1727.5,1877.5,2152.5,2555.596898199771
advanced_seed,2018-11,376598,833.59322647675,1182.5,1352.5,1447.5,1572.5,1727.5,1877.5,2152.5,2587.684812122536
advanced_seed,2018-12,379292,839.3060679025027,1182.5,1352.5,1447.5,1567.5,1727.5,1877.5,2152.5,2615.5784034451494
advanced_seed,2019-01,382258,870.9275932124697,1182.5,1352.5,1447.5,1567.5,1727.5,1877.5,2152.5,2568.974749531179
advanced_seed,2019-02,385227,850.7828714585354,1182.5,1352.5,1447.5,1572.5,1732.5,1882.5,2162.5,2604.6342922847825
advanced_seed,2019-03,387207,860.3734571923395,1182.5,1352.5,1447.5,1567.5,1727.5,1877.5,2152.5,2577.5999173759915
advanced_seed,2019-04,389783,875.9082469365394,1182.5,1352.5,1447.5,1572.5,1732.5,1882.5,2157.5,2584.600705331105
advanced_seed,2019-05,393041,855.1994007965362,1182.5,1352.5,1447.5,1572.5,1732.5,1882.5,2157.5,2616.1979437496
advanced_seed,2019-06,395348,845.0998694021071,1187.5,1352.5,1447.5,1572.5,1727.5,1877.5,2157.5,2623.430623537129
advanced_seed,2019-07,397811,822.3695804040178,1187.5,1352.5,1447.5,1572.5,1732.5,1882.5,2157.5,2594.0309303530285
advanced_seed,2019-08,400598,811.582949154188,1182.5,1352.5,1447.5,1572.5,1732.5,1882.5,2162.5,2618.4724616600815
advanced_seed,2019-09,403401,839.547054694473,1182.5,1352.5,1447.5,1572.5,1732.5,1882.5,2157.5,2592.194070780567
advanced_seed,2019-10,405002,809.2135044916853,1182.5,1352.5,1447.5,1572.5,1727.5,1882.5,2157.5,2629.1702163537147
advanced_seed,2019-11,407499,844.1668165531281,1187.5,1352.5,1447.5,1572.5,1732.5,1882.5,2157.5,2608.6350076826634
advanced_seed,2019-12,410364,826.0425039305483,1182.5,1352.5,1447.5,1572.5,1732.5,1882.5,2157.5,2596.6657344198093
advanced_seed,2020-01,412890,856.9740946878169,1182.5,1352.5,1447.5,1572.5,1732.5,1887.5,2162.5,2621.1483055282497
advanced_seed,2020-02,415476,799.8279935023891,1182.5,1352.5,1447.5,1572.5,1732.5,1882.5,2162.5,2628.1119247899023
advanced_seed,2020-03,417248,848.7781284065876,1182.5,1352.5,1447.5,1572.5,1727.5,1877.5,2157.5,2614.254453931474
advanced_seed,2020-04,418821,859.6491485175437,1182.5,1352.5,1447.5,1572.5,1732.5,1882.5,2162.5,2595.7290149508663
advanced_seed,2020-05,418959,859.6030961332779,1182.5,1352.5,1447.5,1572.5,1732.5,1882.5,2162.5,2597.430742932118
advanced_seed,2020-06,419092,862.1654875381123,1182.5,1352.5,1452.5,1577.5,1732.5,1882.5,2162.5,2564.2752576954426
advanced_seed,2020-07,419101,862.772475556341,1182.5,1352.5,1452.5,1577.5,1732.5,1882.5,2162.5,2563.5749654485885
advanced_seed,2020-08,419308,833.636716873628,1182.5,1352.5,1447.5,1572.5,1732.5,1882.5,2157.5,2558.3671381375716
advanced_seed,2020-09,419735,855.7003933523382,1182.5,1352.5,1447.5,1577.5,1732.5,1887.5,2162.5,2558.885823518526
advanced_seed,2020-10,420244,859.5114820002756,1182.5,1352.5,1447.5,1572.5,1732.5,1882.5,2162.5,2592.1441853867013
advanced_seed,2020-11,420703,830.2213396296,1182.5,1352.5,1452.5,1577.5,1737.5,1887.5,2167.5,2554.894232156528
advanced_seed,2020-12,421132,827.8369947506658,1182.5,1352.5,1452.5,1577.5,1737.5,1892.5,2172.5,2589.398575831343
advanced_seed,2021-01,421548,826.2727851244715,1182.5,1352.5,1452.5,1577.5,1737.5,1892.5,2172.5,2589.6625958026034
advanced_seed,2021-02,422000,809.5677217290338,1182.5,1352.5,1452.5,1577.5,1737.5,1892.5,2172.5,2600.194031214667
advanced_seed,2021-03,422315,817.9320728702827,1182.5,1352.5,1452.5,1577.5,1737.5,1887.5,2167.5,2593.797704214363
advanced_seed,2021-04,422997,818.8261315238738,1182.5,1352.5,1447.5,1572.5,1732.5,1887.5,2167.5,2607.4989086574424
advanced_seed,2021-05,424119,812.2218767962187,1182.5,1352.5,1452.5,1577.5,1737.5,1887.5,2167.5,2623.6233889154437
advanced_seed,2021-06,424918,836.0749912255675,1182.5,1352.5,1452.5,1572.5,1732.5,1887.5,2167.5,2618.881894123386
advanced_seed,2021-07,426942,845.7279679625944,1182.5,1352.5,1452.5,1572.5,1732.5,1882.5,2162.5,2626.2288943949175
advanced_seed,2021-08,428806,826.1440178958941,1182.5,1352.5,1447.5,1572.5,1727.5,1882.5,2162.5,2620.26633749612
advanced_seed,2021-09,430943,818.7073575927279,1182.5,1352.5,1447.5,1572.5,1727.5,1882.5,2162.5,2607.6923904618548
advanced_seed,2021-10,432646,845.9056504465569,1182.5,1352.5,1452.5,1572.5,1732.5,1887.5,2167.5,2617.0113213535697
advanced_seed,2021-11,434809,862.3541037197084,1182.5,1352.5,1452.5,1577.5,1732.5,1887.5,2167.5,2626.964611909344
advanced_seed,2021-12,438200,850.897919907701,1182.5,1352.5,1447.5,1572.5,1727.5,1877.5,2162.5,2646.446172263452
advanced_seed,2022-01,441296,861.668751448844,1182.5,1352.5,1452.5,1572.5,1732.5,1882.5,2162.5,2682.7427984652536
advanced_seed,2022-02,443320,861.6493948598204,1187.5,1357.5,1452.5,1572.5,1732.5,1882.5,2167.5,2688.1866957362295
advanced_seed,2022-03,445564,868.0921706183716,1187.5,1357.5,1452.5,1577.5,1732.5,1887.5,2172.5,2711.0671521825166
advanced_seed,2022-04,448299,886.65740045578,1187.5,1357.5,1452.5,1577.5,1732.5,1887.5,2172.5,2684.8562626101584
advanced_seed,2022-05,451898,876.9918374962031,1187.5,1357.5,1452.5,1577.5,1732.5,1887.5,2172.5,2710.80696395581
advanced_seed,2022-06,454636,871.683018938473,1187.5,1357.5,1452.5,1577.5,1737.5,1887.5,2172.5,2659.5566987560724
advanced_seed,2022-07,457524,855.9843963301295,1187.5,1357.5,1452.5,1572.5,1727.5,1882.5,2167.5,2646.9137932608737
advanced_seed,2022-08,460759,873.5773511224697,1187.5,1357.5,1447.5,1572.5,1727.5,1877.5,2162.5,2634.407467516323
advanced_seed,2022-09,463718,836.5263574326801,1187.5,1357.5,1447.5,1572.5,1727.5,1877.5,2162.5,2611.8159221936976
advanced_seed,2022-10,466362,852.9854094379261,1187.5,1357.5,1452.5,1572.5,1727.5,1877.5,2157.5,2603.972310313811
advanced_seed,2022-11,469589,838.2400008164412,1187.5,1352.5,1447.5,1567.5,1722.5,1872.5,2152.5,2593.548574517481
advanced_seed,2022-12,473150,841.4010504585681,1187.5,1352.5,1447.5,1567.5,1722.5,1872.5,2157.5,2632.2842358126663
advanced_seed,2023-01,476049,870.3591187101853,1187.5,1352.5,1447.5,1567.5,1722.5,1877.5,2157.5,2605.780824310349
advanced_seed,2023-02,480059,851.4047727934449,1187.5,1357.5,1447.5,1567.5,1722.5,1877.5,2162.5,2657.6726285646196
advanced_seed,2023-03,483551,868.0845624341665,1187.5,1357.5,1447.5,1567.5,1722.5,1877.5,2162.5,2638.186475850684
advanced_seed,2023-04,486614,860.3651186104674,1187.5,1357.5,1447.5,1567.5,1722.5,1872.5,2162.5,2641.679269156623
advanced_seed,2023-05,490437,845.9895947899456,1187.5,1357.5,1447.5,1567.5,1722.5,1877.5,2157.5,2616.6933227934487
advanced_seed,2023-06,493953,825.8550225623089,1192.5,1357.5,1447.5,1567.5,1727.5,1877.5,2167.5,2635.787390538255
advanced_seed,2023-07,496992,852.7141049732616,1192.5,1357.5,1447.5,1567.5,1727.5,1877.5,2162.5,2625.6527881738166
advanced_seed,2023-08,500593,842.1388829200931,1192.5,1357.5,1447.5,1567.5,1722.5,1877.5,2167.5,2661.8585492497655
advanced_seed,2023-09,504526,834.0236877502709,1192.5,1357.5,1452.5,1567.5,1727.5,1882.5,2167.5,2649.9268635117987
advanced_seed,2023-10,506855,812.3520210171679,1192.5,1357.5,1447.5,1567.5,1722.5,1877.5,2167.5,2651.093327261102
advanced_seed,2023-11,510680,835.8605348104804,1187.5,1352.5,1447.5,1567.5,1722.5,1872.5,2162.5,2653.5024237538846
advanced_seed,2023-12,513968,838.9683665844273,1187.5,1352.5,1447.5,1562.5,1717.5,1872.5,2157.5,2622.332700275485
advanced_seed,2024-01,517402,810.9592683199307,1187.5,1357.5,1447.5,1562.5,1717.5,1872.5,2157.5,2624.2007626166615
advanced_seed,2024-02,521940,853.074666022818,1192.5,1357.5,1452.5,1567.5,1727.5,1882.5,2167.5,2616.73760170202
advanced_seed,2024-03,525982,813.1932162394994,1187.5,1352.5,1447.5,1562.5,1717.5,1872.5,2157.5,2627.9942109089407
advanced_seed,2024-04,529797,794.1326543762609,1187.5,1357.5,1447.5,1562.5,1717.5,1872.5,2157.5,2637.3589299221885
advanced_seed,2024-05,535092,797.8427283502493,1192.5,1357.5,1452.5,1567.5,1722.5,1877.5,2162.5,2669.35757065299
advanced_seed,2024-06,538881,852.5957177728262,1192.5,1357.5,1447.5,1562.5,1717.5,1872.5,2157.5,2610.091721563348
advanced_seed,2024-07,541528,807.0810930114457,1192.5,1357.5,1447.5,1562.5,1717.5,1872.5,2157.5,2636.681346151467
advanced_seed,2024-08,545471,831.816840035001,1187.5,1357.5,1447.5,1562.5,1717.5,1872.5,2162.5,2641.1299840493703
advanced_seed,2024-09,548434,864.7882557191144,1192.5,1357.5,1452.5,1567.5,1722.5,1877.5,2167.5,2627.1840984822857
advanced_seed,2024-10,551044,846.6878645428798,1192.5,1357.5,1452.5,1567.5,1722.5,1877.5,2162.5,2653.1099317087383
advanced_seed,2024-11,554867,793.7469690890287,1192.5,1357.5,1452.5,1567.5,1722.5,1877.5,2167.5,2647.454085888286
advanced_seed,2024-12,558560,829.8296163607772,1187.5,1357.5,1447.5,1562.5,1717.5,1872.5,2157.5,2662.728662020068
advanced_seed,2025-01,562049,830.179821951269,1187.5,1357.5,1447.5,1567.5,1722.5,1877.5,2162.5,2638.137674554008
advanced_seed,2025-02,566253,821.7680807401728,1192.5,1357.5,1447.5,1567.5,1722.5,1877.5,2162.5,2635.541327019481
advanced_seed,2025-03,569841,813.5423989688496,1192.5,1357.5,1447.5,1567.5,1717.5,1872.5,2162.5,2617.792885362503
advanced_seed,2025-04,572901,868.5547652178581,1197.5,1357.5,1452.5,1567.5,1722.5,1877.5,2162.5,2623.279193033244
advanced_seed,2025-05,576432,874.4625727393459,1197.5,1357.5,1452.5,1572.5,1727.5,1882.5,2167.5,2653.758754356321
advanced_seed,2025-06,580020,831.8261336134717,1197.5,1357.5,1452.5,1567.5,1722.5,1877.5,2162.5,2626.3673142222124
advanced_seed,2025-07,583072,855.1526595857684,1197.5,1362.5,1452.5,1572.5,1727.5,1882.5,2172.5,2669.472484551229
advanced_seed,2025-08,586106,849.2369602124978,1197.5,1357.5,1452.5,1572.5,1727.5,1882.5,2172.5,2655.9565779492
advanced_seed,2025-09,588993,819.7897202564768,1197.5,1357.5,1452.5,1572.5,1727.5,1882.5,2167.5,2663.2825350998555
advanced_seed,2025-10,591352,845.2152176797288,1192.5,1357.5,1447.5,1567.5,1722.5,1877.5,2162.5,2628.8533186438126
advanced_seed,2025-11,594327,822.2016400572807,1197.5,1357.5,1452.5,1572.5,1722.5,1877.5,2167.5,2649.2618564881313
advanced_seed,2025-12,597530,821.9374463941422,1192.5,1357.5,1447.5,1567.5,1717.5,1872.5,2162.5,2667.1945134426633
provisional_9_seed,2008-04,35706,988.2370263378529,1182.5,1317.5,1407.5,1502.5,1602.5,1697.5,1857.5,2119.546168967905
provisional_9_seed,2008-07,63413,917.0992096667338,1172.5,1317.5,1407.5,1502.5,1607.5,1702.5,1877.5,2128.036664232831
provisional_9_seed,2008-10,78126,888.8691450743679,1157.5,1307.5,1402.5,1512.5,1622.5,1727.5,1907.5,2141.715098445137
provisional_9_seed,2009-01,88435,924.0938065060242,1137.5,1292.5,1387.5,1497.5,1607.5,1712.5,1907.5,2160.8265647727935
provisional_9_seed,2009-04,96130,844.1472591899176,1127.5,1282.5,1382.5,1497.5,1612.5,1722.5,1922.5,2179.125085871404
provisional_9_seed,2009-07,106936,828.059965067373,1117.5,1277.5,1377.5,1492.5,1612.5,1722.5,1927.5,2156.874715902844
provisional_9_seed,2009-09,111986,856.5368579812136,1107.5,1277.5,1377.5,1497.5,1612.5,1732.5,1947.5,2210.5870983687073
provisional_9_seed,2009-11,115356,825.7610673755528,1097.5,1267.5,1377.5,1497.5,1617.5,1732.5,1957.5,2198.681336990042
provisional_9_seed,2010-01,119145,812.8820709376854,1092.5,1262.5,1372.5,1492.5,1612.5,1732.5,1952.5,2206.397294756156
provisional_9_seed,2010-03,122006,817.4500678227025,1087.5,1262.5,1372.5,1492.5,1617.5,1737.5,1967.5,2278.8181975438742
provisional_9_seed,2010-05,126711,790.6787354322663,1077.5,1257.5,1367.5,1492.5,1622.5,1742.5,1972.5,2244.069214075183
provisional_9_seed,2010-07,130342,778.1502678361842,1062.5,1247.5,1362.5,1492.5,1622.5,1747.5,1977.5,2240.236625753749
provisional_9_seed,2010-09,135161,740.8676111462439,1052.5,1242.5,1357.5,1487.5,1617.5,1742.5,1972.5,2291.4975011515435
provisional_9_seed,2010-11,138572,734.1229253981079,1047.5,1242.5,1357.5,1487.5,1617.5,1742.5,1977.5,2240.98884009647
provisional_9_seed,2011-01,142158,756.6838973985883,1042.5,1232.5,1352.5,1482.5,1612.5,1737.5,1977.5,2271.922609023783
provisional_9_seed,2011-03,145507,755.6013101191361,1027.5,1227.5,1347.5,1477.5,1607.5,1737.5,1977.5,2263.1341719346083
provisional_9_seed,2011-05,149681,710.9357898361618,1027.5,1222.5,1347.5,1477.5,1612.5,1742.5,1982.5,2290.3213038662566
provisional_9_seed,2011-07,153718,700.6299864410441,1017.5,1217.5,1342.5,1477.5,1617.5,1747.5,1987.5,2328.5607643297853
provisional_9_seed,2011-09,158478,690.0973705578875,1017.5,1222.5,1342.5,1477.5,1617.5,1752.5,1997.5,2304.8190329049417
provisional_9_seed,2011-11,162520,710.472162666557,1012.5,1212.5,1337.5,1472.5,1607.5,1742.5,1982.5,2333.6702495049335
provisional_9_seed,2012-01,167627,667.7572309488739,1007.5,1212.5,1337.5,1467.5,1607.5,1737.5,1992.5,2330.3558494959393
provisional_9_seed,2012-03,171133,667.146475841736,1002.5,1207.5,1332.5,1467.5,1602.5,1737.5,1987.5,2321.1053947545915
provisional_9_seed,2012-05,178038,653.6672503374616,987.5,1202.5,1327.5,1462.5,1602.5,1737.5,1992.5,2346.110746664042
provisional_9_seed,2012-07,182593,654.7381933161722,987.5,1197.5,1327.5,1462.5,1602.5,1737.5,1987.5,2335.6584075820183
provisional_9_seed,2012-08,184603,649.4162444373432,982.5,1197.5,1322.5,1457.5,1597.5,1732.5,1987.5,2315.715656898668
provisional_9_seed,2012-09,187074,637.3715322613469,977.5,1192.5,1322.5,1457.5,1602.5,1742.5,1997.5,2362.9833438993755
provisional_9_seed,2012-10,188463,641.3915653549851,977.5,1192.5,1322.5,1457.5,1602.5,1737.5,1997.5,2390.689296179605
provisional_9_seed,2012-11,190357,638.8319470870445,972.5,1192.5,1322.5,1457.5,1602.5,1737.5,1997.5,2397.849502094398
provisional_9_seed,2012-12,192314,645.8984549364862,977.5,1197.5,1322.5,1462.5,1602.5,1742.5,2002.5,2388.517713100917
provisional_9_seed,2013-01,194095,647.4378870589289,972.5,1192.5,1322.5,1462.5,1602.5,1742.5,1997.5,2344.8145117238087
provisional_9_seed,2013-02,195949,636.5681438700253,962.5,1187.5,1317.5,1457.5,1597.5,1737.5,1997.5,2414.739985908962
provisional_9_seed,2013-03,198152,603.3134159063972,957.5,1182.5,1312.5,1452.5,1597.5,1737.5,1997.5,2396.3477509257314
provisional_9_seed,2013-04,200710,600.9930535466524,962.5,1182.5,1317.5,1452.5,1597.5,1737.5,2002.5,2428.737595512078
provisional_9_seed,2013-05,203414,596.5263217166156,962.5,1182.5,1317.5,1457.5,1602.5,1742.5,2002.5,2379.5779863970783
provisional_9_seed,2013-06,206152,572.9460222895368,962.5,1182.5,1317.5,1457.5,1602.5,1742.5,2002.5,2341.709056793811
provisional_9_seed,2013-07,208061,567.6365590574678,962.5,1182.5,1317.5,1452.5,1597.5,1737.5,2002.5,2421.3617776550072
provisional_9_seed,2013-08,210261,579.2616447002567,957.5,1182.5,1312.5,1452.5,1597.5,1742.5,2002.5,2377.1583599717655
provisional_9_seed,2013-09,212122,598.6875553797005,952.5,1177.5,1312.5,1457.5,1602.5,1747.5,2007.5,2390.465428498282
provisional_9_seed,2013-10,214079,612.0869772608562,952.5,1177.5,1312.5,1452.5,1602.5,1742.5,2007.5,2411.250944211798
provisional_9_seed,2013-11,216091,602.8999344104236,952.5,1182.5,1312.5,1457.5,1602.5,1747.5,2017.5,2424.3745712735035
provisional_9_seed,2013-12,218026,560.0227411232083,947.5,1172.5,1312.5,1452.5,1602.5,1742.5,2007.5,2367.271066040984
provisional_9_seed,2014-01,220322,556.8627023115243,942.5,1172.5,1307.5,1452.5,1602.5,1742.5,2007.5,2388.743153022891
provisional_9_seed,2014-02,222921,537.8855822014307,932.5,1167.5,1302.5,1447.5,1597.5,1742.5,2012.5,2409.56627659679
provisional_9_seed,2014-03,224736,553.3443844933922,932.5,1167.5,1302.5,1447.5,1597.5,1737.5,2012.5,2467.0576526571103
provisional_9_seed,2014-04,226783,536.527017868044,932.5,1167.5,1302.5,1447.5,1597.5,1742.5,2012.5,2452.3312960325743
provisional_9_seed,2014-05,229831,556.5975968313458,932.5,1162.5,1302.5,1447.5,1597.5,1742.5,2012.5,2405.345034679977
provisional_9_seed,2014-06,232388,576.1844821629027,932.5,1167.5,1307.5,1447.5,1602.5,1742.5,2012.5,2401.231605495303
provisional_9_seed,2014-07,234772,563.3418256661137,927.5,1162.5,1302.5,1447.5,1597.5,1742.5,2007.5,2412.790064982727
provisional_9_seed,2014-08,237112,576.3788465935946,927.5,1162.5,1302.5,1447.5,1597.5,1742.5,2012.5,2391.9226998341883
provisional_9_seed,2014-09,239031,556.1227190905543,922.5,1157.5,1297.5,1442.5,1597.5,1742.5,2012.5,2386.3241688881585
provisional_9_seed,2014-10,241314,573.2897218683001,922.5,1157.5,1297.5,1442.5,1597.5,1742.5,2012.5,2458.3197374159286
provisional_9_seed,2014-11,243994,576.2487258197749,927.5,1162.5,1302.5,1447.5,1597.5,1747.5,2017.5,2403.6022498378243
provisional_9_seed,2014-12,246568,577.2618232919549,927.5,1157.5,1302.5,1447.5,1597.5,1742.5,2017.5,2387.9110565764245
provisional_9_seed,2015-01,249606,572.0054374963494,922.5,1152.5,1297.5,1442.5,1592.5,1742.5,2012.5,2416.8632259289197
provisional_9_seed,2015-02,252154,552.6340141038527,917.5,1152.5,1292.5,1437.5,1592.5,1737.5,2012.5,2448.3546838710968
provisional_9_seed,2015-03,254504,567.441966377712,917.5,1147.5,1292.5,1437.5,1587.5,1737.5,2012.5,2447.1243710930376
provisional_9_seed,2015-04,256990,548.1366421141357,912.5,1147.5,1292.5,1437.5,1592.5,1737.5,2012.5,2421.027174635826
provisional_9_seed,2015-05,260361,526.9087148948054,907.5,1142.5,1287.5,1437.5,1592.5,1737.5,2012.5,2431.8228845758463
provisional_9_seed,2015-06,263697,551.2887515892126,912.5,1147.5,1287.5,1437.5,1592.5,1737.5,2012.5,2430.7936132634445
provisional_9_seed,2015-07,266375,526.8823164626461,907.5,1142.5,1287.5,1432.5,1587.5,1737.5,2012.5,2485.2654798361573
provisional_9_seed,2015-08,269027,542.09943142105,902.5,1142.5,1282.5,1432.5,1587.5,1737.5,2012.5,2428.8608358499955
provisional_9_seed,2015-09,271697,532.7076379428106,907.5,1142.5,1287.5,1437.5,1592.5,1737.5,2022.5,2461.1628036134894
provisional_9_seed,2015-10,273996,550.5776965207044,902.5,1137.5,1282.5,1432.5,1587.5,1737.5,2017.5,2444.946330605372
provisional_9_seed,2015-11,276727,540.618027446241,897.5,1137.5,1282.5,1437.5,1592.5,1742.5,2017.5,2424.269220414859
provisional_9_seed,2015-12,279452,519.8108677229496,902.5,1142.5,1282.5,1437.5,1592.5,1737.5,2017.5,2430.973606581369
provisional_9_seed,2016-01,282958,520.2063905242443,897.5,1137.5,1277.5,1432.5,1587.5,1732.5,2012.5,2410.975896487902
provisional_9_seed,2016-02,285934,515.1306343198652,892.5,1132.5,1272.5,1427.5,1582.5,1732.5,2012.5,2408.0510954035576
provisional_9_seed,2016-03,288812,521.781874651497,897.5,1132.5,1277.5,1432.5,1587.5,1732.5,2012.5,2408.110025412497
provisional_9_seed,2016-04,291822,515.2155520019454,897.5,1132.5,1277.5,1432.5,1587.5,1732.5,2012.5,2429.9508684735506
provisional_9_seed,2016-05,294577,526.1296707366728,897.5,1132.5,1277.5,1432.5,1587.5,1737.5,2012.5,2447.1692209279113
provisional_9_seed,2016-06,297892,522.9730085764276,897.5,1127.5,1272.5,1427.5,1582.5,1732.5,2012.5,2409.0913377799366
provisional_9_seed,2016-07,300285,513.4703472165412,897.5,1127.5,1272.5,1427.5,1587.5,1732.5,2012.5,2391.769245264522
provisional_9_seed,2016-08,303374,470.57239739179,892.5,1127.5,1272.5,1427.5,1582.5,1732.5,2012.5,2432.327221482905
provisional_9_seed,2016-09,306107,468.89066559979,887.5,1122.5,1267.5,1422.5,1577.5,1727.5,2007.5,2394.279653984259
provisional_9_seed,2016-10,308218,468.71076788450506,887.5,1122.5,1267.5,1422.5,1582.5,1727.5,2007.5,2396.9820330529733
provisional_9_seed,2016-11,311147,464.656493279361,887.5,1122.5,1267.5,1422.5,1577.5,1727.5,2012.5,2417.6454162460195
provisional_9_seed,2016-12,313960,462.95166828183295,887.5,1122.5,1272.5,1427.5,1587.5,1732.5,2017.5,2428.9779435751802
provisional_9_seed,2017-01,317775,466.9813689858454,887.5,1122.5,1267.5,1422.5,1582.5,1727.5,2012.5,2389.4391358589382
provisional_9_seed,2017-02,320759,455.9380901156115,882.5,1117.5,1262.5,1422.5,1577.5,1727.5,2012.5,2385.197934783394
provisional_9_seed,2017-03,322957,500.6676897943474,882.5,1117.5,1267.5,1422.5,1582.5,1732.5,2012.5,2422.8832183715103
provisional_9_seed,2017-04,325913,488.5109392699199,877.5,1117.5,1262.5,1422.5,1582.5,1732.5,2017.5,2466.7834595899712
provisional_9_seed,2017-05,328980,491.49050850559195,877.5,1117.5,1262.5,1422.5,1582.5,1732.5,2012.5,2398.0257578961928
provisional_9_seed,2017-06,331640,505.87134396297023,882.5,1117.5,1267.5,1422.5,1582.5,1732.5,2017.5,2390.306161165579
provisional_9_seed,2017-07,334347,493.21369277510706,882.5,1117.5,1262.5,1422.5,1582.5,1732.5,2012.5,2405.6822850274357
provisional_9_seed,2017-08,337129,477.32609222024246,877.5,1112.5,1262.5,1422.5,1582.5,1732.5,2012.5,2409.3098564632373
provisional_9_seed,2017-09,339880,482.6149748060359,877.5,1112.5,1262.5,1422.5,1577.5,1732.5,2017.5,2468.699783504145
provisional_9_seed,2017-10,342003,481.9068873337063,877.5,1112.5,1257.5,1417.5,1577.5,1727.5,2012.5,2404.752105453959
provisional_9_seed,2017-11,344390,470.87599399930247,877.5,1112.5,1262.5,1422.5,1582.5,1732.5,2017.5,2413.447071951731
provisional_9_seed,2017-12,347525,481.41665004565294,877.5,1112.5,1257.5,1422.5,1582.5,1732.5,2017.5,2458.91548651315
provisional_9_seed,2018-01,350594,477.4782055490294,872.5,1112.5,1257.5,1417.5,1577.5,1732.5,2017.5,2438.818360468759
provisional_9_seed,2018-02,353502,483.5190415274631,877.5,1112.5,1257.5,1422.5,1582.5,1732.5,2017.5,2470.9367879264064
provisional_9_seed,2018-03,355978,495.49894002129884,877.5,1112.5,1257.5,1417.5,1577.5,1732.5,2012.5,2429.0748246847975
provisional_9_seed,2018-04,358254,493.0424137435957,877.5,1107.5,1257.5,1417.5,1582.5,1732.5,2017.5,2439.636666277049
provisional_9_seed,2018-05,361594,481.4967267331101,872.5,1107.5,1252.5,1417.5,1582.5,1732.5,2017.5,2462.3347624234775
provisional_9_seed,2018-06,364493,489.314481771935,872.5,1107.5,1257.5,1417.5,1577.5,1732.5,2012.5,2447.1456299062274
provisional_9_seed,2018-07,367002,487.9967334292861,872.5,1107.5,1252.5,1417.5,1577.5,1727.5,2012.5,2434.627750722664
provisional_9_seed,2018-08,370041,484.45345326061585,867.5,1102.5,1247.5,1412.5,1572.5,1722.5,2007.5,2455.4416221345873
provisional_9_seed,2018-09,372716,489.2469574568696,867.5,1102.5,1252.5,1412.5,1572.5,1727.5,2007.5,2443.7950833434716
provisional_9_seed,2018-10,374320,486.84160354678227,867.5,1102.5,1252.5,1412.5,1577.5,1727.5,2012.5,2450.1362197994367
provisional_9_seed,2018-11,376598,487.44773794791155,867.5,1102.5,1252.5,1417.5,1577.5,1732.5,2017.5,2449.748418309074
provisional_9_seed,2018-12,379292,492.42463109601715,867.5,1102.5,1252.5,1412.5,1577.5,1727.5,2017.5,2477.872255725537
provisional_9_seed,2019-01,382258,487.9594609706063,867.5,1102.5,1247.5,1412.5,1572.5,1727.5,2012.5,2441.45282129886
provisional_9_seed,2019-02,385227,480.43844710824845,862.5,1102.5,1252.5,1412.5,1577.5,1732.5,2017.5,2470.5563138427306
provisional_9_seed,2019-03,387207,491.98446864880754,867.5,1102.5,1247.5,1412.5,1572.5,1727.5,2012.5,2448.8449715657603
provisional_9_seed,2019-04,389783,481.139129394899,867.5,1102.5,1247.5,1412.5,1577.5,1732.5,2017.5,2450.082299778496
provisional_9_seed,2019-05,393041,465.87951225315044,867.5,1102.5,1247.5,1412.5,1577.5,1727.5,2012.5,2471.7469721905254
provisional_9_seed,2019-06,395348,487.59845315583976,867.5,1102.5,1247.5,1412.5,1572.5,1727.5,2012.5,2482.0593875322324
provisional_9_seed,2019-07,397811,477.0956208832187,867.5,1102.5,1247.5,1412.5,1577.5,1727.5,2017.5,2452.6296951065806
provisional_9_seed,2019-08,400598,457.97921200402044,862.5,1102.5,1247.5,1412.5,1577.5,1732.5,2017.5,2481.563996881117
provisional_9_seed,2019-09,403401,482.7119816439541,867.5,1102.5,1247.5,1412.5,1572.5,1727.5,2012.5,2449.981922371051
provisional_9_seed,2019-10,405002,469.7876530480761,862.5,1102.5,1247.5,1407.5,1572.5,1727.5,2017.5,2490.1037180255285
provisional_9_seed,2019-11,407499,477.38735068520947,867.5,1102.5,1247.5,1412.5,1572.5,1727.5,2017.5,2458.359074138532
provisional_9_seed,2019-12,410364,462.8280400387019,862.5,1097.5,1247.5,1407.5,1572.5,1722.5,2012.5,2457.749015547276
provisional_9_seed,2020-01,412890,464.19686626972015,862.5,1102.5,1247.5,1412.5,1572.5,1727.5,2017.5,2476.9020610695084
provisional_9_seed,2020-02,415476,463.43020212906697,862.5,1097.5,1242.5,1407.5,1572.5,1727.5,2012.5,2487.9906978877725
provisional_9_seed,2020-03,417248,504.3292431024017,862.5,1097.5,1242.5,1407.5,1567.5,1722.5,2012.5,2472.7239610331235
provisional_9_seed,2020-04,418821,482.0815845542814,862.5,1097.5,1242.5,1407.5,1572.5,1722.5,2012.5,2448.587682903144
provisional_9_seed,2020-05,418959,489.7443923806818,862.5,1097.5,1242.5,1407.5,1572.5,1722.5,2012.5,2451.959255579806
provisional_9_seed,2020-06,419092,492.0666678041921,862.5,1097.5,1242.5,1407.5,1572.5,1727.5,2012.5,2441.437397004116
provisional_9_seed,2020-07,419101,491.8562274666188,862.5,1097.5,1242.5,1407.5,1572.5,1727.5,2012.5,2441.2666144597015
provisional_9_seed,2020-08,419308,494.3057357761019,862.5,1097.5,1242.5,1407.5,1567.5,1722.5,2012.5,2440.390774100518
provisional_9_seed,2020-09,419735,476.3915059027061,862.5,1097.5,1242.5,1407.5,1572.5,1727.5,2012.5,2441.228744562151
provisional_9_seed,2020-10,420244,498.6713846416767,862.5,1097.5,1242.5,1407.5,1567.5,1722.5,2012.5,2448.979810141522
provisional_9_seed,2020-11,420703,499.0082931143444,862.5,1097.5,1242.5,1407.5,1572.5,1727.5,2012.5,2443.1652982418896
provisional_9_seed,2020-12,421132,497.1320308840038,862.5,1097.5,1242.5,1407.5,1572.5,1732.5,2017.5,2439.40021662719
provisional_9_seed,2021-01,421548,498.98740027360725,862.5,1097.5,1242.5,1407.5,1572.5,1732.5,2017.5,2442.5131221244483
provisional_9_seed,2021-02,422000,497.10222988547264,862.5,1097.5,1242.5,1407.5,1572.5,1727.5,2017.5,2461.0613875552
provisional_9_seed,2021-03,422315,504.0999526213983,862.5,1097.5,1242.5,1407.5,1572.5,1727.5,2012.5,2452.315149947678
provisional_9_seed,2021-04,422997,501.3080015801799,862.5,1097.5,1242.5,1407.5,1572.5,1727.5,2012.5,2446.5085242462774
provisional_9_seed,2021-05,424119,491.720076527722,862.5,1097.5,1242.5,1407.5,1572.5,1727.5,2017.5,2445.4125237567596
provisional_9_seed,2021-06,424918,501.9608743885855,862.5,1097.5,1242.5,1407.5,1572.5,1727.5,2017.5,2456.5991747726266
provisional_9_seed,2021-07,426942,495.79593673269403,862.5,1097.5,1242.5,1407.5,1572.5,1727.5,2017.5,2448.116491190617
provisional_9_seed,2021-08,428806,476.82780711623064,862.5,1097.5,1242.5,1407.5,1567.5,1722.5,2012.5,2443.8440911489724
provisional_9_seed,2021-09,430943,478.5319408886801,862.5,1097.5,1242.5,1407.5,1567.5,1722.5,2017.5,2458.9597343564915
provisional_9_seed,2021-10,432646,478.80291380225447,862.5,1097.5,1242.5,1407.5,1572.5,1727.5,2017.5,2466.168120975397
provisional_9_seed,2021-11,434809,476.85189863960966,867.5,1102.5,1247.5,1407.5,1572.5,1727.5,2017.5,2476.6046509090124
provisional_9_seed,2021-12,438200,475.9772828622595,862.5,1097.5,1242.5,1407.5,1567.5,1722.5,2017.5,2493.905592140226
provisional_9_seed,2022-01,441296,475.83451211454656,867.5,1102.5,1247.5,1407.5,1572.5,1727.5,2017.5,2538.0336514326054
provisional_9_seed,2022-02,443320,475.6224779368697,872.5,1102.5,1247.5,1407.5,1572.5,1727.5,2017.5,2544.379249478775
provisional_9_seed,2022-03,445564,481.4437868818469,872.5,1102.5,1247.5,1412.5,1572.5,1727.5,2017.5,2562.663309174993
provisional_9_seed,2022-04,448299,504.76371263217925,867.5,1102.5,1247.5,1407.5,1572.5,1727.5,2017.5,2533.467242017298
provisional_9_seed,2022-05,451898,498.5982197029948,872.5,1102.5,1247.5,1407.5,1572.5,1722.5,2017.5,2549.7517825805444
provisional_9_seed,2022-06,454636,475.0024027958011,872.5,1102.5,1247.5,1407.5,1572.5,1727.5,2017.5,2506.0840102709612
provisional_9_seed,2022-07,457524,486.35315629899395,872.5,1102.5,1242.5,1407.5,1567.5,1722.5,2012.5,2493.8625880403083
provisional_9_seed,2022-08,460759,489.3392681639252,872.5,1102.5,1242.5,1402.5,1567.5,1717.5,2007.5,2493.2830226063897
provisional_9_seed,2022-09,463718,494.48446810598597,872.5,1102.5,1242.5,1402.5,1567.5,1717.5,2007.5,2453.528658530351
provisional_9_seed,2022-10,466362,488.6658017685113,872.5,1102.5,1242.5,1402.5,1567.5,1717.5,2007.5,2443.4928271413023
provisional_9_seed,2022-11,469589,502.09712400034755,872.5,1102.5,1242.5,1402.5,1562.5,1717.5,2002.5,2439.368458659168
provisional_9_seed,2022-12,473150,490.9528575492274,872.5,1102.5,1242.5,1402.5,1562.5,1717.5,2012.5,2476.809267443005
provisional_9_seed,2023-01,476049,522.2551597530424,872.5,1102.5,1242.5,1402.5,1562.5,1717.5,2012.5,2454.8567791741625
provisional_9_seed,2023-02,480059,514.7092526215519,877.5,1102.5,1242.5,1402.5,1562.5,1717.5,2012.5,2512.378953402688
provisional_9_seed,2023-03,483551,520.9669456752565,877.5,1102.5,1242.5,1402.5,1562.5,1717.5,2012.5,2498.734963707436
provisional_9_seed,2023-04,486614,521.4626014515527,877.5,1102.5,1242.5,1402.5,1562.5,1717.5,2017.5,2501.993935016848
provisional_9_seed,2023-05,490437,521.085042471794,877.5,1102.5,1237.5,1397.5,1562.5,1712.5,2007.5,2467.6224847941644
provisional_9_seed,2023-06,493953,517.5842771319233,877.5,1102.5,1242.5,1402.5,1562.5,1717.5,2012.5,2491.869132321064
provisional_9_seed,2023-07,496992,517.4417893868489,877.5,1102.5,1242.5,1402.5,1562.5,1722.5,2012.5,2475.047235806599
provisional_9_seed,2023-08,500593,508.4742131299148,877.5,1102.5,1242.5,1397.5,1562.5,1717.5,2012.5,2505.689157996004
provisional_9_seed,2023-09,504526,502.01836348898314,877.5,1102.5,1242.5,1402.5,1562.5,1722.5,2017.5,2513.4598052993015
provisional_9_seed,2023-10,506855,492.87176183943814,877.5,1102.5,1237.5,1397.5,1562.5,1717.5,2017.5,2511.979993144702
provisional_9_seed,2023-11,510680,500.1591435905615,877.5,1102.5,1237.5,1397.5,1562.5,1717.5,2017.5,2510.8949983850775
provisional_9_seed,2023-12,513968,525.3511181757837,872.5,1097.5,1237.5,1397.5,1557.5,1712.5,2007.5,2472.171958549519
provisional_9_seed,2024-01,517402,504.50713883634614,877.5,1102.5,1237.5,1397.5,1557.5,1717.5,2012.5,2479.374176187244
provisional_9_seed,2024-02,521940,505.3976862093332,877.5,1102.5,1242.5,1397.5,1562.5,1722.5,2017.5,2467.822611864273
provisional_9_seed,2024-03,525982,488.07953559417746,872.5,1097.5,1237.5,1392.5,1557.5,1712.5,2012.5,2475.901550089091
provisional_9_seed,2024-04,529797,482.59333984850684,877.5,1097.5,1237.5,1392.5,1552.5,1707.5,2002.5,2479.2823097487235
provisional_9_seed,2024-05,535092,490.407688170751,877.5,1102.5,1237.5,1397.5,1557.5,1712.5,2007.5,2510.1602030373665
provisional_9_seed,2024-06,538881,527.1970062463407,877.5,1097.5,1237.5,1392.5,1552.5,1707.5,2002.5,2447.7744355425853
provisional_9_seed,2024-07,541528,493.0410863621718,877.5,1097.5,1232.5,1392.5,1552.5,1707.5,2002.5,2482.5163341172197
provisional_9_seed,2024-08,545471,521.1499968853873,877.5,1097.5,1237.5,1392.5,1552.5,1707.5,2007.5,2482.3193496757212
provisional_9_seed,2024-09,548434,528.0077098082617,877.5,1102.5,1237.5,1392.5,1552.5,1707.5,2002.5,2461.61057234911
provisional_9_seed,2024-10,551044,526.4396626353471,882.5,1102.5,1237.5,1392.5,1557.5,1707.5,2007.5,2498.560874997362
provisional_9_seed,2024-11,554867,491.6471937755617,882.5,1102.5,1237.5,1397.5,1557.5,1712.5,2007.5,2496.3225501138663
provisional_9_seed,2024-12,558560,522.4988629815587,877.5,1097.5,1232.5,1392.5,1552.5,1707.5,2002.5,2514.06543898285
provisional_9_seed,2025-01,562049,526.349492023919,877.5,1097.5,1237.5,1392.5,1557.5,1712.5,2007.5,2485.0669717062588
provisional_9_seed,2025-02,566253,513.3601817489792,882.5,1102.5,1237.5,1392.5,1557.5,1712.5,2007.5,2481.8447980300643
provisional_9_seed,2025-03,569841,509.6518969094515,882.5,1097.5,1237.5,1392.5,1557.5,1712.5,2007.5,2468.223563690197
provisional_9_seed,2025-04,572901,524.9622571020831,887.5,1102.5,1237.5,1392.5,1557.5,1712.5,2007.5,2468.2196762286076
provisional_9_seed,2025-05,576432,524.0530726305282,882.5,1102.5,1237.5,1392.5,1557.5,1712.5,2007.5,2494.5842585847568
provisional_9_seed,2025-06,580020,520.9586994173011,882.5,1097.5,1232.5,1392.5,1552.5,1707.5,2002.5,2468.165579100003
provisional_9_seed,2025-07,583072,530.0263217600323,882.5,1102.5,1237.5,1392.5,1557.5,1712.5,2007.5,2503.071983318392
provisional_9_seed,2025-08,586106,523.9050465137545,882.5,1097.5,1232.5,1392.5,1552.5,1712.5,2007.5,2499.38964098293
provisional_9_seed,2025-09,588993,503.37165322799103,882.5,1097.5,1232.5,1392.5,1552.5,1707.5,2007.5,2521.1789451187738
provisional_9_seed,2025-10,591352,521.5073218490729,877.5,1097.5,1232.5,1387.5,1552.5,1702.5,1997.5,2507.287311233596
provisional_9_seed,2025-11,594327,519.0349692920074,882.5,1102.5,1232.5,1392.5,1552.5,1707.5,2007.5,2511.5293238094305
provisional_9_seed,2025-12,597530,523.6881307018101,882.5,1097.5,1232.5,1387.5,1552.5,1707.5,2007.5,2520.1953819144737
provisional_full,2008-04,35706,1044.3457205327193,1222.5,1342.5,1422.5,1507.5,1602.5,1697.5,1862.5,2214.8652376950513
provisional_full,2008-07,63413,990.9299904502259,1232.5,1357.5,1437.5,1532.5,1632.5,1727.5,1917.5,2237.957347336259
provisional_full,2008-10,78126,945.7847470609556,1217.5,1367.5,1457.5,1562.5,1672.5,1782.5,1977.5,2287.375195817607
provisional_full,2009-01,88435,927.3026927469973,1222.5,1367.5,1457.5,1567.5,1682.5,1792.5,2012.5,2333.364419206192
provisional_full,2009-04,96130,926.8973797669398,1212.5,1362.5,1457.5,1572.5,1697.5,1812.5,2042.5,2401.7565705334428
provisional_full,2009-07,106936,930.0708500545776,1212.5,1367.5,1462.5,1582.5,1702.5,1827.5,2062.5,2371.623841476675
provisional_full,2009-09,111986,927.4744938284196,1217.5,1377.5,1477.5,1597.5,1727.5,1852.5,2107.5,2457.0586463247178
provisional_full,2009-11,115356,929.1711182485794,1222.5,1382.5,1482.5,1607.5,1742.5,1872.5,2127.5,2448.162954246907
provisional_full,2010-01,119145,931.3608753688189,1217.5,1382.5,1487.5,1617.5,1752.5,1882.5,2137.5,2472.7497897469307
provisional_full,2010-03,122006,932.8017081294059,1222.5,1387.5,1492.5,1622.5,1762.5,1902.5,2167.5,2694.0722903492856
provisional_full,2010-05,126711,933.4278079230813,1217.5,1387.5,1497.5,1632.5,1777.5,1917.5,2182.5,2677.1756964001997
provisional_full,2010-07,130342,933.1391090283619,1212.5,1382.5,1497.5,1637.5,1787.5,1927.5,2202.5,2609.6074150718296
provisional_full,2010-09,135161,929.8025193627101,1217.5,1387.5,1502.5,1642.5,1797.5,1937.5,2212.5,2623.5321979326054
provisional_full,2010-11,138572,741.3813642189215,1222.5,1392.5,1507.5,1652.5,1802.5,1947.5,2222.5,2602.515936846732
provisional_full,2011-01,142158,741.5313650121112,1227.5,1397.5,1512.5,1652.5,1802.5,1942.5,2232.5,2615.667768690252
provisional_full,2011-03,145507,741.5135094905237,1217.5,1392.5,1507.5,1647.5,1802.5,1947.5,2227.5,2584.2097947659013
provisional_full,2011-05,149681,743.7143904630282,1217.5,1392.5,1512.5,1657.5,1812.5,1957.5,2252.5,2818.9896552455375
provisional_full,2011-07,153718,743.1518819135734,1212.5,1392.5,1512.5,1662.5,1822.5,1967.5,2257.5,2780.791946160046
provisional_full,2011-09,158478,745.3911039357911,1222.5,1402.5,1517.5,1672.5,1832.5,1982.5,2277.5,2682.6718016122645
provisional_full,2011-11,162520,744.186500692536,1227.5,1402.5,1522.5,1672.5,1832.5,1982.5,2272.5,2711.010703779096
provisional_full,2012-01,167627,743.9821901111842,1232.5,1407.5,1522.5,1672.5,1832.5,1982.5,2287.5,2724.7665765488614
provisional_full,2012-03,171133,742.5163080870288,1227.5,1397.5,1517.5,1667.5,1832.5,1987.5,2287.5,2725.3462878992577
provisional_full,2012-05,178038,741.4037177690692,1222.5,1397.5,1512.5,1667.5,1837.5,1992.5,2297.5,2770.135518655543
provisional_full,2012-07,182593,741.5733117713065,1222.5,1397.5,1517.5,1672.5,1837.5,1992.5,2297.5,2769.3994834238747
provisional_full,2012-08,184603,742.9292375924945,1222.5,1397.5,1517.5,1667.5,1832.5,1992.5,2302.5,2765.5536317545793
provisional_full,2012-09,187074,742.0667870003782,1227.5,1402.5,1522.5,1677.5,1847.5,2002.5,2312.5,2809.777880100769
provisional_full,2012-10,188463,743.6287334176552,1222.5,1402.5,1522.5,1682.5,1847.5,2007.5,2322.5,2860.0606783361645
provisional_full,2012-11,190357,744.2832655420078,1227.5,1402.5,1522.5,1682.5,1852.5,2012.5,2327.5,2903.9199064945633
provisional_full,2012-12,192314,744.3069393978594,1227.5,1407.5,1527.5,1687.5,1857.5,2017.5,2332.5,2860.902165995709
provisional_full,2013-01,194095,742.9898289253308,1227.5,1407.5,1527.5,1687.5,1857.5,2022.5,2337.5,2880.633355545443
provisional_full,2013-02,195949,742.2883561671748,1222.5,1402.5,1522.5,1682.5,1857.5,2022.5,2342.5,2930.5293901630657
provisional_full,2013-03,198152,742.048427354149,1212.5,1397.5,1517.5,1682.5,1857.5,2022.5,2337.5,2939.978311354869
provisional_full,2013-04,200710,742.5970866832149,1222.5,1397.5,1522.5,1682.5,1857.5,2022.5,2347.5,2963.6569984759003
provisional_full,2013-05,203414,741.7211769672871,1222.5,1402.5,1522.5,1687.5,1867.5,2032.5,2352.5,2926.902878922273
provisional_full,2013-06,206152,741.6540674537375,1227.5,1407.5,1527.5,1692.5,1867.5,2032.5,2357.5,2933.149763893483
provisional_full,2013-07,208061,742.1610933448612,1227.5,1407.5,1527.5,1692.5,1867.5,2037.5,2362.5,2961.165164317136
provisional_full,2013-08,210261,743.4539308426587,1227.5,1407.5,1532.5,1697.5,1877.5,2042.5,2367.5,2926.047764807409
provisional_full,2013-09,212122,744.8627807923746,1227.5,1407.5,1532.5,1707.5,1887.5,2052.5,2372.5,2922.998369995371
provisional_full,2013-10,214079,746.1376898624862,1227.5,1412.5,1537.5,1702.5,1882.5,2052.5,2382.5,3002.7979662436005
provisional_full,2013-11,216091,746.3219918346205,1232.5,1412.5,1537.5,1712.5,1892.5,2062.5,2392.5,3012.9413473710683
provisional_full,2013-12,218026,745.8835562446028,1227.5,1412.5,1537.5,1707.5,1892.5,2062.5,2387.5,2980.1678227804423
provisional_full,2014-01,220322,745.7119513351488,1227.5,1412.5,1537.5,1712.5,1897.5,2067.5,2397.5,3024.6703164187547
provisional_full,2014-02,222921,747.1228751624678,1227.5,1407.5,1532.5,1707.5,1897.5,2067.5,2407.5,3038.2914939808015
provisional_full,2014-03,224736,746.8370360547187,1227.5,1407.5,1532.5,1707.5,1892.5,2067.5,2407.5,3076.4723318860115
provisional_full,2014-04,226783,746.9910715461925,1227.5,1407.5,1532.5,1707.5,1897.5,2072.5,2412.5,3070.4675757249674
provisional_full,2014-05,229831,746.1826049027648,1227.5,1407.5,1537.5,1712.5,1902.5,2077.5,2407.5,3048.7416701960856
provisional_full,2014-06,232388,745.7513567151138,1227.5,1412.5,1537.5,1717.5,1907.5,2082.5,2417.5,3075.082327538619
provisional_full,2014-07,234772,745.1300034542492,1227.5,1407.5,1537.5,1712.5,1902.5,2082.5,2417.5,3071.97645205888
provisional_full,2014-08,237112,746.1974448127587,1227.5,1412.5,1542.5,1717.5,1907.5,2082.5,2422.5,3040.982638871977
provisional_full,2014-09,239031,746.7762237259749,1222.5,1407.5,1537.5,1717.5,1912.5,2087.5,2427.5,3035.5207445385977
provisional_full,2014-10,241314,746.3551933246504,1227.5,1412.5,1537.5,1722.5,1912.5,2087.5,2427.5,3108.9136289827475
provisional_full,2014-11,243994,746.4684881605139,1232.5,1417.5,1547.5,1732.5,1922.5,2097.5,2437.5,3064.3622791160656
provisional_full,2014-12,246568,746.9706915580028,1232.5,1417.5,1547.5,1727.5,1922.5,2097.5,2437.5,3046.0152023034207
provisional_full,2015-01,249606,746.6398556930363,1227.5,1412.5,1542.5,1722.5,1917.5,2097.5,2437.5,3036.091346942637
provisional_full,2015-02,252154,746.0148268745594,1227.5,1412.5,1537.5,1717.5,1912.5,2092.5,2437.5,3082.9004769253816
provisional_full,2015-03,254504,746.455241883495,1227.5,1412.5,1537.5,1717.5,1912.5,2092.5,2432.5,3054.633905229537
provisional_full,2015-04,256990,746.1591065727816,1227.5,1412.5,1537.5,1722.5,1917.5,2092.5,2437.5,3045.663356007579
provisional_full,2015-05,260361,745.4763423300811,1227.5,1407.5,1537.5,1722.5,1917.5,2102.5,2442.5,3119.6454033256136
provisional_full,2015-06,263697,744.8686554638886,1227.5,1412.5,1542.5,1722.5,1917.5,2102.5,2442.5,3111.180299195332
provisional_full,2015-07,266375,745.7618027018447,1227.5,1412.5,1537.5,1722.5,1917.5,2097.5,2447.5,3138.8208818188414
provisional_full,2015-08,269027,747.3169685281853,1222.5,1407.5,1537.5,1722.5,1917.5,2097.5,2447.5,3087.5475083678884
provisional_full,2015-09,271697,747.9560400690705,1227.5,1412.5,1542.5,1727.5,1922.5,2107.5,2462.5,3137.9756605185285
provisional_full,2015-10,273996,748.2682075272169,1222.5,1407.5,1542.5,1722.5,1917.5,2102.5,2457.5,3132.851732781946
provisional_full,2015-11,276727,746.8303665949737,1222.5,1407.5,1537.5,1722.5,1922.5,2102.5,2462.5,3120.187490967761
provisional_full,2015-12,279452,747.0272855680939,1222.5,1407.5,1537.5,1722.5,1922.5,2102.5,2462.5,3107.023709792117
provisional_full,2016-01,282958,748.27603085692,1222.5,1407.5,1537.5,1717.5,1912.5,2097.5,2457.5,3098.4600053012964
provisional_full,2016-02,285934,746.9199933023854,1222.5,1407.5,1532.5,1712.5,1907.5,2092.5,2457.5,3085.4033653935094
provisional_full,2016-03,288812,746.2915237801285,1222.5,1407.5,1537.5,1722.5,1917.5,2097.5,2457.5,3064.8851602142113
provisional_full,2016-04,291822,746.6947141913951,1222.5,1407.5,1542.5,1722.5,1917.5,2102.5,2457.5,3135.9259086449874
provisional_full,2016-05,294577,748.4317908399648,1222.5,1407.5,1537.5,1722.5,1922.5,2107.5,2462.5,3150.888926272854
provisional_full,2016-06,297892,749.6644944925182,1222.5,1407.5,1537.5,1722.5,1917.5,2102.5,2462.5,3170.503116674805
provisional_full,2016-07,300285,750.7116108243666,1222.5,1407.5,1537.5,1722.5,1922.5,2107.5,2462.5,3141.4145428210963
provisional_full,2016-08,303374,751.7588040268091,1222.5,1407.5,1537.5,1722.5,1917.5,2102.5,2462.5,3183.269438762543
provisional_full,2016-09,306107,751.5933208127287,1217.5,1402.5,1532.5,1717.5,1912.5,2097.5,2467.5,3162.845468479465
provisional_full,2016-10,308218,752.6051630849405,1217.5,1402.5,1532.5,1717.5,1912.5,2097.5,2467.5,3163.901466155222
provisional_full,2016-11,311147,752.568205580831,1217.5,1402.5,1532.5,1717.5,1912.5,2102.5,2472.5,3176.041430986848
provisional_full,2016-12,313960,752.3022133793116,1217.5,1407.5,1537.5,1722.5,1922.5,2107.5,2477.5,3140.108575996358
provisional_full,2017-01,317775,752.4516939010194,1217.5,1402.5,1532.5,1717.5,1917.5,2102.5,2467.5,3129.8417577197765
provisional_full,2017-02,320759,752.700786084787,1212.5,1402.5,1532.5,1712.5,1917.5,2102.5,2472.5,3146.990845108801
provisional_full,2017-03,322957,752.9083970255483,1217.5,1402.5,1532.5,1717.5,1917.5,2107.5,2472.5,3249.3355222767636
provisional_full,2017-04,325913,754.486976274877,1212.5,1397.5,1532.5,1717.5,1917.5,2107.5,2482.5,3260.2182130830056
provisional_full,2017-05,328980,753.1967424331312,1217.5,1402.5,1532.5,1717.5,1922.5,2107.5,2477.5,3210.093433759615
provisional_full,2017-06,331640,752.7255281784867,1217.5,1402.5,1537.5,1722.5,1922.5,2112.5,2482.5,3211.968000119326
provisional_full,2017-07,334347,752.4338508832824,1217.5,1402.5,1537.5,1722.5,1927.5,2112.5,2482.5,3209.6670260220553
provisional_full,2017-08,337129,753.8736550897836,1217.5,1402.5,1537.5,1722.5,1927.5,2117.5,2487.5,3208.5491788990876
provisional_full,2017-09,339880,753.1393733473305,1217.5,1402.5,1537.5,1722.5,1927.5,2117.5,2492.5,3194.0044038149763
provisional_full,2017-10,342003,754.1326636829742,1217.5,1402.5,1537.5,1722.5,1922.5,2112.5,2487.5,3197.9284515532286
provisional_full,2017-11,344390,753.3623557338215,1217.5,1402.5,1537.5,1722.5,1927.5,2122.5,2492.5,3184.2430979520886
provisional_full,2017-12,347525,752.1638729166511,1217.5,1407.5,1537.5,1722.5,1927.5,2117.5,2492.5,3202.9360184165375
provisional_full,2018-01,350594,752.7424352382324,1212.5,1402.5,1532.5,1722.5,1927.5,2117.5,2497.5,3217.9784585456428
provisional_full,2018-02,353502,752.6566510071078,1217.5,1402.5,1537.5,1722.5,1927.5,2117.5,2492.5,3262.748671709511
provisional_full,2018-03,355978,753.1415583521452,1217.5,1407.5,1537.5,1722.5,1927.5,2117.5,2492.5,3257.9886164501427
provisional_full,2018-04,358254,753.3063406640943,1217.5,1402.5,1537.5,1727.5,1932.5,2127.5,2502.5,3259.7855942789743
provisional_full,2018-05,361594,752.7486647898269,1217.5,1402.5,1537.5,1722.5,1932.5,2127.5,2502.5,3280.583157017934
provisional_full,2018-06,364493,751.5616896247784,1217.5,1402.5,1537.5,1722.5,1927.5,2122.5,2502.5,3293.999713718321
provisional_full,2018-07,367002,752.613619959103,1217.5,1402.5,1537.5,1722.5,1927.5,2122.5,2502.5,3287.4378062436035
provisional_full,2018-08,370041,754.0172591444248,1217.5,1402.5,1537.5,1717.5,1927.5,2117.5,2497.5,3245.0656569413018
provisional_full,2018-09,372716,754.24538248858,1217.5,1402.5,1537.5,1722.5,1927.5,2122.5,2502.5,3271.1957878284425
provisional_full,2018-10,374320,754.2335220344337,1217.5,1402.5,1537.5,1722.5,1932.5,2127.5,2507.5,3285.939336774177
provisional_full,2018-11,376598,755.470843775481,1217.5,1402.5,1537.5,1722.5,1932.5,2127.5,2507.5,3295.7107529328855
provisional_full,2018-12,379292,755.1568936338792,1217.5,1407.5,1537.5,1722.5,1927.5,2122.5,2507.5,3300.822731426586
provisional_full,2019-01,382258,755.0383721858584,1217.5,1402.5,1537.5,1717.5,1922.5,2117.5,2502.5,3265.7288720947267
provisional_full,2019-02,385227,756.7245174783543,1217.5,1402.5,1537.5,1722.5,1932.5,2127.5,2507.5,3313.5981472299477
provisional_full,2019-03,387207,753.5713350283348,1222.5,1407.5,1537.5,1722.5,1927.5,2122.5,2507.5,3286.9454737637634
provisional_full,2019-04,389783,752.9977705500294,1222.5,1407.5,1537.5,1722.5,1932.5,2127.5,2507.5,3304.0634482258765
provisional_full,2019-05,393041,752.1995715349748,1222.5,1407.5,1537.5,1722.5,1927.5,2122.5,2507.5,3354.9406916596417
provisional_full,2019-06,395348,754.2055733494112,1222.5,1407.5,1537.5,1722.5,1927.5,2122.5,2507.5,3387.416233066839
provisional_full,2019-07,397811,755.4052624029823,1222.5,1407.5,1542.5,1727.5,1932.5,2127.5,2512.5,3365.954293998349
provisional_full,2019-08,400598,754.6102950373294,1217.5,1407.5,1537.5,1727.5,1937.5,2132.5,2517.5,3393.7812489914872
provisional_full,2019-09,403401,755.1552989170237,1222.5,1407.5,1542.5,1727.5,1932.5,2127.5,2512.5,3396.44690392181
provisional_full,2019-10,405002,753.462814652968,1222.5,1407.5,1542.5,1722.5,1932.5,2127.5,2517.5,3421.6028655221826
provisional_full,2019-11,407499,753.2137257769854,1222.5,1407.5,1542.5,1727.5,1932.5,2127.5,2517.5,3397.32481400862
provisional_full,2019-12,410364,753.3020379017019,1222.5,1407.5,1542.5,1727.5,1932.5,2132.5,2517.5,3387.1876317774686
provisional_full,2020-01,412890,756.0919781964263,1222.5,1407.5,1542.5,1727.5,1937.5,2132.5,2522.5,3401.6483224174576
provisional_full,2020-02,415476,754.8190805393705,1222.5,1407.5,1542.5,1727.5,1937.5,2137.5,2522.5,3358.5014680994364
provisional_full,2020-03,417248,756.7531227911333,1222.5,1407.5,1542.5,1722.5,1932.5,2127.5,2517.5,3343.5353324526186
provisional_full,2020-04,418821,756.2566506975575,1222.5,1407.5,1542.5,1722.5,1932.5,2127.5,2517.5,3330.902874717794
provisional_full,2020-05,418959,756.2535719684886,1222.5,1407.5,1542.5,1727.5,1932.5,2127.5,2517.5,3333.5348595614
provisional_full,2020-06,419092,756.2504936891714,1222.5,1407.5,1542.5,1727.5,1932.5,2132.5,2517.5,3320.9912956569992
provisional_full,2020-07,419101,756.2474158595404,1222.5,1407.5,1542.5,1727.5,1932.5,2132.5,2517.5,3321.321105028793
provisional_full,2020-08,419308,756.4144417976298,1227.5,1412.5,1542.5,1727.5,1932.5,2127.5,2517.5,3312.988058345352
provisional_full,2020-09,419735,756.7224164455238,1222.5,1407.5,1542.5,1727.5,1937.5,2132.5,2522.5,3306.460728166663
provisional_full,2020-10,420244,756.7452083648194,1222.5,1407.5,1542.5,1727.5,1932.5,2132.5,2522.5,3338.7869967498705
provisional_full,2020-11,420703,757.0712745353928,1222.5,1412.5,1542.5,1727.5,1937.5,2137.5,2522.5,3328.8916558532483
provisional_full,2020-12,421132,756.7759000815756,1222.5,1412.5,1542.5,1727.5,1942.5,2142.5,2527.5,3378.9331234830734
provisional_full,2021-01,421548,756.3062482540645,1222.5,1412.5,1542.5,1727.5,1942.5,2142.5,2527.5,3352.07290888027
provisional_full,2021-02,422000,756.0704023940594,1222.5,1412.5,1542.5,1727.5,1942.5,2142.5,2532.5,3377.7237179429885
provisional_full,2021-03,422315,756.1873663927583,1222.5,1412.5,1542.5,1727.5,1937.5,2137.5,2527.5,3374.06872609491
provisional_full,2021-04,422997,756.373669040186,1227.5,1412.5,1542.5,1727.5,1937.5,2137.5,2532.5,3356.4756982469476
provisional_full,2021-05,424119,756.3351526077687,1222.5,1412.5,1542.5,1727.5,1937.5,2137.5,2527.5,3367.698419835958
provisional_full,2021-06,424918,757.0121405011774,1227.5,1412.5,1542.5,1727.5,1937.5,2132.5,2527.5,3342.2075297042875
provisional_full,2021-07,426942,757.1163260031547,1227.5,1412.5,1542.5,1727.5,1937.5,2132.5,2522.5,3319.169687100916
provisional_full,2021-08,428806,756.5567675447629,1227.5,1412.5,1542.5,1727.5,1932.5,2132.5,2527.5,3356.8384079941775
provisional_full,2021-09,430943,755.4898781766059,1222.5,1412.5,1542.5,1722.5,1932.5,2132.5,2532.5,3373.564754424115
provisional_full,2021-10,432646,755.1185258157107,1222.5,1407.5,1542.5,1722.5,1932.5,2132.5,2532.5,3400.7931450130054
provisional_full,2021-11,434809,754.8853206510768,1222.5,1412.5,1542.5,1727.5,1937.5,2137.5,2532.5,3411.8751940489133
provisional_full,2021-12,438200,756.1028236138843,1222.5,1407.5,1537.5,1722.5,1932.5,2127.5,2527.5,3478.485207316633
provisional_full,2022-01,441296,754.4292969628865,1222.5,1407.5,1542.5,1722.5,1932.5,2132.5,2532.5,3500.7541716955366
provisional_full,2022-02,443320,755.5601144631449,1227.5,1412.5,1542.5,1722.5,1932.5,2132.5,2532.5,3474.1993451776134
provisional_full,2022-03,445564,753.847284306886,1227.5,1412.5,1542.5,1722.5,1932.5,2137.5,2537.5,3499.8778880904283
provisional_full,2022-04,448299,753.9114092803615,1227.5,1412.5,1542.5,1722.5,1932.5,2137.5,2537.5,3503.283706324264
provisional_full,2022-05,451898,753.2229183401358,1227.5,1412.5,1537.5,1722.5,1927.5,2127.5,2527.5,3498.645239431515
provisional_full,2022-06,454636,752.5817742878322,1227.5,1407.5,1537.5,1722.5,1927.5,2127.5,2532.5,3457.5611220752944
provisional_full,2022-07,457524,752.633144826173,1222.5,1407.5,1537.5,1717.5,1922.5,2122.5,2527.5,3468.088416363682
provisional_full,2022-08,460759,754.7988436852102,1222.5,1407.5,1537.5,1712.5,1917.5,2117.5,2522.5,3461.1160760545517
provisional_full,2022-09,463718,754.3112229749169,1227.5,1407.5,1537.5,1717.5,1922.5,2122.5,2522.5,3393.4162032382706
provisional_full,2022-10,466362,754.522870301686,1227.5,1407.5,1537.5,1712.5,1917.5,2117.5,2517.5,3393.5261034866853
provisional_full,2022-11,469589,753.9133097831233,1227.5,1407.5,1532.5,1712.5,1917.5,2117.5,2517.5,3405.2875841891137
provisional_full,2022-12,473150,755.2138851891559,1227.5,1407.5,1532.5,1707.5,1912.5,2112.5,2517.5,3410.696325654281
provisional_full,2023-01,476049,754.203473613264,1222.5,1407.5,1532.5,1707.5,1912.5,2112.5,2517.5,3394.5857018817687
provisional_full,2023-02,480059,756.0078824393638,1227.5,1407.5,1532.5,1707.5,1912.5,2112.5,2517.5,3407.0398259057047
provisional_full,2023-03,483551,755.8781267493686,1227.5,1407.5,1532.5,1707.5,1912.5,2112.5,2517.5,3403.467269010542
provisional_full,2023-04,486614,754.6432673324343,1227.5,1407.5,1532.5,1702.5,1907.5,2107.5,2512.5,3403.148154539107
provisional_full,2023-05,490437,753.0515765273489,1222.5,1407.5,1532.5,1707.5,1907.5,2107.5,2512.5,3404.921433883916
provisional_full,2023-06,493953,753.0054265061417,1227.5,1407.5,1532.5,1702.5,1907.5,2107.5,2512.5,3403.1233415321585
provisional_full,2023-07,496992,753.581290427997,1227.5,1407.5,1532.5,1702.5,1907.5,2107.5,2512.5,3331.1550140324825
provisional_full,2023-08,500593,752.2209285212988,1222.5,1407.5,1527.5,1702.5,1907.5,2107.5,2517.5,3359.19997595778
provisional_full,2023-09,504526,753.598757516284,1227.5,1407.5,1532.5,1702.5,1907.5,2107.5,2512.5,3399.968765452449
provisional_full,2023-10,506855,754.4826305592884,1227.5,1402.5,1527.5,1702.5,1902.5,2102.5,2512.5,3393.000991703241
provisional_full,2023-11,510680,755.0098737068465,1222.5,1402.5,1527.5,1697.5,1897.5,2097.5,2507.5,3372.223211604481
provisional_full,2023-12,513968,753.2008378515344,1222.5,1402.5,1527.5,1697.5,1897.5,2097.5,2502.5,3322.0215927045397
provisional_full,2024-01,517402,751.8738408697976,1222.5,1402.5,1527.5,1692.5,1892.5,2097.5,2507.5,3387.0442412428974
provisional_full,2024-02,521940,751.5195982819503,1222.5,1402.5,1527.5,1697.5,1902.5,2102.5,2512.5,3379.1977694335974
provisional_full,2024-03,525982,749.9601290464201,1222.5,1402.5,1522.5,1692.5,1892.5,2097.5,2507.5,3372.201552672053
provisional_full,2024-04,529797,752.9100866562028,1222.5,1402.5,1522.5,1692.5,1892.5,2092.5,2502.5,3424.359164166096
provisional_full,2024-05,535092,752.2416162678184,1222.5,1402.5,1527.5,1692.5,1892.5,2092.5,2497.5,3429.7468757409497
provisional_full,2024-06,538881,751.9766649162242,1222.5,1402.5,1522.5,1692.5,1887.5,2087.5,2497.5,3391.2508556498196
provisional_full,2024-07,541528,752.3858368850554,1222.5,1402.5,1522.5,1692.5,1887.5,2087.5,2497.5,3390.3383791172755
provisional_full,2024-08,545471,750.1764343214192,1222.5,1402.5,1522.5,1692.5,1887.5,2092.5,2502.5,3399.316155267524
provisional_full,2024-09,548434,750.9367626147907,1222.5,1402.5,1527.5,1692.5,1892.5,2092.5,2497.5,3378.034849276664
provisional_full,2024-10,551044,752.097818023102,1222.5,1402.5,1527.5,1692.5,1892.5,2087.5,2497.5,3434.0905214741842
provisional_full,2024-11,554867,751.7059927770733,1222.5,1402.5,1522.5,1692.5,1892.5,2092.5,2497.5,3399.5282490113177
provisional_full,2024-12,558560,752.6244644909816,1217.5,1397.5,1522.5,1687.5,1882.5,2077.5,2487.5,3408.3008345034496
provisional_full,2025-01,562049,754.0806572180877,1217.5,1402.5,1522.5,1687.5,1887.5,2087.5,2492.5,3422.7678557680415
provisional_full,2025-02,566253,754.7444032915319,1222.5,1402.5,1522.5,1687.5,1887.5,2087.5,2492.5,3428.1712248501526
provisional_full,2025-03,569841,755.3304723195652,1217.5,1402.5,1522.5,1687.5,1887.5,2087.5,2492.5,3390.3865069135168
provisional_full,2025-04,572901,755.7111261709639,1227.5,1402.5,1527.5,1692.5,1887.5,2087.5,2492.5,3403.631384797595
provisional_full,2025-05,576432,753.4926213992935,1222.5,1402.5,1527.5,1692.5,1887.5,2087.5,2497.5,3417.893285456552
provisional_full,2025-06,580020,752.3553393221008,1222.5,1402.5,1527.5,1687.5,1887.5,2087.5,2492.5,3391.427895186963
provisional_full,2025-07,583072,752.0600513443793,1222.5,1402.5,1527.5,1692.5,1887.5,2087.5,2502.5,3429.334836975767
provisional_full,2025-08,586106,751.1212029604972,1222.5,1402.5,1527.5,1687.5,1887.5,2087.5,2492.5,3412.7454587558304
provisional_full,2025-09,588993,749.7434840231452,1222.5,1402.5,1527.5,1692.5,1887.5,2087.5,2492.5,3412.352655061558
provisional_full,2025-10,591352,748.2111209284891,1222.5,1402.5,1522.5,1687.5,1882.5,2082.5,2492.5,3389.909508237175
provisional_full,2025-11,594327,748.4331921040538,1222.5,1407.5,1527.5,1692.5,1887.5,2087.5,2497.5,3429.685952247505
provisional_full,2025-12,597530,749.1061767493396,1222.5,1402.5,1522.5,1687.5,1882.5,2077.5,2492.5,3427.7893157500803
provisional_fixed_1500_entry,2008-04,35706,942.4694164807189,1277.5,1382.5,1437.5,1507.5,1587.5,1677.5,1842.5,2118.411826347013
provisional_fixed_1500_entry,2008-07,63413,1025.5497223090747,1272.5,1387.5,1452.5,1527.5,1612.5,1712.5,1897.5,2206.8468825567206
provisional_fixed_1500_entry,2008-10,78126,1050.6376422927449,1257.5,1392.5,1462.5,1557.5,1657.5,1762.5,1957.5,2245.528820186346
provisional_fixed_1500_entry,2009-01,88435,1020.2955370266296,1257.5,1387.5,1462.5,1557.5,1662.5,1772.5,1987.5,2248.27113624154
provisional_fixed_1500_entry,2009-04,96130,961.4210930146662,1247.5,1382.5,1462.5,1562.5,1677.5,1797.5,2022.5,2304.328273745375
provisional_fixed_1500_entry,2009-07,106936,902.1326697168679,1237.5,1382.5,1462.5,1567.5,1687.5,1807.5,2037.5,2330.3729004005595
provisional_fixed_1500_entry,2009-09,111986,900.2813897655113,1237.5,1382.5,1467.5,1577.5,1702.5,1832.5,2082.5,2421.3227132485326
provisional_fixed_1500_entry,2009-11,115356,903.6368508784082,1242.5,1387.5,1472.5,1587.5,1717.5,1847.5,2107.5,2414.021412472219
provisional_fixed_1500_entry,2010-01,119145,906.1874502708686,1237.5,1387.5,1477.5,1597.5,1727.5,1857.5,2107.5,2430.298215866796
provisional_fixed_1500_entry,2010-03,122006,912.2307063003763,1237.5,1387.5,1477.5,1602.5,1737.5,1872.5,2142.5,2508.868903167188
provisional_fixed_1500_entry,2010-05,126711,921.8819560559053,1232.5,1387.5,1477.5,1602.5,1747.5,1887.5,2157.5,2520.9915200096475
provisional_fixed_1500_entry,2010-07,130342,915.2111840151613,1222.5,1382.5,1477.5,1607.5,1757.5,1897.5,2177.5,2530.0743191393294
provisional_fixed_1500_entry,2010-09,135161,913.8550413201835,1227.5,1387.5,1482.5,1612.5,1762.5,1902.5,2177.5,2598.6023852952735
provisional_fixed_1500_entry,2010-11,138572,918.3994332905486,1232.5,1392.5,1487.5,1617.5,1767.5,1912.5,2192.5,2546.1810940596633
provisional_fixed_1500_entry,2011-01,142158,914.9889722319527,1227.5,1387.5,1487.5,1617.5,1767.5,1907.5,2197.5,2597.5390668025657
provisional_fixed_1500_entry,2011-03,145507,919.757973893832,1217.5,1382.5,1482.5,1612.5,1767.5,1912.5,2197.5,2570.372385884593
provisional_fixed_1500_entry,2011-05,149681,912.6014363584494,1217.5,1382.5,1482.5,1617.5,1772.5,1922.5,2217.5,2662.0217701683814
provisional_fixed_1500_entry,2011-07,153718,920.6222945651077,1207.5,1382.5,1482.5,1622.5,1782.5,1932.5,2217.5,2654.148513556609
provisional_fixed_1500_entry,2011-09,158478,917.9062721830439,1212.5,1387.5,1487.5,1627.5,1787.5,1942.5,2237.5,2661.3349468344218
provisional_fixed_1500_entry,2011-11,162520,917.9151470081912,1217.5,1387.5,1487.5,1627.5,1787.5,1937.5,2232.5,2686.6834924938034
provisional_fixed_1500_entry,2012-01,167627,917.9240192405952,1217.5,1387.5,1487.5,1622.5,1782.5,1937.5,2247.5,2705.743413255988
provisional_fixed_1500_entry,2012-03,171133,918.8769900782659,1207.5,1377.5,1477.5,1617.5,1782.5,1937.5,2242.5,2696.304523320179
provisional_fixed_1500_entry,2012-05,178038,921.6188014987059,1202.5,1377.5,1472.5,1617.5,1782.5,1942.5,2252.5,2749.867191084907
provisional_fixed_1500_entry,2012-07,182593,933.1010164034235,1207.5,1377.5,1477.5,1617.5,1782.5,1942.5,2252.5,2741.67146779545
provisional_fixed_1500_entry,2012-08,184603,897.5684114524505,1202.5,1377.5,1472.5,1612.5,1777.5,1937.5,2257.5,2742.5348916931425
provisional_fixed_1500_entry,2012-09,187074,895.9089052144292,1202.5,1377.5,1472.5,1617.5,1787.5,1947.5,2262.5,2779.1703248902013
provisional_fixed_1500_entry,2012-10,188463,897.8626721065132,1197.5,1377.5,1477.5,1617.5,1787.5,1952.5,2272.5,2833.4947239029434
provisional_fixed_1500_entry,2012-11,190357,898.9832915241967,1202.5,1377.5,1477.5,1622.5,1792.5,1952.5,2272.5,2863.8117859658405
provisional_fixed_1500_entry,2012-12,192314,899.0874580217046,1207.5,1382.5,1477.5,1622.5,1797.5,1957.5,2282.5,2825.4270783770207
provisional_fixed_1500_entry,2013-01,194095,896.9740983079796,1202.5,1377.5,1477.5,1622.5,1792.5,1957.5,2282.5,2833.9563110255403
provisional_fixed_1500_entry,2013-02,195949,895.9271971089403,1192.5,1372.5,1472.5,1617.5,1792.5,1957.5,2287.5,2891.4390527700725
provisional_fixed_1500_entry,2013-03,198152,876.1448368250104,1182.5,1367.5,1467.5,1617.5,1792.5,1957.5,2282.5,2902.0397967067465
provisional_fixed_1500_entry,2013-04,200710,893.5719839088648,1192.5,1372.5,1472.5,1617.5,1792.5,1962.5,2292.5,2930.781119143987
provisional_fixed_1500_entry,2013-05,203414,894.9944594745589,1192.5,1372.5,1472.5,1617.5,1797.5,1967.5,2292.5,2885.701962522081
provisional_fixed_1500_entry,2013-06,206152,891.0772944228855,1197.5,1377.5,1472.5,1622.5,1797.5,1967.5,2297.5,2888.2716330284024
provisional_fixed_1500_entry,2013-07,208061,895.5745732291703,1197.5,1372.5,1472.5,1622.5,1797.5,1967.5,2297.5,2916.0186214047335
provisional_fixed_1500_entry,2013-08,210261,897.5849500467176,1197.5,1372.5,1472.5,1622.5,1802.5,1972.5,2302.5,2878.9675486125257
provisional_fixed_1500_entry,2013-09,212122,899.2957573609043,1192.5,1372.5,1472.5,1627.5,1812.5,1982.5,2307.5,2873.891684187095
provisional_fixed_1500_entry,2013-10,214079,901.1427132478266,1192.5,1372.5,1472.5,1622.5,1807.5,1977.5,2312.5,2952.6021233473643
provisional_fixed_1500_entry,2013-11,216091,900.9784212400621,1197.5,1377.5,1477.5,1627.5,1812.5,1987.5,2322.5,2963.192147627128
provisional_fixed_1500_entry,2013-12,218026,900.1666365736704,1192.5,1372.5,1472.5,1627.5,1812.5,1987.5,2317.5,2934.959077705373
provisional_fixed_1500_entry,2014-01,220322,900.0479538769263,1187.5,1372.5,1472.5,1627.5,1812.5,1987.5,2322.5,2965.5111493484746
provisional_fixed_1500_entry,2014-02,222921,808.5298718020463,1187.5,1367.5,1467.5,1622.5,1807.5,1987.5,2332.5,2984.984219414563
provisional_fixed_1500_entry,2014-03,224736,807.702123951387,1182.5,1367.5,1467.5,1617.5,1807.5,1987.5,2332.5,3022.499530715617
provisional_fixed_1500_entry,2014-04,226783,809.5044616464912,1182.5,1367.5,1467.5,1622.5,1812.5,1992.5,2337.5,3013.0133834245216
provisional_fixed_1500_entry,2014-05,229831,808.5426595037129,1182.5,1367.5,1467.5,1622.5,1812.5,1992.5,2332.5,2993.2400175855173
provisional_fixed_1500_entry,2014-06,232388,809.8931440714966,1182.5,1367.5,1467.5,1627.5,1817.5,1997.5,2337.5,3016.675984932095
provisional_fixed_1500_entry,2014-07,234772,809.1435895909655,1182.5,1362.5,1467.5,1622.5,1812.5,1992.5,2337.5,3014.9979930815343
provisional_fixed_1500_entry,2014-08,237112,811.3785160246127,1182.5,1362.5,1467.5,1622.5,1817.5,1997.5,2342.5,2981.8980300961525
provisional_fixed_1500_entry,2014-09,239031,805.1011324702514,1177.5,1362.5,1467.5,1622.5,1812.5,1997.5,2342.5,2973.734662172254
provisional_fixed_1500_entry,2014-10,241314,805.1785039523459,1177.5,1362.5,1467.5,1622.5,1817.5,1997.5,2342.5,3041.598617077192
provisional_fixed_1500_entry,2014-11,243994,804.9106037731443,1182.5,1367.5,1467.5,1627.5,1822.5,2007.5,2347.5,2991.806030929235
provisional_fixed_1500_entry,2014-12,246568,804.0554531427239,1187.5,1362.5,1467.5,1627.5,1822.5,2002.5,2352.5,2979.4283243159866
provisional_fixed_1500_entry,2015-01,249606,852.1002659849146,1177.5,1362.5,1462.5,1617.5,1817.5,2002.5,2352.5,2970.9798799973705
provisional_fixed_1500_entry,2015-02,252154,889.5778079915979,1177.5,1357.5,1462.5,1617.5,1807.5,1997.5,2347.5,3019.0858297731315
provisional_fixed_1500_entry,2015-03,254504,897.1834229701623,1177.5,1357.5,1462.5,1612.5,1807.5,1997.5,2347.5,2994.7116618648106
provisional_fixed_1500_entry,2015-04,256990,896.9034641298213,1172.5,1357.5,1462.5,1617.5,1812.5,1997.5,2347.5,2966.08194748029
provisional_fixed_1500_entry,2015-05,260361,888.3226196565439,1167.5,1352.5,1457.5,1617.5,1812.5,2002.5,2352.5,3045.0515046910105
provisional_fixed_1500_entry,2015-06,263697,882.1613152003939,1172.5,1352.5,1462.5,1617.5,1812.5,2002.5,2352.5,3039.409894329755
provisional_fixed_1500_entry,2015-07,266375,896.0409127060923,1167.5,1352.5,1457.5,1612.5,1807.5,1997.5,2357.5,3072.2951154285342
provisional_fixed_1500_entry,2015-08,269027,875.1011680160053,1167.5,1352.5,1457.5,1612.5,1807.5,1997.5,2357.5,3018.344916790087
provisional_fixed_1500_entry,2015-09,271697,901.073715322237,1167.5,1352.5,1457.5,1612.5,1812.5,2002.5,2367.5,3049.257426714885
provisional_fixed_1500_entry,2015-10,273996,901.4766004610234,1162.5,1347.5,1457.5,1612.5,1807.5,1997.5,2362.5,3042.8910378808723
provisional_fixed_1500_entry,2015-11,276727,870.9375610357985,1162.5,1347.5,1457.5,1607.5,1807.5,2002.5,2362.5,3033.004361796385
provisional_fixed_1500_entry,2015-12,279452,877.9478721326359,1157.5,1347.5,1452.5,1607.5,1807.5,1997.5,2362.5,3023.836320198655
provisional_fixed_1500_entry,2016-01,282958,900.4775147947264,1157.5,1342.5,1452.5,1602.5,1797.5,1987.5,2357.5,3010.776107319929
provisional_fixed_1500_entry,2016-02,285934,873.2757986986153,1157.5,1337.5,1447.5,1597.5,1792.5,1982.5,2357.5,2994.2817064042433
provisional_fixed_1500_entry,2016-03,288812,871.0719621220957,1157.5,1342.5,1452.5,1602.5,1797.5,1987.5,2352.5,2970.004342889845
provisional_fixed_1500_entry,2016-04,291822,872.477474068519,1157.5,1342.5,1452.5,1607.5,1802.5,1992.5,2352.5,3050.0568017229843
provisional_fixed_1500_entry,2016-05,294577,879.3010920465308,1157.5,1342.5,1452.5,1602.5,1802.5,1992.5,2357.5,3069.012853583852
provisional_fixed_1500_entry,2016-06,297892,886.9516878833972,1157.5,1337.5,1447.5,1602.5,1797.5,1992.5,2357.5,3080.2775371505327
provisional_fixed_1500_entry,2016-07,300285,888.7920227969039,1157.5,1342.5,1452.5,1602.5,1802.5,1992.5,2357.5,3055.8958501347365
provisional_fixed_1500_entry,2016-08,303374,875.4082404069252,1157.5,1337.5,1447.5,1602.5,1797.5,1992.5,2357.5,3099.187879872673
provisional_fixed_1500_entry,2016-09,306107,870.5139590391799,1152.5,1332.5,1442.5,1592.5,1787.5,1982.5,2357.5,3069.619222233494
provisional_fixed_1500_entry,2016-10,308218,853.7006682408185,1147.5,1332.5,1442.5,1592.5,1787.5,1982.5,2352.5,3059.41742253323
provisional_fixed_1500_entry,2016-11,311147,855.7384675548051,1147.5,1332.5,1442.5,1592.5,1787.5,1982.5,2357.5,3077.1718475004536
provisional_fixed_1500_entry,2016-12,313960,854.6807852077426,1152.5,1332.5,1447.5,1597.5,1797.5,1987.5,2362.5,3038.9640580897135
provisional_fixed_1500_entry,2017-01,317775,856.2740083642943,1147.5,1332.5,1442.5,1592.5,1787.5,1982.5,2352.5,3026.1793786216513
provisional_fixed_1500_entry,2017-02,320759,853.4126784370676,1147.5,1327.5,1442.5,1592.5,1787.5,1982.5,2357.5,3042.4591352041816
provisional_fixed_1500_entry,2017-03,322957,855.0050781878604,1147.5,1332.5,1442.5,1592.5,1792.5,1982.5,2357.5,3139.529063772143
provisional_fixed_1500_entry,2017-04,325913,843.9129327884486,1137.5,1327.5,1437.5,1592.5,1787.5,1987.5,2362.5,3163.077573097293
provisional_fixed_1500_entry,2017-05,328980,854.7330140195068,1147.5,1327.5,1442.5,1592.5,1792.5,1982.5,2362.5,3102.7878891416685
provisional_fixed_1500_entry,2017-06,331640,853.8207882232617,1147.5,1332.5,1442.5,1597.5,1792.5,1987.5,2362.5,3095.7177557936548
provisional_fixed_1500_entry,2017-07,334347,853.4224267845831,1147.5,1332.5,1442.5,1597.5,1792.5,1987.5,2362.5,3094.7011835367807
provisional_fixed_1500_entry,2017-08,337129,841.9930841148898,1142.5,1327.5,1442.5,1597.5,1792.5,1987.5,2362.5,3088.36698771093
provisional_fixed_1500_entry,2017-09,339880,844.0372456769732,1142.5,1327.5,1442.5,1592.5,1792.5,1987.5,2367.5,3096.118269520389
provisional_fixed_1500_entry,2017-10,342003,844.4737682417148,1142.5,1327.5,1437.5,1592.5,1787.5,1982.5,2362.5,3100.402481160736
provisional_fixed_1500_entry,2017-11,344390,838.5107746036248,1142.5,1327.5,1437.5,1592.5,1792.5,1992.5,2367.5,3062.661528447285
provisional_fixed_1500_entry,2017-12,347525,847.4211726519585,1147.5,1327.5,1442.5,1592.5,1792.5,1987.5,2367.5,3096.2719370125224
provisional_fixed_1500_entry,2018-01,350594,839.3037935845092,1137.5,1322.5,1437.5,1592.5,1787.5,1987.5,2367.5,3112.9122279221237
provisional_fixed_1500_entry,2018-02,353502,841.5117939574491,1142.5,1327.5,1437.5,1592.5,1787.5,1982.5,2362.5,3150.732068976571
provisional_fixed_1500_entry,2018-03,355978,845.3773859026968,1142.5,1327.5,1442.5,1592.5,1792.5,1987.5,2362.5,3129.998704703693
provisional_fixed_1500_entry,2018-04,358254,846.7741949175125,1142.5,1327.5,1437.5,1592.5,1792.5,1992.5,2367.5,3135.8694389039956
provisional_fixed_1500_entry,2018-05,361594,842.5121480586811,1137.5,1322.5,1437.5,1592.5,1792.5,1992.5,2367.5,3147.744262852744
provisional_fixed_1500_entry,2018-06,364493,847.0836573903672,1142.5,1322.5,1437.5,1592.5,1787.5,1987.5,2367.5,3181.5369479205847
provisional_fixed_1500_entry,2018-07,367002,844.6332604682018,1137.5,1322.5,1437.5,1592.5,1787.5,1982.5,2362.5,3157.3016158311066
provisional_fixed_1500_entry,2018-08,370041,842.5749533243645,1137.5,1322.5,1432.5,1587.5,1782.5,1982.5,2362.5,3105.042197983487
provisional_fixed_1500_entry,2018-09,372716,846.1417722641561,1137.5,1322.5,1437.5,1587.5,1787.5,1982.5,2362.5,3124.279601626427
provisional_fixed_1500_entry,2018-10,374320,844.5174616984938,1137.5,1322.5,1437.5,1587.5,1787.5,1987.5,2367.5,3147.088540334723
provisional_fixed_1500_entry,2018-11,376598,841.8777133402408,1137.5,1322.5,1437.5,1587.5,1792.5,1987.5,2367.5,3172.520717530733
provisional_fixed_1500_entry,2018-12,379292,846.5523145265336,1137.5,1322.5,1437.5,1587.5,1787.5,1987.5,2367.5,3181.9732869199042
provisional_fixed_1500_entry,2019-01,382258,844.3293853158751,1137.5,1322.5,1432.5,1587.5,1782.5,1977.5,2367.5,3139.496245372775
provisional_fixed_1500_entry,2019-02,385227,840.0294500219186,1137.5,1322.5,1432.5,1587.5,1787.5,1992.5,2372.5,3180.4434183376766
provisional_fixed_1500_entry,2019-03,387207,848.8168327894393,1137.5,1322.5,1437.5,1587.5,1787.5,1982.5,2367.5,3136.1853306320468
provisional_fixed_1500_entry,2019-04,389783,850.9216368099283,1137.5,1322.5,1437.5,1587.5,1787.5,1982.5,2367.5,3155.9295030709272
provisional_fixed_1500_entry,2019-05,393041,845.6121332140223,1137.5,1322.5,1437.5,1587.5,1787.5,1982.5,2362.5,3214.780681005168
provisional_fixed_1500_entry,2019-06,395348,850.1322009348222,1137.5,1322.5,1432.5,1587.5,1782.5,1982.5,2367.5,3235.0313881891007
provisional_fixed_1500_entry,2019-07,397811,850.0813481164143,1142.5,1322.5,1437.5,1592.5,1787.5,1987.5,2367.5,3208.1535903122754
provisional_fixed_1500_entry,2019-08,400598,854.9382537643628,1137.5,1322.5,1432.5,1587.5,1792.5,1987.5,2372.5,3230.7976878965646
provisional_fixed_1500_entry,2019-09,403401,849.1061554383205,1137.5,1322.5,1437.5,1592.5,1787.5,1987.5,2372.5,3227.8997600681605
provisional_fixed_1500_entry,2019-10,405002,848.8164557690643,1137.5,1322.5,1432.5,1587.5,1787.5,1987.5,2377.5,3293.5326279622254
provisional_fixed_1500_entry,2019-11,407499,850.8980064846785,1137.5,1322.5,1437.5,1592.5,1787.5,1987.5,2377.5,3255.4820823078594
provisional_fixed_1500_entry,2019-12,410364,855.9716807739953,1137.5,1322.5,1437.5,1592.5,1792.5,1992.5,2377.5,3248.835296384822
provisional_fixed_1500_entry,2020-01,412890,857.7260034023476,1137.5,1322.5,1437.5,1592.5,1792.5,1992.5,2382.5,3249.412856524493
provisional_fixed_1500_entry,2020-02,415476,828.4064711332132,1137.5,1322.5,1437.5,1592.5,1792.5,1992.5,2377.5,3193.9017332966923
provisional_fixed_1500_entry,2020-03,417248,828.2922722276803,1137.5,1322.5,1432.5,1587.5,1787.5,1982.5,2372.5,3180.7213366324145
provisional_fixed_1500_entry,2020-04,418821,827.6494700100519,1137.5,1317.5,1432.5,1587.5,1787.5,1987.5,2372.5,3165.4470640246736
provisional_fixed_1500_entry,2020-05,418959,827.8360977805222,1137.5,1317.5,1432.5,1587.5,1787.5,1987.5,2372.5,3168.8527693098126
provisional_fixed_1500_entry,2020-06,419092,827.7863136159899,1137.5,1322.5,1437.5,1587.5,1787.5,1987.5,2372.5,3151.938582317077
provisional_fixed_1500_entry,2020-07,419101,827.7835085501737,1137.5,1322.5,1432.5,1587.5,1787.5,1987.5,2372.5,3151.8326063171926
provisional_fixed_1500_entry,2020-08,419308,827.7807038941315,1137.5,1322.5,1437.5,1587.5,1787.5,1987.5,2372.5,3142.168428789107
provisional_fixed_1500_entry,2020-09,419735,827.710759872976,1137.5,1317.5,1432.5,1592.5,1787.5,1987.5,2377.5,3133.2336868741195
provisional_fixed_1500_entry,2020-10,420244,827.7079658443216,1137.5,1317.5,1432.5,1587.5,1787.5,1987.5,2377.5,3163.618415172554
provisional_fixed_1500_entry,2020-11,420703,827.8472319904024,1137.5,1322.5,1437.5,1592.5,1792.5,1992.5,2377.5,3151.674573112409
provisional_fixed_1500_entry,2020-12,421132,827.8633608641161,1137.5,1322.5,1437.5,1592.5,1792.5,1997.5,2382.5,3195.2773054324575
provisional_fixed_1500_entry,2021-01,421548,827.8126421201374,1137.5,1322.5,1437.5,1592.5,1792.5,1997.5,2382.5,3168.499592062565
provisional_fixed_1500_entry,2021-02,422000,828.0248813569009,1137.5,1317.5,1437.5,1592.5,1792.5,1997.5,2382.5,3200.353093354643
provisional_fixed_1500_entry,2021-03,422315,828.0220414402531,1137.5,1317.5,1432.5,1592.5,1792.5,1992.5,2377.5,3201.017341802007
provisional_fixed_1500_entry,2021-04,422997,828.2945262697597,1137.5,1322.5,1437.5,1592.5,1792.5,1992.5,2382.5,3180.1368253970495
provisional_fixed_1500_entry,2021-05,424119,828.7903801013692,1137.5,1322.5,1432.5,1587.5,1792.5,1992.5,2377.5,3194.1825021816903
provisional_fixed_1500_entry,2021-06,424918,827.8474461350335,1137.5,1322.5,1432.5,1587.5,1787.5,1987.5,2377.5,3170.7073734857895
provisional_fixed_1500_entry,2021-07,426942,827.322391695461,1137.5,1322.5,1432.5,1587.5,1787.5,1987.5,2372.5,3144.63005897444
provisional_fixed_1500_entry,2021-08,428806,827.9163465177154,1137.5,1317.5,1432.5,1587.5,1782.5,1982.5,2372.5,3185.8832028086354
provisional_fixed_1500_entry,2021-09,430943,827.7354698115972,1132.5,1317.5,1432.5,1587.5,1782.5,1982.5,2377.5,3193.482876735649
provisional_fixed_1500_entry,2021-10,432646,827.0629282570926,1132.5,1317.5,1432.5,1582.5,1782.5,1982.5,2377.5,3216.037233625159
provisional_fixed_1500_entry,2021-11,434809,826.0675110610189,1132.5,1317.5,1432.5,1587.5,1782.5,1987.5,2377.5,3218.9744365307206
provisional_fixed_1500_entry,2021-12,438200,826.0351339718478,1132.5,1317.5,1432.5,1582.5,1777.5,1977.5,2372.5,3289.6994066491197
provisional_fixed_1500_entry,2022-01,441296,825.1094788945169,1132.5,1317.5,1432.5,1582.5,1782.5,1982.5,2372.5,3310.220554143003
provisional_fixed_1500_entry,2022-02,443320,824.5876257901231,1137.5,1317.5,1432.5,1582.5,1782.5,1982.5,2377.5,3291.9304837903865
provisional_fixed_1500_entry,2022-03,445564,824.158457712322,1137.5,1322.5,1432.5,1582.5,1782.5,1982.5,2377.5,3313.749247767818
provisional_fixed_1500_entry,2022-04,448299,824.9809905256917,1137.5,1322.5,1432.5,1582.5,1782.5,1982.5,2382.5,3318.171430492464
provisional_fixed_1500_entry,2022-05,451898,824.9122297615805,1132.5,1317.5,1432.5,1582.5,1777.5,1977.5,2372.5,3332.2357246634765
provisional_fixed_1500_entry,2022-06,454636,824.4880262530513,1132.5,1317.5,1427.5,1577.5,1777.5,1977.5,2372.5,3285.5894887679965
provisional_fixed_1500_entry,2022-07,457524,824.1357774614877,1132.5,1317.5,1427.5,1577.5,1772.5,1972.5,2372.5,3322.5474519190807
provisional_fixed_1500_entry,2022-08,460759,824.6574974289865,1132.5,1317.5,1427.5,1572.5,1767.5,1967.5,2362.5,3279.8483985699754
provisional_fixed_1500_entry,2022-09,463718,825.1443631398533,1132.5,1317.5,1427.5,1572.5,1767.5,1967.5,2362.5,3209.140444221997
provisional_fixed_1500_entry,2022-10,466362,824.3604346759364,1132.5,1312.5,1427.5,1572.5,1762.5,1962.5,2357.5,3195.3262008681468
provisional_fixed_1500_entry,2022-11,469589,826.22167629041,1132.5,1312.5,1427.5,1572.5,1762.5,1962.5,2357.5,3209.3316875278074
provisional_fixed_1500_entry,2022-12,473150,826.6720108217788,1127.5,1312.5,1422.5,1567.5,1757.5,1957.5,2357.5,3226.6077746371266
provisional_fixed_1500_entry,2023-01,476049,825.8010931692754,1127.5,1312.5,1422.5,1567.5,1757.5,1957.5,2357.5,3216.555054229438
provisional_fixed_1500_entry,2023-02,480059,826.7723644011511,1127.5,1312.5,1422.5,1567.5,1757.5,1957.5,2357.5,3247.1613254776066
provisional_fixed_1500_entry,2023-03,483551,827.2995542937518,1127.5,1312.5,1422.5,1567.5,1757.5,1957.5,2357.5,3242.8887387357418
provisional_fixed_1500_entry,2023-04,486614,827.0138149863104,1127.5,1307.5,1422.5,1562.5,1752.5,1947.5,2352.5,3247.003099473984
provisional_fixed_1500_entry,2023-05,490437,824.8651055153332,1127.5,1307.5,1422.5,1562.5,1752.5,1952.5,2347.5,3225.4541021426057
provisional_fixed_1500_entry,2023-06,493953,824.2086877254184,1127.5,1307.5,1422.5,1562.5,1752.5,1952.5,2352.5,3234.7997258141563
provisional_fixed_1500_entry,2023-07,496992,824.321233527325,1127.5,1307.5,1417.5,1562.5,1752.5,1952.5,2352.5,3149.171321049836
provisional_fixed_1500_entry,2023-08,500593,825.3061892982752,1127.5,1307.5,1417.5,1562.5,1752.5,1952.5,2357.5,3190.715059258226
provisional_fixed_1500_entry,2023-09,504526,823.9526325741655,1127.5,1307.5,1417.5,1562.5,1752.5,1952.5,2352.5,3233.118358639199
provisional_fixed_1500_entry,2023-10,506855,812.1781905386795,1127.5,1307.5,1417.5,1562.5,1747.5,1947.5,2352.5,3210.219323011078
provisional_fixed_1500_entry,2023-11,510680,824.9281696506023,1127.5,1307.5,1417.5,1557.5,1742.5,1942.5,2347.5,3199.6155963777524
provisional_fixed_1500_entry,2023-12,513968,824.8337186397949,1122.5,1302.5,1412.5,1557.5,1742.5,1942.5,2337.5,3127.32574352357
provisional_fixed_1500_entry,2024-01,517402,805.5465332622362,1127.5,1307.5,1412.5,1557.5,1742.5,1942.5,2342.5,3184.1325367006907
provisional_fixed_1500_entry,2024-02,521940,801.5746922859445,1122.5,1307.5,1417.5,1557.5,1747.5,1947.5,2352.5,3178.3139799911323
provisional_fixed_1500_entry,2024-03,525982,798.643922425495,1117.5,1302.5,1412.5,1552.5,1737.5,1942.5,2347.5,3179.133942351401
provisional_fixed_1500_entry,2024-04,529797,785.0945701284152,1122.5,1302.5,1412.5,1552.5,1737.5,1937.5,2337.5,3235.670606694326
provisional_fixed_1500_entry,2024-05,535092,787.8066560693586,1122.5,1302.5,1412.5,1552.5,1737.5,1937.5,2337.5,3248.5831420865425
provisional_fixed_1500_entry,2024-06,538881,805.9676928683184,1122.5,1302.5,1412.5,1552.5,1732.5,1932.5,2337.5,3212.5955378440995
provisional_fixed_1500_entry,2024-07,541528,784.4237121098644,1122.5,1302.5,1412.5,1552.5,1732.5,1932.5,2337.5,3190.4906111058353
provisional_fixed_1500_entry,2024-08,545471,795.6876682604938,1122.5,1302.5,1412.5,1552.5,1737.5,1932.5,2337.5,3198.3494788205894
provisional_fixed_1500_entry,2024-09,548434,794.1498848908996,1122.5,1302.5,1412.5,1552.5,1737.5,1932.5,2337.5,3178.670915456426
provisional_fixed_1500_entry,2024-10,551044,813.0094327963035,1127.5,1302.5,1412.5,1552.5,1737.5,1932.5,2337.5,3234.0838006726826
provisional_fixed_1500_entry,2024-11,554867,774.9638668287423,1122.5,1302.5,1412.5,1552.5,1737.5,1932.5,2337.5,3202.3445788540016
provisional_fixed_1500_entry,2024-12,558560,799.9599953129767,1117.5,1297.5,1407.5,1547.5,1727.5,1922.5,2327.5,3217.08727416772
provisional_fixed_1500_entry,2025-01,562049,788.3114951061482,1117.5,1302.5,1407.5,1547.5,1732.5,1932.5,2332.5,3232.065444466484
provisional_fixed_1500_entry,2025-02,566253,788.2657606778017,1122.5,1302.5,1412.5,1552.5,1732.5,1932.5,2332.5,3227.987453074207
provisional_fixed_1500_entry,2025-03,569841,761.4618803473015,1117.5,1297.5,1407.5,1547.5,1732.5,1927.5,2332.5,3186.949875091854
provisional_fixed_1500_entry,2025-04,572901,822.3591303725208,1122.5,1302.5,1412.5,1547.5,1732.5,1927.5,2327.5,3204.1350496082446
provisional_fixed_1500_entry,2025-05,576432,822.4641753945539,1122.5,1302.5,1412.5,1552.5,1732.5,1927.5,2332.5,3211.590139398053
provisional_fixed_1500_entry,2025-06,580020,800.9012796119941,1122.5,1302.5,1407.5,1547.5,1732.5,1927.5,2327.5,3188.870251452951
provisional_fixed_1500_entry,2025-07,583072,810.6038017433433,1122.5,1302.5,1407.5,1547.5,1732.5,1932.5,2337.5,3244.085447216673
provisional_fixed_1500_entry,2025-08,586106,801.1969034021104,1122.5,1297.5,1407.5,1547.5,1732.5,1932.5,2332.5,3233.8270471895803
provisional_fixed_1500_entry,2025-09,588993,783.487177574216,1122.5,1302.5,1407.5,1552.5,1732.5,1927.5,2332.5,3245.2237974031204
provisional_fixed_1500_entry,2025-10,591352,754.9136878101773,1117.5,1297.5,1407.5,1547.5,1727.5,1922.5,2327.5,3204.108836245165
provisional_fixed_1500_entry,2025-11,594327,764.3102027590992,1122.5,1302.5,1412.5,1552.5,1732.5,1932.5,2332.5,3233.342475509964
provisional_fixed_1500_entry,2025-12,597530,773.4546814725602,1117.5,1297.5,1407.5,1547.5,1727.5,1922.5,2332.5,3261.246783680048
provisional_without_pool,2008-04,35706,1012.321981391361,1227.5,1337.5,1412.5,1497.5,1567.5,1642.5,1772.5,2048.2590991019397
provisional_without_pool,2008-07,63413,950.1515371951031,1207.5,1327.5,1407.5,1492.5,1567.5,1647.5,1787.5,2011.3277891882178
provisional_without_pool,2008-10,78126,950.1515371951031,1182.5,1312.5,1392.5,1482.5,1567.5,1652.5,1817.5,2067.9678800128486
provisional_without_pool,2009-01,88435,837.966261535762,1167.5,1307.5,1387.5,1477.5,1572.5,1657.5,1832.5,2067.9678800128486
provisional_without_pool,2009-04,96130,837.966261535762,1157.5,1297.5,1382.5,1477.5,1572.5,1662.5,1847.5,2165.3377326254426
provisional_without_pool,2009-07,106936,837.4186335890637,1142.5,1287.5,1377.5,1472.5,1567.5,1662.5,1867.5,2187.901890443626
provisional_without_pool,2009-09,111986,837.966261535762,1127.5,1277.5,1372.5,1467.5,1567.5,1667.5,1882.5,2200.4622995678
provisional_without_pool,2009-11,115356,837.966261535762,1122.5,1272.5,1367.5,1467.5,1567.5,1672.5,1892.5,2200.4622995678
provisional_without_pool,2010-01,119145,837.966261535762,1112.5,1272.5,1362.5,1467.5,1567.5,1672.5,1902.5,2225.8581756980407
provisional_without_pool,2010-03,122006,837.966261535762,1107.5,1267.5,1362.5,1462.5,1567.5,1672.5,1907.5,2294.843289215797
provisional_without_pool,2010-05,126711,837.966261535762,1097.5,1262.5,1357.5,1462.5,1567.5,1677.5,1912.5,2294.843289215797
provisional_without_pool,2010-07,130342,775.1249207678293,1092.5,1257.5,1357.5,1462.5,1567.5,1677.5,1917.5,2241.5463504043128
provisional_without_pool,2010-09,135161,794.2377838516595,1082.5,1252.5,1352.5,1457.5,1567.5,1677.5,1927.5,2276.0039855110376
provisional_without_pool,2010-11,138572,656.9521717898574,1077.5,1247.5,1347.5,1457.5,1567.5,1682.5,1932.5,2274.526537977091
provisional_without_pool,2011-01,142158,656.9521717898574,1072.5,1242.5,1347.5,1457.5,1567.5,1682.5,1937.5,2281.732981657457
provisional_without_pool,2011-03,145507,656.9521717898574,1067.5,1237.5,1342.5,1452.5,1567.5,1682.5,1942.5,2314.966757006609
provisional_without_pool,2011-05,149681,656.9521717898574,1062.5,1232.5,1337.5,1452.5,1567.5,1682.5,1942.5,2310.3375123918267
provisional_without_pool,2011-07,153718,656.9521717898574,1057.5,1232.5,1337.5,1447.5,1567.5,1682.5,1947.5,2330.422251273619
provisional_without_pool,2011-09,158478,620.5106243606347,1052.5,1227.5,1332.5,1447.5,1567.5,1687.5,1952.5,2342.251857057246
provisional_without_pool,2011-11,162520,656.9521717898574,1047.5,1222.5,1327.5,1442.5,1567.5,1687.5,1957.5,2380.202425073946
provisional_without_pool,2012-01,167627,656.9521717898574,1042.5,1222.5,1327.5,1442.5,1562.5,1682.5,1957.5,2380.1357930189106
provisional_without_pool,2012-03,171133,656.9521717898574,1037.5,1217.5,1322.5,1442.5,1562.5,1682.5,1962.5,2395.3889325808154
provisional_without_pool,2012-05,178038,656.9521717898574,1037.5,1212.5,1322.5,1437.5,1562.5,1682.5,1962.5,2406.1189358214133
provisional_without_pool,2012-07,182593,656.9521717898574,1032.5,1207.5,1317.5,1437.5,1557.5,1682.5,1962.5,2414.9407461576934
provisional_without_pool,2012-08,184603,636.8345882813153,1027.5,1207.5,1317.5,1437.5,1557.5,1682.5,1967.5,2414.9407461576934
provisional_without_pool,2012-09,187074,636.8345882813153,1022.5,1207.5,1317.5,1432.5,1557.5,1682.5,1967.5,2484.174665539023
provisional_without_pool,2012-10,188463,636.8345882813153,1022.5,1202.5,1312.5,1432.5,1557.5,1682.5,1967.5,2484.174665539023
provisional_without_pool,2012-11,190357,636.8345882813153,1022.5,1202.5,1312.5,1432.5,1557.5,1682.5,1972.5,2492.9316356122363
provisional_without_pool,2012-12,192314,636.8345882813153,1017.5,1202.5,1312.5,1432.5,1557.5,1682.5,1972.5,2492.9316356122363
provisional_without_pool,2013-01,194095,636.8345882813153,1017.5,1202.5,1312.5,1432.5,1557.5,1682.5,1972.5,2492.9316356122363
provisional_without_pool,2013-02,195949,636.8345882813153,1012.5,1197.5,1312.5,1432.5,1557.5,1682.5,1977.5,2541.4333394904957
provisional_without_pool,2013-03,198152,636.8345882813153,1012.5,1197.5,1307.5,1427.5,1557.5,1682.5,1972.5,2590.4717218408005
provisional_without_pool,2013-04,200710,636.8345882813153,1012.5,1197.5,1307.5,1427.5,1557.5,1682.5,1972.5,2590.4717218408005
provisional_without_pool,2013-05,203414,636.8345882813153,1007.5,1192.5,1307.5,1427.5,1552.5,1682.5,1972.5,2522.869718680543
provisional_without_pool,2013-06,206152,636.8345882813153,1007.5,1192.5,1302.5,1427.5,1552.5,1682.5,1972.5,2511.8644730634396
provisional_without_pool,2013-07,208061,636.8345882813153,1007.5,1192.5,1302.5,1427.5,1552.5,1682.5,1972.5,2511.8644730634396
provisional_without_pool,2013-08,210261,636.8345882813153,1002.5,1187.5,1302.5,1422.5,1552.5,1682.5,1977.5,2508.565697710572
provisional_without_pool,2013-09,212122,636.8345882813153,997.5,1187.5,1302.5,1422.5,1552.5,1682.5,1977.5,2508.565697710572
provisional_without_pool,2013-10,214079,636.8345882813153,997.5,1182.5,1297.5,1422.5,1552.5,1682.5,1982.5,2539.7713417945315
provisional_without_pool,2013-11,216091,590.6056804319052,997.5,1182.5,1297.5,1422.5,1552.5,1682.5,1982.5,2539.7713417945315
provisional_without_pool,2013-12,218026,590.6056804319052,992.5,1182.5,1297.5,1422.5,1552.5,1682.5,1982.5,2554.2232253668876
provisional_without_pool,2014-01,220322,590.6056804319052,992.5,1182.5,1297.5,1417.5,1552.5,1682.5,1982.5,2554.2232253668876
provisional_without_pool,2014-02,222921,590.6056804319052,987.5,1177.5,1297.5,1417.5,1552.5,1682.5,1982.5,2554.2232253668876
provisional_without_pool,2014-03,224736,590.6056804319052,987.5,1177.5,1292.5,1417.5,1552.5,1682.5,1982.5,2589.903215986761
provisional_without_pool,2014-04,226783,590.6056804319052,987.5,1177.5,1292.5,1417.5,1552.5,1682.5,1982.5,2589.903215986761
provisional_without_pool,2014-05,229831,590.6056804319052,987.5,1172.5,1292.5,1417.5,1547.5,1682.5,1982.5,2594.6750463641783
provisional_without_pool,2014-06,232388,590.6056804319052,982.5,1172.5,1287.5,1412.5,1547.5,1682.5,1982.5,2590.131439156251
provisional_without_pool,2014-07,234772,590.6056804319052,982.5,1172.5,1287.5,1412.5,1547.5,1682.5,1982.5,2582.6096697354656
provisional_without_pool,2014-08,237112,590.6056804319052,977.5,1167.5,1287.5,1412.5,1547.5,1682.5,1982.5,2582.6096697354656
provisional_without_pool,2014-09,239031,590.6056804319052,977.5,1167.5,1282.5,1412.5,1547.5,1682.5,1987.5,2569.440885432256
provisional_without_pool,2014-10,241314,576.5032082685276,972.5,1162.5,1282.5,1412.5,1547.5,1682.5,1987.5,2636.3866083115217
provisional_without_pool,2014-11,243994,576.5032082685276,972.5,1162.5,1282.5,1412.5,1547.5,1682.5,1987.5,2602.576607223937
provisional_without_pool,2014-12,246568,576.5032082685276,972.5,1162.5,1282.5,1407.5,1547.5,1682.5,1987.5,2566.311994570785
provisional_without_pool,2015-01,249606,576.5032082685276,967.5,1162.5,1282.5,1407.5,1542.5,1677.5,1987.5,2551.9285162356473
provisional_without_pool,2015-02,252154,576.5032082685276,967.5,1157.5,1277.5,1407.5,1542.5,1677.5,1987.5,2582.116415594651
provisional_without_pool,2015-03,254504,576.5032082685276,967.5,1157.5,1277.5,1407.5,1542.5,1677.5,1987.5,2577.9831684767323
provisional_without_pool,2015-04,256990,576.5032082685276,967.5,1157.5,1277.5,1407.5,1542.5,1677.5,1987.5,2577.9831684767323
provisional_without_pool,2015-05,260361,576.5032082685276,962.5,1152.5,1272.5,1402.5,1542.5,1677.5,1987.5,2629.494409356884
provisional_without_pool,2015-06,263697,576.5032082685276,962.5,1152.5,1272.5,1402.5,1542.5,1677.5,1987.5,2629.494409356884
provisional_without_pool,2015-07,266375,576.5032082685276,957.5,1152.5,1272.5,1402.5,1542.5,1677.5,1987.5,2629.494409356884
provisional_without_pool,2015-08,269027,576.5032082685276,957.5,1147.5,1267.5,1402.5,1537.5,1677.5,1987.5,2577.4906436135907
provisional_without_pool,2015-09,271697,576.5032082685276,957.5,1147.5,1267.5,1402.5,1537.5,1677.5,1987.5,2589.111779281003
provisional_without_pool,2015-10,273996,576.5032082685276,952.5,1147.5,1267.5,1397.5,1537.5,1677.5,1987.5,2589.111779281003
provisional_without_pool,2015-11,276727,576.5032082685276,952.5,1142.5,1267.5,1397.5,1537.5,1677.5,1987.5,2580.923969212779
provisional_without_pool,2015-12,279452,576.5032082685276,952.5,1142.5,1262.5,1397.5,1537.5,1677.5,1987.5,2579.8758349040318
provisional_without_pool,2016-01,282958,576.5032082685276,952.5,1142.5,1262.5,1397.5,1537.5,1677.5,1987.5,2561.607572538763
provisional_without_pool,2016-02,285934,576.5032082685276,947.5,1137.5,1262.5,1397.5,1537.5,1672.5,1987.5,2589.280779383089
provisional_without_pool,2016-03,288812,576.5032082685276,947.5,1137.5,1262.5,1392.5,1532.5,1672.5,1987.5,2627.421540612417
provisional_without_pool,2016-04,291822,576.5032082685276,947.5,1137.5,1257.5,1392.5,1532.5,1672.5,1987.5,2627.421540612417
provisional_without_pool,2016-05,294577,576.5032082685276,942.5,1132.5,1257.5,1392.5,1532.5,1672.5,1987.5,2627.421540612417
provisional_without_pool,2016-06,297892,576.5032082685276,942.5,1132.5,1257.5,1392.5,1532.5,1672.5,1987.5,2659.7743277471473
provisional_without_pool,2016-07,300285,576.5032082685276,942.5,1132.5,1252.5,1392.5,1532.5,1672.5,1987.5,2659.7743277471473
provisional_without_pool,2016-08,303374,576.5032082685276,942.5,1127.5,1252.5,1387.5,1532.5,1672.5,1987.5,2667.8811976410025
provisional_without_pool,2016-09,306107,576.5032082685276,937.5,1127.5,1252.5,1387.5,1532.5,1672.5,1987.5,2667.8811976410025
provisional_without_pool,2016-10,308218,576.5032082685276,937.5,1127.5,1252.5,1387.5,1532.5,1672.5,1987.5,2659.0419736786
provisional_without_pool,2016-11,311147,576.5032082685276,932.5,1127.5,1247.5,1387.5,1527.5,1672.5,1992.5,2659.0419736786
provisional_without_pool,2016-12,313960,576.5032082685276,932.5,1127.5,1247.5,1387.5,1527.5,1672.5,1992.5,2648.03122749585
provisional_without_pool,2017-01,317775,576.5032082685276,932.5,1122.5,1247.5,1387.5,1527.5,1672.5,1987.5,2640.6484906520272
provisional_without_pool,2017-02,320759,576.5032082685276,932.5,1122.5,1247.5,1382.5,1527.5,1672.5,1987.5,2640.6484906520272
provisional_without_pool,2017-03,322957,568.8857065726121,932.5,1122.5,1242.5,1382.5,1527.5,1672.5,1987.5,2669.36710410989
provisional_without_pool,2017-04,325913,568.8857065726121,932.5,1117.5,1242.5,1382.5,1527.5,1672.5,1992.5,2669.36710410989
provisional_without_pool,2017-05,328980,568.8857065726121,927.5,1117.5,1242.5,1382.5,1527.5,1667.5,1992.5,2640.022134244024
provisional_without_pool,2017-06,331640,558.8609185037654,927.5,1117.5,1242.5,1382.5,1527.5,1667.5,1992.5,2624.229868738652
provisional_without_pool,2017-07,334347,558.8609185037654,927.5,1117.5,1237.5,1377.5,1522.5,1667.5,1992.5,2636.1274300614687
provisional_without_pool,2017-08,337129,558.8609185037654,927.5,1112.5,1237.5,1377.5,1522.5,1667.5,1992.5,2616.841008426752
provisional_without_pool,2017-09,339880,558.8609185037654,927.5,1112.5,1237.5,1377.5,1522.5,1667.5,1992.5,2627.7516897936484
provisional_without_pool,2017-10,342003,518.313196060515,922.5,1112.5,1237.5,1377.5,1522.5,1667.5,1992.5,2617.5405239529073
provisional_without_pool,2017-11,344390,518.313196060515,922.5,1112.5,1237.5,1377.5,1522.5,1667.5,1992.5,2655.477689189201
provisional_without_pool,2017-12,347525,518.313196060515,922.5,1112.5,1237.5,1377.5,1522.5,1667.5,1992.5,2655.477689189201
provisional_without_pool,2018-01,350594,518.313196060515,922.5,1107.5,1232.5,1377.5,1522.5,1667.5,1992.5,2640.513116115124
provisional_without_pool,2018-02,353502,518.313196060515,922.5,1107.5,1232.5,1372.5,1522.5,1667.5,1992.5,2680.7524051607847
provisional_without_pool,2018-03,355978,518.313196060515,922.5,1107.5,1232.5,1372.5,1522.5,1667.5,1992.5,2680.7524051607847
provisional_without_pool,2018-04,358254,518.313196060515,922.5,1107.5,1232.5,1372.5,1517.5,1667.5,1992.5,2680.7524051607847
provisional_without_pool,2018-05,361594,518.313196060515,917.5,1107.5,1227.5,1372.5,1517.5,1667.5,1992.5,2686.3108630293195
provisional_without_pool,2018-06,364493,518.313196060515,917.5,1102.5,1227.5,1372.5,1517.5,1667.5,1992.5,2686.3108630293195
provisional_without_pool,2018-07,367002,518.313196060515,917.5,1102.5,1227.5,1372.5,1517.5,1667.5,1992.5,2674.635403881792
provisional_without_pool,2018-08,370041,518.313196060515,917.5,1102.5,1227.5,1367.5,1517.5,1667.5,1992.5,2674.635403881792
provisional_without_pool,2018-09,372716,518.313196060515,917.5,1102.5,1227.5,1367.5,1517.5,1667.5,1992.5,2668.087013246957
provisional_without_pool,2018-10,374320,518.313196060515,917.5,1102.5,1222.5,1367.5,1517.5,1667.5,1992.5,2668.087013246957
provisional_without_pool,2018-11,376598,518.313196060515,917.5,1097.5,1222.5,1367.5,1517.5,1662.5,1992.5,2684.251406787785
provisional_without_pool,2018-12,379292,518.313196060515,917.5,1097.5,1222.5,1367.5,1517.5,1662.5,1992.5,2676.0096207808338
provisional_without_pool,2019-01,382258,518.313196060515,912.5,1097.5,1222.5,1367.5,1517.5,1662.5,1992.5,2667.319970007504
provisional_without_pool,2019-02,385227,518.313196060515,912.5,1097.5,1222.5,1367.5,1512.5,1662.5,1992.5,2700.9395918327423
provisional_without_pool,2019-03,387207,518.313196060515,912.5,1097.5,1222.5,1362.5,1512.5,1662.5,1997.5,2700.9395918327423
provisional_without_pool,2019-04,389783,518.313196060515,912.5,1097.5,1217.5,1362.5,1512.5,1662.5,1992.5,2700.9395918327423
provisional_without_pool,2019-05,393041,518.313196060515,912.5,1097.5,1217.5,1362.5,1512.5,1662.5,1992.5,2753.9240127205826
provisional_without_pool,2019-06,395348,518.313196060515,912.5,1092.5,1217.5,1362.5,1512.5,1662.5,1992.5,2789.972538721803
provisional_without_pool,2019-07,397811,518.313196060515,912.5,1092.5,1217.5,1362.5,1512.5,1662.5,1997.5,2769.2122773679994
provisional_without_pool,2019-08,400598,518.313196060515,912.5,1092.5,1217.5,1362.5,1512.5,1662.5,1992.5,2794.6488345743564
provisional_without_pool,2019-09,403401,518.313196060515,912.5,1092.5,1212.5,1362.5,1512.5,1662.5,1997.5,2763.541270079524
provisional_without_pool,2019-10,405002,518.313196060515,907.5,1092.5,1212.5,1362.5,1512.5,1662.5,1997.5,2763.541270079524
provisional_without_pool,2019-11,407499,517.0339058099597,912.5,1092.5,1212.5,1357.5,1512.5,1662.5,1997.5,2742.0800524369533
provisional_without_pool,2019-12,410364,517.0339058099597,912.5,1092.5,1212.5,1357.5,1512.5,1662.5,1997.5,2746.1359998361177
provisional_without_pool,2020-01,412890,518.313196060515,907.5,1092.5,1212.5,1357.5,1512.5,1662.5,1992.5,2747.2007509622226
provisional_without_pool,2020-02,415476,518.313196060515,907.5,1092.5,1212.5,1357.5,1507.5,1662.5,1997.5,2751.3514210315334
provisional_without_pool,2020-03,417248,518.313196060515,907.5,1087.5,1212.5,1357.5,1507.5,1662.5,1992.5,2751.3514210315334
provisional_without_pool,2020-04,418821,518.313196060515,907.5,1087.5,1212.5,1357.5,1507.5,1662.5,1997.5,2751.3514210315334
provisional_without_pool,2020-05,418959,518.313196060515,907.5,1087.5,1212.5,1357.5,1507.5,1662.5,1997.5,2751.3514210315334
provisional_without_pool,2020-06,419092,518.313196060515,907.5,1087.5,1212.5,1357.5,1507.5,1662.5,1997.5,2720.9562615646932
provisional_without_pool,2020-07,419101,518.313196060515,907.5,1087.5,1212.5,1357.5,1507.5,1662.5,1997.5,2720.9562615646932
provisional_without_pool,2020-08,419308,518.313196060515,907.5,1087.5,1212.5,1357.5,1507.5,1662.5,1997.5,2720.9562615646932
provisional_without_pool,2020-09,419735,518.313196060515,907.5,1087.5,1212.5,1357.5,1507.5,1662.5,1992.5,2720.9562615646932
provisional_without_pool,2020-10,420244,518.313196060515,907.5,1087.5,1212.5,1357.5,1507.5,1662.5,1992.5,2720.9562615646932
provisional_without_pool,2020-11,420703,518.313196060515,907.5,1087.5,1212.5,1357.5,1507.5,1662.5,1992.5,2720.9562615646932
provisional_without_pool,2020-12,421132,518.313196060515,907.5,1087.5,1212.5,1357.5,1507.5,1662.5,1992.5,2731.43571116681
provisional_without_pool,2021-01,421548,518.313196060515,907.5,1087.5,1212.5,1357.5,1507.5,1662.5,1992.5,2731.43571116681
provisional_without_pool,2021-02,422000,518.313196060515,907.5,1087.5,1212.5,1357.5,1507.5,1662.5,1992.5,2731.43571116681
provisional_without_pool,2021-03,422315,518.313196060515,907.5,1087.5,1207.5,1357.5,1507.5,1662.5,1992.5,2731.43571116681
provisional_without_pool,2021-04,422997,518.313196060515,907.5,1087.5,1207.5,1357.5,1507.5,1662.5,1992.5,2692.5424250990286
provisional_without_pool,2021-05,424119,518.313196060515,907.5,1087.5,1207.5,1357.5,1507.5,1657.5,1992.5,2692.5424250990286
provisional_without_pool,2021-06,424918,518.313196060515,907.5,1087.5,1207.5,1357.5,1507.5,1657.5,1992.5,2692.5424250990286
provisional_without_pool,2021-07,426942,518.313196060515,907.5,1087.5,1207.5,1357.5,1507.5,1657.5,1992.5,2692.5424250990286
provisional_without_pool,2021-08,428806,518.313196060515,907.5,1087.5,1207.5,1357.5,1507.5,1657.5,1992.5,2692.5424250990286
provisional_without_pool,2021-09,430943,509.01145282638237,907.5,1087.5,1207.5,1357.5,1507.5,1657.5,1992.5,2747.4721975182047
provisional_without_pool,2021-10,432646,509.01145282638237,907.5,1087.5,1207.5,1357.5,1507.5,1657.5,1992.5,2752.516685925251
provisional_without_pool,2021-11,434809,509.01145282638237,907.5,1087.5,1207.5,1357.5,1507.5,1657.5,1992.5,2752.516685925251
provisional_without_pool,2021-12,438200,509.01145282638237,907.5,1087.5,1207.5,1352.5,1507.5,1657.5,1992.5,2759.2348155592176
provisional_without_pool,2022-01,441296,509.01145282638237,907.5,1087.5,1207.5,1352.5,1507.5,1657.5,1992.5,2777.142535075865
provisional_without_pool,2022-02,443320,509.01145282638237,907.5,1087.5,1207.5,1352.5,1502.5,1657.5,1992.5,2777.142535075865
provisional_without_pool,2022-03,445564,509.01145282638237,907.5,1087.5,1207.5,1352.5,1502.5,1657.5,1992.5,2773.6488024302926
provisional_without_pool,2022-04,448299,509.01145282638237,907.5,1087.5,1207.5,1352.5,1502.5,1657.5,1992.5,2773.6488024302926
provisional_without_pool,2022-05,451898,509.01145282638237,907.5,1087.5,1207.5,1352.5,1502.5,1652.5,1992.5,2773.6488024302926
provisional_without_pool,2022-06,454636,509.01145282638237,907.5,1087.5,1207.5,1352.5,1502.5,1652.5,1992.5,2773.6488024302926
provisional_without_pool,2022-07,457524,509.01145282638237,907.5,1087.5,1207.5,1352.5,1502.5,1652.5,1987.5,2771.2341403181686
provisional_without_pool,2022-08,460759,509.01145282638237,907.5,1087.5,1202.5,1352.5,1502.5,1652.5,1987.5,2771.2341403181686
provisional_without_pool,2022-09,463718,509.01145282638237,907.5,1087.5,1202.5,1347.5,1502.5,1652.5,1987.5,2771.075620553133
provisional_without_pool,2022-10,466362,509.01145282638237,907.5,1082.5,1202.5,1347.5,1502.5,1652.5,1987.5,2724.1062221395878
provisional_without_pool,2022-11,469589,509.01145282638237,907.5,1082.5,1202.5,1347.5,1502.5,1652.5,1987.5,2751.538517549874
provisional_without_pool,2022-12,473150,509.01145282638237,907.5,1082.5,1202.5,1347.5,1497.5,1652.5,1987.5,2751.538517549874
provisional_without_pool,2023-01,476049,509.01145282638237,907.5,1082.5,1202.5,1347.5,1497.5,1652.5,1987.5,2751.538517549874
provisional_without_pool,2023-02,480059,509.01145282638237,907.5,1082.5,1202.5,1347.5,1497.5,1652.5,1987.5,2740.1439232036096
provisional_without_pool,2023-03,483551,509.01145282638237,912.5,1082.5,1202.5,1347.5,1497.5,1647.5,1987.5,2740.1439232036096
provisional_without_pool,2023-04,486614,509.01145282638237,912.5,1082.5,1202.5,1347.5,1497.5,1647.5,1987.5,2744.875110452267
provisional_without_pool,2023-05,490437,509.01145282638237,912.5,1082.5,1202.5,1342.5,1497.5,1647.5,1982.5,2744.875110452267
provisional_without_pool,2023-06,493953,509.01145282638237,912.5,1082.5,1197.5,1342.5,1497.5,1647.5,1982.5,2744.875110452267
provisional_without_pool,2023-07,496992,509.01145282638237,912.5,1082.5,1197.5,1342.5,1497.5,1647.5,1982.5,2690.3295048110426
provisional_without_pool,2023-08,500593,509.01145282638237,907.5,1082.5,1197.5,1342.5,1492.5,1647.5,1982.5,2690.3295048110426
provisional_without_pool,2023-09,504526,509.01145282638237,907.5,1082.5,1197.5,1342.5,1492.5,1647.5,1982.5,2732.964867858172
provisional_without_pool,2023-10,506855,509.01145282638237,907.5,1082.5,1197.5,1342.5,1492.5,1647.5,1982.5,2732.964867858172
provisional_without_pool,2023-11,510680,509.01145282638237,907.5,1082.5,1197.5,1342.5,1492.5,1647.5,1982.5,2718.2247457182984
provisional_without_pool,2023-12,513968,509.01145282638237,907.5,1082.5,1197.5,1342.5,1492.5,1647.5,1982.5,2723.378865487046
provisional_without_pool,2024-01,517402,509.01145282638237,907.5,1082.5,1197.5,1342.5,1492.5,1647.5,1982.5,2723.378865487046
provisional_without_pool,2024-02,521940,509.01145282638237,907.5,1082.5,1197.5,1337.5,1492.5,1642.5,1982.5,2723.378865487046
provisional_without_pool,2024-03,525982,509.01145282638237,907.5,1082.5,1197.5,1337.5,1492.5,1642.5,1982.5,2723.378865487046
provisional_without_pool,2024-04,529797,509.01145282638237,907.5,1077.5,1197.5,1337.5,1492.5,1642.5,1977.5,2723.378865487046
provisional_without_pool,2024-05,535092,509.01145282638237,907.5,1077.5,1197.5,1337.5,1492.5,1642.5,1977.5,2723.378865487046
provisional_without_pool,2024-06,538881,509.01145282638237,912.5,1077.5,1192.5,1337.5,1492.5,1642.5,1977.5,2723.378865487046
provisional_without_pool,2024-07,541528,509.01145282638237,912.5,1077.5,1192.5,1337.5,1487.5,1642.5,1977.5,2731.622540601937
provisional_without_pool,2024-08,545471,509.01145282638237,912.5,1077.5,1192.5,1337.5,1487.5,1642.5,1977.5,2731.622540601937
provisional_without_pool,2024-09,548434,509.01145282638237,912.5,1077.5,1192.5,1337.5,1487.5,1642.5,1977.5,2731.622540601937
provisional_without_pool,2024-10,551044,509.01145282638237,912.5,1077.5,1192.5,1337.5,1487.5,1642.5,1977.5,2775.0327093067895
provisional_without_pool,2024-11,554867,509.01145282638237,912.5,1077.5,1192.5,1337.5,1487.5,1642.5,1977.5,2751.9755837725224
provisional_without_pool,2024-12,558560,509.01145282638237,912.5,1077.5,1192.5,1337.5,1487.5,1642.5,1977.5,2749.3035515707866
provisional_without_pool,2025-01,562049,509.01145282638237,912.5,1077.5,1192.5,1332.5,1487.5,1642.5,1977.5,2748.8378651550343
provisional_without_pool,2025-02,566253,509.01145282638237,912.5,1077.5,1192.5,1332.5,1487.5,1642.5,1977.5,2748.8378651550343
provisional_without_pool,2025-03,569841,509.01145282638237,912.5,1077.5,1192.5,1332.5,1487.5,1637.5,1977.5,2729.8132260723733
provisional_without_pool,2025-04,572901,509.01145282638237,912.5,1077.5,1192.5,1332.5,1487.5,1637.5,1977.5,2749.1342694954624
provisional_without_pool,2025-05,576432,509.01145282638237,912.5,1077.5,1187.5,1332.5,1487.5,1637.5,1977.5,2749.1342694954624
provisional_without_pool,2025-06,580020,509.01145282638237,912.5,1077.5,1187.5,1332.5,1487.5,1637.5,1977.5,2749.1342694954624
provisional_without_pool,2025-07,583072,509.01145282638237,912.5,1077.5,1187.5,1332.5,1482.5,1637.5,1977.5,2761.1001481165526
provisional_without_pool,2025-08,586106,509.01145282638237,912.5,1077.5,1187.5,1332.5,1482.5,1637.5,1977.5,2761.1001481165526
provisional_without_pool,2025-09,588993,509.01145282638237,912.5,1077.5,1187.5,1332.5,1482.5,1637.5,1977.5,2761.1001481165526
provisional_without_pool,2025-10,591352,509.01145282638237,912.5,1077.5,1187.5,1327.5,1482.5,1637.5,1977.5,2761.1001481165526
provisional_without_pool,2025-11,594327,509.01145282638237,912.5,1077.5,1187.5,1327.5,1482.5,1637.5,1977.5,2761.1001481165526
provisional_without_pool,2025-12,597530,509.01145282638237,912.5,1077.5,1187.5,1327.5,1482.5,1637.5,1977.5,2764.069809625363
provisional_without_pair_interaction,2008-04,35706,1044.2411987602059,1222.5,1342.5,1422.5,1507.5,1602.5,1697.5,1862.5,2215.589763067239
provisional_without_pair_interaction,2008-07,63413,991.1184305282621,1232.5,1357.5,1437.5,1532.5,1627.5,1727.5,1917.5,2238.716405053892
provisional_without_pair_interaction,2008-10,78126,945.4860231556994,1217.5,1367.5,1457.5,1562.5,1672.5,1782.5,1977.5,2287.820127736558
provisional_without_pair_interaction,2009-01,88435,926.4465775474629,1217.5,1367.5,1457.5,1567.5,1682.5,1792.5,2012.5,2334.2937647550207
provisional_without_pair_interaction,2009-04,96130,926.0162229134229,1212.5,1362.5,1457.5,1572.5,1697.5,1817.5,2042.5,2402.5908706541727
provisional_without_pair_interaction,2009-07,106936,929.1663122444576,1207.5,1367.5,1462.5,1582.5,1702.5,1827.5,2062.5,2369.498911422333
provisional_without_pair_interaction,2009-09,111986,926.5993977006618,1217.5,1377.5,1477.5,1597.5,1727.5,1857.5,2107.5,2457.326008549226
provisional_without_pair_interaction,2009-11,115356,928.2264960815481,1217.5,1377.5,1482.5,1607.5,1742.5,1872.5,2132.5,2447.133629210204
provisional_without_pair_interaction,2010-01,119145,930.5063792476108,1217.5,1382.5,1487.5,1617.5,1752.5,1882.5,2137.5,2471.7706164470155
provisional_without_pair_interaction,2010-03,122006,931.8866285146413,1222.5,1387.5,1492.5,1622.5,1762.5,1902.5,2172.5,2694.3006700160918
provisional_without_pair_interaction,2010-05,126711,932.5039006808871,1217.5,1387.5,1497.5,1632.5,1777.5,1917.5,2187.5,2676.5208060457585
provisional_without_pair_interaction,2010-07,130342,932.101847398193,1212.5,1382.5,1497.5,1637.5,1787.5,1927.5,2207.5,2609.9128134202615
provisional_without_pair_interaction,2010-09,135161,928.8433922657491,1217.5,1387.5,1502.5,1642.5,1797.5,1937.5,2212.5,2623.4177083075638
provisional_without_pair_interaction,2010-11,138572,739.1021502760362,1222.5,1392.5,1507.5,1652.5,1802.5,1947.5,2227.5,2599.330485318456
provisional_without_pair_interaction,2011-01,142158,739.271301652597,1222.5,1397.5,1507.5,1652.5,1802.5,1947.5,2232.5,2617.0237055831576
provisional_without_pair_interaction,2011-03,145507,739.2585514344387,1217.5,1392.5,1507.5,1647.5,1802.5,1947.5,2232.5,2584.484697180685
provisional_without_pair_interaction,2011-05,149681,741.4657441071636,1217.5,1392.5,1507.5,1657.5,1812.5,1957.5,2252.5,2817.2712194291335
provisional_without_pair_interaction,2011-07,153718,740.8797651883023,1212.5,1392.5,1512.5,1662.5,1822.5,1967.5,2257.5,2777.0755765288136
provisional_without_pair_interaction,2011-09,158478,743.1423309968595,1217.5,1402.5,1517.5,1672.5,1832.5,1982.5,2277.5,2683.8196045897307
provisional_without_pair_interaction,2011-11,162520,741.958949182394,1227.5,1402.5,1522.5,1672.5,1832.5,1982.5,2272.5,2714.699165217804
provisional_without_pair_interaction,2012-01,167627,741.7629265676975,1232.5,1407.5,1522.5,1672.5,1832.5,1982.5,2287.5,2725.168344940111
provisional_without_pair_interaction,2012-03,171133,740.2842493625902,1227.5,1397.5,1517.5,1667.5,1832.5,1987.5,2287.5,2729.3179031173745
provisional_without_pair_interaction,2012-05,178038,739.1699818840692,1222.5,1397.5,1512.5,1667.5,1837.5,1992.5,2297.5,2773.6283991828604
provisional_without_pair_interaction,2012-07,182593,739.3395891737157,1222.5,1397.5,1517.5,1672.5,1837.5,1992.5,2302.5,2773.0263965096933
provisional_without_pair_interaction,2012-08,184603,740.6522479510513,1222.5,1397.5,1517.5,1667.5,1832.5,1992.5,2307.5,2768.134998550929
provisional_without_pair_interaction,2012-09,187074,739.7970380937963,1227.5,1402.5,1522.5,1677.5,1847.5,2002.5,2312.5,2815.700605041549
provisional_without_pair_interaction,2012-10,188463,741.3562139547133,1222.5,1402.5,1522.5,1682.5,1847.5,2007.5,2322.5,2862.850259328806
provisional_without_pair_interaction,2012-11,190357,742.0302223218623,1222.5,1402.5,1522.5,1682.5,1852.5,2012.5,2327.5,2908.041661312543
provisional_without_pair_interaction,2012-12,192314,742.0592921832432,1227.5,1407.5,1527.5,1687.5,1857.5,2017.5,2337.5,2869.3053717298358
provisional_without_pair_interaction,2013-01,194095,740.7545027662738,1227.5,1407.5,1527.5,1687.5,1862.5,2022.5,2337.5,2887.166542991296
provisional_without_pair_interaction,2013-02,195949,740.0539906337868,1222.5,1402.5,1522.5,1682.5,1857.5,2022.5,2342.5,2935.3409295374286
provisional_without_pair_interaction,2013-03,198152,739.8193964748086,1212.5,1397.5,1517.5,1682.5,1857.5,2022.5,2337.5,2940.358130713426
provisional_without_pair_interaction,2013-04,200710,740.3703318826933,1217.5,1397.5,1517.5,1682.5,1857.5,2022.5,2347.5,2965.193749862243
provisional_without_pair_interaction,2013-05,203414,739.511473011942,1222.5,1402.5,1522.5,1687.5,1867.5,2032.5,2352.5,2932.7992940709673
provisional_without_pair_interaction,2013-06,206152,739.4401399620059,1227.5,1407.5,1527.5,1692.5,1867.5,2032.5,2357.5,2935.411646376474
provisional_without_pair_interaction,2013-07,208061,739.9402541373822,1227.5,1407.5,1527.5,1692.5,1872.5,2037.5,2362.5,2965.844818003916
provisional_without_pair_interaction,2013-08,210261,741.2265249450746,1227.5,1407.5,1532.5,1697.5,1877.5,2042.5,2367.5,2930.120017298608
provisional_without_pair_interaction,2013-09,212122,742.669353278109,1227.5,1407.5,1532.5,1707.5,1887.5,2052.5,2372.5,2928.9711536310283
provisional_without_pair_interaction,2013-10,214079,743.9664984331503,1227.5,1412.5,1537.5,1702.5,1887.5,2052.5,2382.5,3008.067202265049
provisional_without_pair_interaction,2013-11,216091,744.1741983243558,1232.5,1412.5,1542.5,1712.5,1892.5,2062.5,2392.5,3019.936807512766
provisional_without_pair_interaction,2013-12,218026,743.7382393388161,1227.5,1412.5,1537.5,1707.5,1892.5,2062.5,2387.5,2983.8008979154383
provisional_without_pair_interaction,2014-01,220322,743.6125991669094,1227.5,1412.5,1537.5,1712.5,1897.5,2067.5,2397.5,3033.5040786173317
provisional_without_pair_interaction,2014-02,222921,745.0245640232405,1227.5,1407.5,1532.5,1707.5,1897.5,2072.5,2407.5,3046.012069761168
provisional_without_pair_interaction,2014-03,224736,744.7538694437092,1227.5,1407.5,1532.5,1707.5,1892.5,2072.5,2412.5,3084.348838043829
provisional_without_pair_interaction,2014-04,226783,744.9219520095121,1227.5,1407.5,1532.5,1707.5,1897.5,2077.5,2412.5,3079.2361969224344
provisional_without_pair_interaction,2014-05,229831,744.1181641004289,1227.5,1407.5,1537.5,1712.5,1902.5,2077.5,2412.5,3058.4909159441813
provisional_without_pair_interaction,2014-06,232388,743.6912312784543,1227.5,1412.5,1537.5,1717.5,1907.5,2082.5,2417.5,3079.6620795868976
provisional_without_pair_interaction,2014-07,234772,743.0557239679854,1227.5,1407.5,1537.5,1712.5,1907.5,2082.5,2417.5,3080.3079225317824
provisional_without_pair_interaction,2014-08,237112,744.1327266895856,1227.5,1412.5,1542.5,1717.5,1912.5,2087.5,2422.5,3049.5570551480814
provisional_without_pair_interaction,2014-09,239031,744.7315909436637,1222.5,1407.5,1537.5,1717.5,1912.5,2087.5,2427.5,3044.2685716339233
provisional_without_pair_interaction,2014-10,241314,744.3165572446517,1222.5,1412.5,1537.5,1722.5,1917.5,2092.5,2427.5,3117.403843811757
provisional_without_pair_interaction,2014-11,243994,744.4190138136909,1232.5,1417.5,1547.5,1732.5,1922.5,2097.5,2437.5,3074.7398825365985
provisional_without_pair_interaction,2014-12,246568,744.9280377299643,1232.5,1417.5,1547.5,1727.5,1922.5,2097.5,2437.5,3051.4127750095795
provisional_without_pair_interaction,2015-01,249606,744.5904990923009,1227.5,1412.5,1542.5,1722.5,1917.5,2097.5,2437.5,3044.8350318857856
provisional_without_pair_interaction,2015-02,252154,743.9631687382745,1227.5,1412.5,1537.5,1717.5,1912.5,2092.5,2437.5,3091.157066059075
provisional_without_pair_interaction,2015-03,254504,744.4025419080356,1227.5,1412.5,1537.5,1717.5,1912.5,2092.5,2437.5,3061.626283536265
provisional_without_pair_interaction,2015-04,256990,744.1079277096172,1227.5,1412.5,1537.5,1722.5,1917.5,2092.5,2437.5,3055.103285653454
provisional_without_pair_interaction,2015-05,260361,743.4206160371411,1227.5,1407.5,1537.5,1722.5,1922.5,2102.5,2442.5,3128.1577888069296
provisional_without_pair_interaction,2015-06,263697,742.8022071962456,1227.5,1412.5,1542.5,1722.5,1922.5,2102.5,2442.5,3120.03378803156
provisional_without_pair_interaction,2015-07,266375,743.6940118572511,1227.5,1412.5,1537.5,1722.5,1917.5,2097.5,2447.5,3147.3366509787634
provisional_without_pair_interaction,2015-08,269027,745.2633560818163,1222.5,1407.5,1537.5,1722.5,1917.5,2102.5,2452.5,3097.2957883319946
provisional_without_pair_interaction,2015-09,271697,745.8911447854375,1227.5,1412.5,1542.5,1727.5,1922.5,2107.5,2462.5,3145.1162516698287
provisional_without_pair_interaction,2015-10,273996,746.2055675995415,1222.5,1407.5,1537.5,1722.5,1917.5,2102.5,2457.5,3138.5926154316508
provisional_without_pair_interaction,2015-11,276727,744.7588543524579,1222.5,1407.5,1537.5,1722.5,1922.5,2102.5,2462.5,3126.511822790027
provisional_without_pair_interaction,2015-12,279452,744.959523943676,1222.5,1407.5,1537.5,1722.5,1917.5,2102.5,2462.5,3113.9829107761625
provisional_without_pair_interaction,2016-01,282958,746.2330354311189,1222.5,1407.5,1537.5,1717.5,1912.5,2097.5,2457.5,3105.7769051952196
provisional_without_pair_interaction,2016-02,285934,744.8783025183599,1222.5,1407.5,1532.5,1712.5,1907.5,2092.5,2457.5,3091.44963319706
provisional_without_pair_interaction,2016-03,288812,744.2320937930734,1222.5,1407.5,1537.5,1717.5,1917.5,2097.5,2457.5,3072.009326556325
provisional_without_pair_interaction,2016-04,291822,744.6278348089071,1222.5,1407.5,1537.5,1722.5,1917.5,2102.5,2457.5,3145.1841779783604
provisional_without_pair_interaction,2016-05,294577,746.3601606644602,1222.5,1407.5,1537.5,1722.5,1922.5,2107.5,2462.5,3159.6551471506077
provisional_without_pair_interaction,2016-06,297892,747.5805540991081,1222.5,1407.5,1537.5,1717.5,1917.5,2102.5,2462.5,3180.3633967897404
provisional_without_pair_interaction,2016-07,300285,748.6384313120279,1222.5,1407.5,1537.5,1722.5,1922.5,2102.5,2462.5,3151.8099331675353
provisional_without_pair_interaction,2016-08,303374,749.7369148495642,1222.5,1407.5,1537.5,1722.5,1917.5,2102.5,2462.5,3192.8682823226327
provisional_without_pair_interaction,2016-09,306107,749.5873619229462,1217.5,1402.5,1532.5,1712.5,1912.5,2097.5,2467.5,3175.768477345448
provisional_without_pair_interaction,2016-10,308218,750.5946329240606,1217.5,1402.5,1532.5,1717.5,1912.5,2097.5,2467.5,3175.868829932507
provisional_without_pair_interaction,2016-11,311147,750.5619109036048,1212.5,1402.5,1532.5,1712.5,1912.5,2102.5,2467.5,3188.7499824599818
provisional_without_pair_interaction,2016-12,313960,750.3208486894908,1217.5,1402.5,1537.5,1722.5,1922.5,2107.5,2472.5,3149.689116151174
provisional_without_pair_interaction,2017-01,317775,750.4581734999947,1212.5,1402.5,1532.5,1717.5,1912.5,2102.5,2467.5,3140.2452855132024
provisional_without_pair_interaction,2017-02,320759,750.6872231672875,1212.5,1402.5,1532.5,1712.5,1912.5,2102.5,2472.5,3156.7819973766045
provisional_without_pair_interaction,2017-03,322957,750.8704316069893,1212.5,1402.5,1532.5,1717.5,1917.5,2107.5,2472.5,3261.0140449829682
provisional_without_pair_interaction,2017-04,325913,752.4768373317957,1212.5,1397.5,1527.5,1712.5,1917.5,2107.5,2477.5,3269.87731443299
provisional_without_pair_interaction,2017-05,328980,751.1620728252976,1212.5,1402.5,1532.5,1717.5,1917.5,2107.5,2477.5,3222.010573089472
provisional_without_pair_interaction,2017-06,331640,750.7006197222885,1217.5,1402.5,1537.5,1717.5,1922.5,2107.5,2482.5,3222.734619606075
provisional_without_pair_interaction,2017-07,334347,750.4329359136138,1217.5,1402.5,1537.5,1722.5,1922.5,2112.5,2482.5,3220.124107880494
provisional_without_pair_interaction,2017-08,337129,751.9169749674118,1212.5,1402.5,1537.5,1722.5,1922.5,2112.5,2487.5,3220.211478284943
provisional_without_pair_interaction,2017-09,339880,751.2413565553545,1212.5,1402.5,1537.5,1722.5,1922.5,2112.5,2487.5,3201.111274904983
provisional_without_pair_interaction,2017-10,342003,752.1817055290959,1212.5,1402.5,1532.5,1717.5,1922.5,2112.5,2487.5,3206.632713571142
provisional_without_pair_interaction,2017-11,344390,751.4256919604223,1212.5,1402.5,1537.5,1722.5,1927.5,2117.5,2487.5,3194.8598593561956
provisional_without_pair_interaction,2017-12,347525,750.2118913651483,1217.5,1402.5,1537.5,1722.5,1922.5,2117.5,2492.5,3211.376047215438
provisional_without_pair_interaction,2018-01,350594,750.7476271791265,1212.5,1402.5,1532.5,1717.5,1922.5,2117.5,2492.5,3226.4429413480416
provisional_without_pair_interaction,2018-02,353502,750.6796882855474,1212.5,1402.5,1532.5,1717.5,1922.5,2112.5,2487.5,3270.81951210156
provisional_without_pair_interaction,2018-03,355978,751.1640362354775,1217.5,1402.5,1537.5,1722.5,1927.5,2117.5,2492.5,3269.826247358429
provisional_without_pair_interaction,2018-04,358254,751.329631402107,1217.5,1402.5,1537.5,1722.5,1927.5,2122.5,2502.5,3267.960515239493
provisional_without_pair_interaction,2018-05,361594,750.7904194882286,1212.5,1402.5,1532.5,1717.5,1927.5,2122.5,2497.5,3289.6466506439106
provisional_without_pair_interaction,2018-06,364493,749.5893526076483,1217.5,1402.5,1537.5,1722.5,1927.5,2122.5,2502.5,3302.0052211725406
provisional_without_pair_interaction,2018-07,367002,750.6237145851203,1217.5,1402.5,1537.5,1722.5,1927.5,2117.5,2497.5,3295.669676174787
provisional_without_pair_interaction,2018-08,370041,752.1379249677863,1212.5,1402.5,1532.5,1717.5,1922.5,2112.5,2492.5,3256.868105584147
provisional_without_pair_interaction,2018-09,372716,752.3452161249514,1217.5,1402.5,1537.5,1717.5,1927.5,2117.5,2497.5,3280.4074347970254
provisional_without_pair_interaction,2018-10,374320,752.3179344888495,1212.5,1402.5,1537.5,1717.5,1927.5,2122.5,2502.5,3294.7594392772216
provisional_without_pair_interaction,2018-11,376598,753.5276844203887,1212.5,1402.5,1537.5,1722.5,1927.5,2122.5,2502.5,3304.21176478294
provisional_without_pair_interaction,2018-12,379292,753.155073801597,1217.5,1402.5,1537.5,1717.5,1922.5,2117.5,2502.5,3309.26497511285
provisional_without_pair_interaction,2019-01,382258,753.0991419940051,1217.5,1402.5,1532.5,1717.5,1917.5,2112.5,2502.5,3274.518826809522
provisional_without_pair_interaction,2019-02,385227,754.8141273439333,1212.5,1402.5,1537.5,1717.5,1927.5,2122.5,2507.5,3322.0286601354987
provisional_without_pair_interaction,2019-03,387207,751.6485058830609,1217.5,1402.5,1537.5,1717.5,1922.5,2117.5,2502.5,3296.8781872885224
provisional_without_pair_interaction,2019-04,389783,751.0356362278377,1217.5,1402.5,1537.5,1717.5,1927.5,2117.5,2502.5,3313.867658050614
provisional_without_pair_interaction,2019-05,393041,750.1715220283952,1217.5,1402.5,1537.5,1722.5,1922.5,2117.5,2502.5,3363.9047580380634
provisional_without_pair_interaction,2019-06,395348,752.1245448864175,1217.5,1402.5,1537.5,1717.5,1922.5,2117.5,2502.5,3395.716913692966
provisional_without_pair_interaction,2019-07,397811,753.3317249672743,1217.5,1407.5,1537.5,1722.5,1927.5,2122.5,2507.5,3377.312965092336
provisional_without_pair_interaction,2019-08,400598,752.5595332576474,1217.5,1402.5,1537.5,1722.5,1932.5,2127.5,2512.5,3404.0766483825255
provisional_without_pair_interaction,2019-09,403401,753.045020039601,1217.5,1407.5,1537.5,1722.5,1927.5,2122.5,2512.5,3404.6561345608534
provisional_without_pair_interaction,2019-10,405002,751.337896348963,1217.5,1407.5,1537.5,1722.5,1927.5,2122.5,2512.5,3429.881332549983
provisional_without_pair_interaction,2019-11,407499,751.06740911596,1222.5,1407.5,1537.5,1722.5,1927.5,2122.5,2512.5,3405.032024221708
provisional_without_pair_interaction,2019-12,410364,751.1884543942336,1217.5,1407.5,1537.5,1722.5,1927.5,2122.5,2512.5,3394.737280613674
provisional_without_pair_interaction,2020-01,412890,753.9547743401025,1217.5,1407.5,1537.5,1722.5,1927.5,2127.5,2517.5,3408.974696528685
provisional_without_pair_interaction,2020-02,415476,752.6721961871384,1217.5,1407.5,1537.5,1722.5,1927.5,2127.5,2517.5,3367.770967371798
provisional_without_pair_interaction,2020-03,417248,754.5900020488463,1217.5,1407.5,1537.5,1717.5,1922.5,2122.5,2512.5,3354.644201770833
provisional_without_pair_interaction,2020-04,418821,754.146613284093,1217.5,1407.5,1537.5,1722.5,1927.5,2122.5,2512.5,3340.3435106416828
provisional_without_pair_interaction,2020-05,418959,754.1435261686194,1217.5,1407.5,1537.5,1722.5,1927.5,2122.5,2512.5,3342.7493273537675
provisional_without_pair_interaction,2020-06,419092,754.1404395041227,1222.5,1407.5,1537.5,1722.5,1927.5,2122.5,2512.5,3330.77179320833
provisional_without_pair_interaction,2020-07,419101,754.137353290537,1222.5,1407.5,1537.5,1722.5,1927.5,2122.5,2512.5,3331.28176815052
provisional_without_pair_interaction,2020-08,419308,754.3058641151915,1222.5,1407.5,1537.5,1722.5,1927.5,2122.5,2512.5,3322.6911122777233
provisional_without_pair_interaction,2020-09,419735,754.6338636075351,1222.5,1407.5,1537.5,1722.5,1927.5,2127.5,2512.5,3315.4579781689336
provisional_without_pair_interaction,2020-10,420244,754.6657828952567,1222.5,1407.5,1537.5,1722.5,1927.5,2127.5,2517.5,3345.6232233080336
provisional_without_pair_interaction,2020-11,420703,754.9609156420883,1222.5,1407.5,1542.5,1722.5,1932.5,2127.5,2517.5,3336.112293042277
provisional_without_pair_interaction,2020-12,421132,754.6697044276889,1222.5,1407.5,1542.5,1727.5,1932.5,2132.5,2522.5,3385.6456692290917
provisional_without_pair_interaction,2021-01,421548,754.189404786116,1222.5,1407.5,1542.5,1722.5,1932.5,2132.5,2522.5,3359.053706592666
provisional_without_pair_interaction,2021-02,422000,753.9496363324772,1222.5,1407.5,1542.5,1722.5,1932.5,2137.5,2522.5,3384.8549004386396
provisional_without_pair_interaction,2021-03,422315,754.0713128871305,1222.5,1407.5,1537.5,1722.5,1932.5,2132.5,2522.5,3379.9212441497302
provisional_without_pair_interaction,2021-04,422997,754.2518815794101,1222.5,1407.5,1542.5,1722.5,1932.5,2132.5,2522.5,3358.3245868762456
provisional_without_pair_interaction,2021-05,424119,754.2177870525143,1222.5,1407.5,1537.5,1722.5,1932.5,2132.5,2522.5,3369.1748732175297
provisional_without_pair_interaction,2021-06,424918,754.8945468477039,1222.5,1407.5,1537.5,1722.5,1927.5,2127.5,2517.5,3343.5133118589715
provisional_without_pair_interaction,2021-07,426942,754.9853416711411,1222.5,1407.5,1537.5,1722.5,1927.5,2127.5,2517.5,3320.3268901399524
provisional_without_pair_interaction,2021-08,428806,754.4111397610128,1222.5,1407.5,1537.5,1722.5,1927.5,2127.5,2517.5,3358.544871666311
provisional_without_pair_interaction,2021-09,430943,753.3580606071238,1222.5,1407.5,1537.5,1722.5,1927.5,2127.5,2522.5,3377.735016625602
provisional_without_pair_interaction,2021-10,432646,752.9644891084338,1217.5,1407.5,1537.5,1717.5,1927.5,2127.5,2527.5,3404.157008976461
provisional_without_pair_interaction,2021-11,434809,752.6938356518581,1222.5,1407.5,1537.5,1722.5,1932.5,2132.5,2527.5,3417.5742740975807
provisional_without_pair_interaction,2021-12,438200,753.9127211022526,1217.5,1407.5,1537.5,1717.5,1922.5,2122.5,2522.5,3481.2040643613846
provisional_without_pair_interaction,2022-01,441296,752.2371778923924,1222.5,1407.5,1537.5,1717.5,1927.5,2127.5,2527.5,3503.5728657185314
provisional_without_pair_interaction,2022-02,443320,753.3602736091976,1222.5,1407.5,1537.5,1717.5,1927.5,2127.5,2527.5,3477.4515554335376
provisional_without_pair_interaction,2022-03,445564,751.6349372994362,1222.5,1407.5,1537.5,1722.5,1927.5,2127.5,2532.5,3502.926185417289
provisional_without_pair_interaction,2022-04,448299,751.6948514303153,1222.5,1407.5,1537.5,1722.5,1927.5,2127.5,2532.5,3506.1962044519687
provisional_without_pair_interaction,2022-05,451898,750.9500455407625,1222.5,1407.5,1537.5,1717.5,1922.5,2122.5,2522.5,3501.390062745581
provisional_without_pair_interaction,2022-06,454636,750.2711264548717,1222.5,1407.5,1537.5,1717.5,1922.5,2122.5,2527.5,3463.0068865088697
provisional_without_pair_interaction,2022-07,457524,750.3205391051644,1222.5,1407.5,1532.5,1712.5,1917.5,2117.5,2517.5,3472.5351500202964
provisional_without_pair_interaction,2022-08,460759,752.4813877093891,1222.5,1407.5,1532.5,1707.5,1912.5,2112.5,2517.5,3469.5701440858347
provisional_without_pair_interaction,2022-09,463718,751.9961575735788,1222.5,1407.5,1532.5,1712.5,1912.5,2112.5,2517.5,3398.434709272495
provisional_without_pair_interaction,2022-10,466362,752.201965775387,1222.5,1407.5,1532.5,1707.5,1912.5,2112.5,2512.5,3400.638810292563
provisional_without_pair_interaction,2022-11,469589,751.6031612570405,1222.5,1402.5,1532.5,1707.5,1912.5,2112.5,2512.5,3411.5398860269947
provisional_without_pair_interaction,2022-12,473150,752.8917529070715,1222.5,1402.5,1532.5,1702.5,1907.5,2107.5,2512.5,3415.2491412949003
provisional_without_pair_interaction,2023-01,476049,751.8646679311832,1217.5,1402.5,1527.5,1702.5,1907.5,2107.5,2512.5,3400.041342446507
provisional_without_pair_interaction,2023-02,480059,753.6420376934277,1222.5,1402.5,1527.5,1702.5,1907.5,2107.5,2512.5,3411.5714723704455
provisional_without_pair_interaction,2023-03,483551,753.5159278724676,1222.5,1402.5,1527.5,1702.5,1902.5,2102.5,2512.5,3408.3451882156783
provisional_without_pair_interaction,2023-04,486614,752.272456310779,1222.5,1402.5,1527.5,1697.5,1897.5,2097.5,2507.5,3407.6946234899174
provisional_without_pair_interaction,2023-05,490437,750.634702215679,1217.5,1402.5,1527.5,1702.5,1902.5,2102.5,2502.5,3409.346388113415
provisional_without_pair_interaction,2023-06,493953,750.5772028246146,1222.5,1402.5,1527.5,1697.5,1902.5,2102.5,2502.5,3407.6942405233776
provisional_without_pair_interaction,2023-07,496992,751.1295540194892,1222.5,1402.5,1527.5,1697.5,1902.5,2102.5,2507.5,3335.6879653436226
provisional_without_pair_interaction,2023-08,500593,749.7642138436413,1217.5,1402.5,1527.5,1697.5,1897.5,2102.5,2507.5,3363.539410572996
provisional_without_pair_interaction,2023-09,504526,751.127605352194,1217.5,1402.5,1527.5,1697.5,1897.5,2097.5,2502.5,3403.7637815088424
provisional_without_pair_interaction,2023-10,506855,747.1139921674377,1222.5,1402.5,1522.5,1692.5,1892.5,2097.5,2507.5,3396.5637655840983
provisional_without_pair_interaction,2023-11,510680,747.6205105047906,1217.5,1397.5,1522.5,1692.5,1887.5,2092.5,2502.5,3378.695739638363
provisional_without_pair_interaction,2023-12,513968,746.1462415329929,1217.5,1397.5,1522.5,1687.5,1887.5,2087.5,2492.5,3326.123498651268
provisional_without_pair_interaction,2024-01,517402,744.8122379724365,1217.5,1397.5,1522.5,1687.5,1887.5,2087.5,2497.5,3394.668314130533
provisional_without_pair_interaction,2024-02,521940,746.1735979719543,1217.5,1397.5,1522.5,1692.5,1892.5,2097.5,2507.5,3385.5567533871927
provisional_without_pair_interaction,2024-03,525982,742.423690627972,1217.5,1397.5,1517.5,1687.5,1887.5,2087.5,2497.5,3376.940629000226
provisional_without_pair_interaction,2024-04,529797,745.4158081902282,1217.5,1397.5,1517.5,1687.5,1887.5,2087.5,2492.5,3420.484572937318
provisional_without_pair_interaction,2024-05,535092,744.7260245029128,1217.5,1397.5,1522.5,1687.5,1887.5,2082.5,2492.5,3425.9855852879377
provisional_without_pair_interaction,2024-06,538881,744.4859882023777,1217.5,1397.5,1517.5,1682.5,1882.5,2082.5,2487.5,3397.1799613913627
provisional_without_pair_interaction,2024-07,541528,746.1562112981693,1217.5,1397.5,1517.5,1682.5,1877.5,2077.5,2487.5,3388.4555228812105
provisional_without_pair_interaction,2024-08,545471,742.6666269758697,1212.5,1397.5,1517.5,1682.5,1882.5,2082.5,2492.5,3404.273607134664
provisional_without_pair_interaction,2024-09,548434,744.0569707142788,1217.5,1397.5,1522.5,1687.5,1882.5,2082.5,2487.5,3380.9019049532667
provisional_without_pair_interaction,2024-10,551044,749.4362284203083,1217.5,1397.5,1522.5,1687.5,1882.5,2082.5,2487.5,3435.789469565513
provisional_without_pair_interaction,2024-11,554867,749.062406932841,1217.5,1397.5,1517.5,1682.5,1882.5,2082.5,2492.5,3402.608619615524
provisional_without_pair_interaction,2024-12,558560,749.9898961776543,1212.5,1392.5,1512.5,1677.5,1872.5,2072.5,2477.5,3409.8173662200497
provisional_without_pair_interaction,2025-01,562049,751.4550478008206,1212.5,1392.5,1517.5,1682.5,1877.5,2077.5,2482.5,3423.9244825342194
provisional_without_pair_interaction,2025-02,566253,752.136073426207,1217.5,1397.5,1517.5,1682.5,1877.5,2077.5,2487.5,3429.527987603359
provisional_without_pair_interaction,2025-03,569841,752.7624436513427,1212.5,1392.5,1517.5,1682.5,1877.5,2077.5,2482.5,3391.725129270291
provisional_without_pair_interaction,2025-04,572901,753.1652482567254,1217.5,1397.5,1517.5,1682.5,1877.5,2077.5,2482.5,3405.944978989856
provisional_without_pair_interaction,2025-05,576432,750.9424816221022,1217.5,1397.5,1517.5,1682.5,1877.5,2077.5,2487.5,3420.021656243769
provisional_without_pair_interaction,2025-06,580020,749.8038990170483,1217.5,1397.5,1517.5,1682.5,1877.5,2072.5,2482.5,3393.8925413964826
provisional_without_pair_interaction,2025-07,583072,749.4900814135248,1217.5,1397.5,1517.5,1682.5,1877.5,2077.5,2492.5,3431.6092511511656
provisional_without_pair_interaction,2025-08,586106,748.5143780647435,1212.5,1397.5,1517.5,1682.5,1877.5,2077.5,2482.5,3414.744678569752
provisional_without_pair_interaction,2025-09,588993,747.1003884117304,1212.5,1397.5,1517.5,1682.5,1877.5,2072.5,2477.5,3414.482188642738
provisional_without_pair_interaction,2025-10,591352,745.5277103184591,1212.5,1397.5,1517.5,1677.5,1872.5,2067.5,2477.5,3391.061186323734
provisional_without_pair_interaction,2025-11,594327,745.711789538326,1217.5,1397.5,1522.5,1682.5,1877.5,2077.5,2487.5,3431.975955954758
provisional_without_pair_interaction,2025-12,597530,746.3289320651182,1212.5,1397.5,1517.5,1677.5,1867.5,2067.5,2482.5,3430.3421346939085
provisional_without_form,2008-04,35706,1046.567187358323,1227.5,1342.5,1422.5,1507.5,1602.5,1697.5,1862.5,2212.7915092680396
provisional_without_form,2008-07,63413,992.402164446086,1232.5,1357.5,1437.5,1532.5,1627.5,1727.5,1917.5,2236.340021115827
provisional_without_form,2008-10,78126,947.358497266913,1217.5,1367.5,1457.5,1562.5,1672.5,1782.5,1977.5,2285.779624036833
provisional_without_form,2009-01,88435,928.8506811250969,1222.5,1367.5,1457.5,1567.5,1682.5,1792.5,2012.5,2332.0144592509223
provisional_without_form,2009-04,96130,928.4426966297109,1217.5,1367.5,1457.5,1572.5,1697.5,1812.5,2042.5,2400.6238737349604
provisional_without_form,2009-07,106936,931.6158660806877,1212.5,1367.5,1462.5,1582.5,1702.5,1827.5,2062.5,2370.525527277683
provisional_without_form,2009-09,111986,929.018752488253,1217.5,1377.5,1477.5,1597.5,1727.5,1852.5,2107.5,2456.7296682909946
provisional_without_form,2009-11,115356,930.7220982691096,1222.5,1382.5,1482.5,1607.5,1742.5,1872.5,2127.5,2447.854134807202
provisional_without_form,2010-01,119145,932.9064466060137,1217.5,1382.5,1487.5,1617.5,1752.5,1882.5,2132.5,2471.101279956021
provisional_without_form,2010-03,122006,934.3522541148001,1222.5,1387.5,1492.5,1622.5,1762.5,1902.5,2167.5,2692.494975104983
provisional_without_form,2010-05,126711,934.9727072700193,1217.5,1387.5,1497.5,1632.5,1777.5,1917.5,2182.5,2675.576187821476
provisional_without_form,2010-07,130342,934.6910042619418,1212.5,1382.5,1497.5,1637.5,1787.5,1927.5,2207.5,2609.2973988954272
provisional_without_form,2010-09,135161,931.3518397630942,1217.5,1387.5,1502.5,1642.5,1797.5,1937.5,2212.5,2622.24224476564
provisional_without_form,2010-11,138572,742.9663799468782,1222.5,1397.5,1507.5,1652.5,1802.5,1947.5,2222.5,2602.209756231134
provisional_without_form,2011-01,142158,743.1206070701849,1227.5,1397.5,1512.5,1652.5,1802.5,1942.5,2232.5,2615.460048230055
provisional_without_form,2011-03,145507,743.1021740734022,1217.5,1392.5,1507.5,1647.5,1802.5,1947.5,2227.5,2583.7025243130056
provisional_without_form,2011-05,149681,745.3087101409071,1222.5,1392.5,1512.5,1657.5,1812.5,1957.5,2252.5,2817.6688271281746
provisional_without_form,2011-07,153718,744.7480151411988,1217.5,1392.5,1512.5,1662.5,1822.5,1967.5,2257.5,2779.434341551318
provisional_without_form,2011-09,158478,746.985034323513,1222.5,1402.5,1522.5,1672.5,1832.5,1982.5,2277.5,2682.766545417001
provisional_without_form,2011-11,162520,745.7795658770087,1227.5,1407.5,1522.5,1672.5,1832.5,1982.5,2272.5,2710.809593354654
provisional_without_form,2012-01,167627,745.5774536859215,1232.5,1407.5,1522.5,1672.5,1832.5,1982.5,2287.5,2724.793051784086
provisional_without_form,2012-03,171133,744.1076653296132,1227.5,1397.5,1517.5,1667.5,1832.5,1987.5,2287.5,2725.563109385748
provisional_without_form,2012-05,178038,742.9914955613576,1222.5,1397.5,1512.5,1667.5,1837.5,1992.5,2297.5,2769.9603864557052
provisional_without_form,2012-07,182593,743.1594790484985,1227.5,1402.5,1517.5,1672.5,1837.5,1992.5,2297.5,2768.9496980271983
provisional_without_form,2012-08,184603,744.5183162398433,1222.5,1397.5,1517.5,1667.5,1832.5,1992.5,2302.5,2765.7751022255425
provisional_without_form,2012-09,187074,743.6599928996721,1227.5,1402.5,1522.5,1677.5,1847.5,2002.5,2312.5,2809.3384187681468
provisional_without_form,2012-10,188463,745.2225127104663,1227.5,1402.5,1522.5,1682.5,1847.5,2007.5,2322.5,2859.542973365743
provisional_without_form,2012-11,190357,745.8749304111085,1227.5,1402.5,1522.5,1682.5,1852.5,2012.5,2327.5,2903.8587706998374
provisional_without_form,2012-12,192314,745.8977521134642,1232.5,1407.5,1527.5,1687.5,1857.5,2017.5,2332.5,2860.8486633126786
provisional_without_form,2013-01,194095,744.5819097076716,1227.5,1407.5,1527.5,1687.5,1862.5,2022.5,2337.5,2880.6529997448697
provisional_without_form,2013-02,195949,743.8815558672122,1222.5,1402.5,1522.5,1682.5,1857.5,2022.5,2342.5,2930.295202204675
provisional_without_form,2013-03,198152,743.6410837792723,1217.5,1397.5,1517.5,1682.5,1857.5,2022.5,2337.5,2939.80590703662
provisional_without_form,2013-04,200710,744.1889214312272,1222.5,1402.5,1522.5,1682.5,1857.5,2022.5,2347.5,2963.5000631354274
provisional_without_form,2013-05,203414,743.3105706229526,1222.5,1402.5,1522.5,1687.5,1867.5,2032.5,2352.5,2927.9798692747872
provisional_without_form,2013-06,206152,743.2466149307031,1227.5,1407.5,1527.5,1692.5,1867.5,2032.5,2357.5,2933.951528401774
provisional_without_form,2013-07,208061,743.7548868375113,1227.5,1407.5,1527.5,1692.5,1867.5,2037.5,2362.5,2961.785970468776
provisional_without_form,2013-08,210261,745.0489033641626,1227.5,1407.5,1532.5,1697.5,1877.5,2042.5,2367.5,2926.7269842889887
provisional_without_form,2013-09,212122,746.4546449436981,1227.5,1412.5,1537.5,1707.5,1887.5,2052.5,2372.5,2923.630145685168
provisional_without_form,2013-10,214079,747.7308009312046,1227.5,1412.5,1537.5,1702.5,1882.5,2052.5,2382.5,3002.830376638652
provisional_without_form,2013-11,216091,747.9201600567357,1232.5,1412.5,1542.5,1712.5,1892.5,2062.5,2392.5,3012.90755424861
provisional_without_form,2013-12,218026,747.4831216225577,1227.5,1412.5,1537.5,1707.5,1892.5,2062.5,2387.5,2980.410496652422
provisional_without_form,2014-01,220322,747.3122477318158,1227.5,1412.5,1537.5,1712.5,1897.5,2067.5,2397.5,3024.954614823921
provisional_without_form,2014-02,222921,748.7253896207822,1227.5,1407.5,1532.5,1707.5,1897.5,2067.5,2407.5,3038.2097255726903
provisional_without_form,2014-03,224736,748.438875331556,1227.5,1407.5,1532.5,1707.5,1892.5,2067.5,2407.5,3076.18306102704
provisional_without_form,2014-04,226783,748.5944635169099,1227.5,1407.5,1532.5,1712.5,1897.5,2072.5,2412.5,3070.2180205527393
provisional_without_form,2014-05,229831,747.7852151345844,1227.5,1407.5,1537.5,1712.5,1902.5,2077.5,2407.5,3048.869686489835
provisional_without_form,2014-06,232388,747.352777350706,1227.5,1412.5,1537.5,1717.5,1907.5,2082.5,2417.5,3075.3965598203076
provisional_without_form,2014-07,234772,746.7309581296923,1227.5,1412.5,1537.5,1712.5,1907.5,2082.5,2417.5,3072.2795029174777
provisional_without_form,2014-08,237112,747.7997440094466,1227.5,1412.5,1542.5,1717.5,1907.5,2082.5,2422.5,3041.255178143836
provisional_without_form,2014-09,239031,748.3737642363484,1227.5,1407.5,1537.5,1717.5,1912.5,2087.5,2427.5,3035.88349469404
provisional_without_form,2014-10,241314,747.9519921394872,1227.5,1412.5,1542.5,1722.5,1912.5,2087.5,2427.5,3108.239084419909
provisional_without_form,2014-11,243994,748.0644801616016,1232.5,1417.5,1547.5,1732.5,1922.5,2097.5,2432.5,3064.7242332395967
provisional_without_form,2014-12,246568,748.5673450760502,1232.5,1417.5,1547.5,1727.5,1922.5,2097.5,2437.5,3046.6309450556123
provisional_without_form,2015-01,249606,748.2397609341367,1232.5,1412.5,1542.5,1722.5,1917.5,2097.5,2437.5,3036.7887525592396
provisional_without_form,2015-02,252154,747.6141253969993,1227.5,1412.5,1537.5,1717.5,1912.5,2092.5,2437.5,3082.684742858745
provisional_without_form,2015-03,254504,748.0538028332006,1232.5,1412.5,1537.5,1722.5,1912.5,2092.5,2432.5,3054.72890011052
provisional_without_form,2015-04,256990,747.7584747902038,1227.5,1412.5,1537.5,1722.5,1917.5,2092.5,2437.5,3045.6287952124803
provisional_without_form,2015-05,260361,747.0756893810307,1227.5,1407.5,1537.5,1722.5,1917.5,2102.5,2442.5,3119.2408979359525
provisional_without_form,2015-06,263697,746.4675913730792,1227.5,1412.5,1542.5,1722.5,1922.5,2102.5,2442.5,3110.8686213438777
provisional_without_form,2015-07,266375,747.35994794391,1227.5,1412.5,1542.5,1722.5,1917.5,2097.5,2447.5,3138.428149127659
provisional_without_form,2015-08,269027,748.9152844121228,1222.5,1407.5,1537.5,1722.5,1917.5,2097.5,2447.5,3087.4362896169105
provisional_without_form,2015-09,271697,749.5540518534327,1227.5,1412.5,1542.5,1727.5,1922.5,2107.5,2462.5,3137.3773875044917
provisional_without_form,2015-10,273996,749.865310325106,1227.5,1412.5,1542.5,1722.5,1922.5,2102.5,2457.5,3132.2398075352994
provisional_without_form,2015-11,276727,748.4271521569007,1222.5,1407.5,1537.5,1722.5,1922.5,2102.5,2462.5,3120.0997538176466
provisional_without_form,2015-12,279452,748.6240221425372,1222.5,1407.5,1542.5,1722.5,1922.5,2102.5,2462.5,3106.4624245762107
provisional_without_form,2016-01,282958,749.8732455309732,1222.5,1407.5,1537.5,1717.5,1912.5,2097.5,2457.5,3098.2499309952873
provisional_without_form,2016-02,285934,748.5171113094375,1222.5,1407.5,1532.5,1712.5,1907.5,2092.5,2457.5,3085.5833286427724
provisional_without_form,2016-03,288812,747.8882126983566,1222.5,1407.5,1537.5,1722.5,1917.5,2097.5,2457.5,3065.108575472127
provisional_without_form,2016-04,291822,748.2905594604103,1222.5,1407.5,1542.5,1722.5,1917.5,2102.5,2457.5,3135.52441756426
provisional_without_form,2016-05,294577,750.0273871979125,1222.5,1407.5,1537.5,1722.5,1922.5,2107.5,2462.5,3150.4308029799895
provisional_without_form,2016-06,297892,751.2600981744642,1222.5,1407.5,1537.5,1722.5,1917.5,2102.5,2462.5,3170.3518935111606
provisional_without_form,2016-07,300285,752.3084919026442,1222.5,1407.5,1542.5,1722.5,1922.5,2107.5,2462.5,3141.0614562748597
provisional_without_form,2016-08,303374,753.3538999668251,1222.5,1407.5,1537.5,1722.5,1917.5,2102.5,2462.5,3183.1831987209516
provisional_without_form,2016-09,306107,753.1876699557369,1217.5,1402.5,1532.5,1717.5,1912.5,2097.5,2467.5,3162.856435382114
provisional_without_form,2016-10,308218,754.1969878516554,1217.5,1402.5,1537.5,1717.5,1912.5,2097.5,2467.5,3164.227104295604
provisional_without_form,2016-11,311147,754.1578880717229,1217.5,1402.5,1532.5,1717.5,1912.5,2102.5,2472.5,3176.3007048978625
provisional_without_form,2016-12,313960,753.894267116065,1217.5,1407.5,1537.5,1722.5,1922.5,2107.5,2477.5,3139.8550815803756
provisional_without_form,2017-01,317775,754.0448996258948,1217.5,1402.5,1532.5,1717.5,1917.5,2102.5,2467.5,3129.6889112091826
provisional_without_form,2017-02,320759,754.2952291673147,1217.5,1402.5,1532.5,1717.5,1917.5,2107.5,2472.5,3146.8449461647256
provisional_without_form,2017-03,322957,754.5021275037384,1217.5,1402.5,1532.5,1717.5,1917.5,2107.5,2472.5,3249.030282167815
provisional_without_form,2017-04,325913,756.0797026534003,1212.5,1397.5,1532.5,1717.5,1917.5,2107.5,2482.5,3259.8620881424104
provisional_without_form,2017-05,328980,754.7888563487408,1217.5,1402.5,1532.5,1717.5,1922.5,2107.5,2477.5,3210.5076264331033
provisional_without_form,2017-06,331640,754.317786378043,1217.5,1402.5,1537.5,1722.5,1922.5,2112.5,2482.5,3212.6362277523426
provisional_without_form,2017-07,334347,754.0258350039967,1217.5,1402.5,1537.5,1722.5,1927.5,2112.5,2482.5,3210.349600779109
provisional_without_form,2017-08,337129,755.4679641368906,1217.5,1402.5,1537.5,1722.5,1927.5,2117.5,2487.5,3209.2379061176475
provisional_without_form,2017-09,339880,754.7361501420557,1217.5,1402.5,1537.5,1722.5,1927.5,2117.5,2492.5,3193.6754523398554
provisional_without_form,2017-10,342003,755.7249332758133,1217.5,1402.5,1537.5,1722.5,1922.5,2112.5,2487.5,3198.024677653505
provisional_without_form,2017-11,344390,754.9525479885019,1217.5,1402.5,1537.5,1722.5,1927.5,2122.5,2492.5,3184.149603946015
provisional_without_form,2017-12,347525,753.7522253393997,1217.5,1407.5,1537.5,1722.5,1927.5,2117.5,2492.5,3202.7470303759046
provisional_without_form,2018-01,350594,754.3302804422726,1217.5,1402.5,1537.5,1722.5,1927.5,2117.5,2497.5,3218.130028181331
provisional_without_form,2018-02,353502,754.2424628999427,1217.5,1402.5,1537.5,1722.5,1927.5,2117.5,2492.5,3262.525202548831
provisional_without_form,2018-03,355978,754.7272463077844,1217.5,1407.5,1537.5,1722.5,1927.5,2117.5,2492.5,3257.817715174505
provisional_without_form,2018-04,358254,754.8934668876617,1217.5,1407.5,1537.5,1727.5,1932.5,2127.5,2502.5,3259.6090934615786
provisional_without_form,2018-05,361594,754.3343338568244,1217.5,1402.5,1537.5,1722.5,1932.5,2127.5,2502.5,3280.6728539277674
provisional_without_form,2018-06,364493,753.1473794849733,1217.5,1402.5,1537.5,1722.5,1927.5,2122.5,2502.5,3294.0796632278334
provisional_without_form,2018-07,367002,754.199050088255,1217.5,1402.5,1537.5,1722.5,1927.5,2122.5,2502.5,3287.7396120696253
provisional_without_form,2018-08,370041,755.606279960244,1217.5,1402.5,1537.5,1717.5,1927.5,2117.5,2497.5,3245.4026672678046
provisional_without_form,2018-09,372716,755.8340723427253,1217.5,1407.5,1537.5,1722.5,1927.5,2122.5,2502.5,3271.5033914276505
provisional_without_form,2018-10,374320,755.8216398840747,1217.5,1402.5,1537.5,1722.5,1932.5,2127.5,2507.5,3286.035586893402
provisional_without_form,2018-11,376598,757.0584060654402,1217.5,1402.5,1537.5,1722.5,1932.5,2127.5,2507.5,3295.9143156997006
provisional_without_form,2018-12,379292,756.7462788443819,1217.5,1407.5,1537.5,1722.5,1927.5,2122.5,2507.5,3301.0666539939875
provisional_without_form,2019-01,382258,756.6242583225835,1217.5,1402.5,1537.5,1717.5,1922.5,2117.5,2502.5,3266.2794698665357
provisional_without_form,2019-02,385227,758.3097467938699,1217.5,1407.5,1537.5,1722.5,1932.5,2127.5,2507.5,3313.5153306460707
provisional_without_form,2019-03,387207,755.1575628170524,1222.5,1407.5,1537.5,1722.5,1927.5,2122.5,2507.5,3287.0436291285705
provisional_without_form,2019-04,389783,754.5836339020456,1222.5,1407.5,1537.5,1722.5,1932.5,2127.5,2507.5,3303.9889615008847
provisional_without_form,2019-05,393041,753.7860345245875,1222.5,1407.5,1537.5,1722.5,1927.5,2122.5,2502.5,3354.67920860928
provisional_without_form,2019-06,395348,755.7897959200355,1222.5,1407.5,1537.5,1722.5,1927.5,2122.5,2507.5,3387.06871176962
provisional_without_form,2019-07,397811,756.9921701917316,1222.5,1407.5,1542.5,1727.5,1932.5,2127.5,2512.5,3366.1414017234547
provisional_without_form,2019-08,400598,756.194913392204,1222.5,1407.5,1537.5,1727.5,1937.5,2132.5,2517.5,3393.8917311726227
provisional_without_form,2019-09,403401,756.7413431548669,1222.5,1407.5,1542.5,1727.5,1932.5,2132.5,2512.5,3396.88314742099
provisional_without_form,2019-10,405002,755.0457097805987,1222.5,1407.5,1542.5,1722.5,1932.5,2127.5,2517.5,3422.1997433220877
provisional_without_form,2019-11,407499,754.7953907323298,1222.5,1407.5,1542.5,1727.5,1932.5,2127.5,2517.5,3397.9639021543408
provisional_without_form,2019-12,410364,754.8860368809151,1222.5,1407.5,1542.5,1727.5,1932.5,2132.5,2517.5,3387.791673704907
provisional_without_form,2020-01,412890,757.6747068420988,1222.5,1407.5,1542.5,1727.5,1937.5,2132.5,2522.5,3402.1596078167368
provisional_without_form,2020-02,415476,756.4025905549979,1222.5,1407.5,1542.5,1727.5,1937.5,2137.5,2522.5,3357.8449115163867
provisional_without_form,2020-03,417248,758.3391640928736,1222.5,1407.5,1542.5,1722.5,1932.5,2127.5,2517.5,3342.9671775802444
provisional_without_form,2020-04,418821,757.8414710652285,1222.5,1407.5,1542.5,1727.5,1932.5,2127.5,2517.5,3330.2764329924444
provisional_without_form,2020-05,418959,757.8383917739361,1222.5,1407.5,1542.5,1727.5,1932.5,2127.5,2517.5,3332.9167886478413
provisional_without_form,2020-06,419092,757.8353129324776,1227.5,1412.5,1542.5,1727.5,1932.5,2132.5,2517.5,3321.5348892928096
provisional_without_form,2020-07,419101,757.8322345407873,1227.5,1412.5,1542.5,1727.5,1932.5,2132.5,2517.5,3321.8657044922393
provisional_without_form,2020-08,419308,757.9992056991315,1227.5,1412.5,1542.5,1727.5,1932.5,2127.5,2517.5,3313.5344462722433
provisional_without_form,2020-09,419735,758.3084269719808,1222.5,1412.5,1542.5,1727.5,1937.5,2132.5,2522.5,3307.009196803944
provisional_without_form,2020-10,420244,758.3329654829229,1222.5,1407.5,1542.5,1727.5,1932.5,2132.5,2522.5,3339.3675179759243
provisional_without_form,2020-11,420703,758.6594146670458,1222.5,1412.5,1542.5,1727.5,1937.5,2137.5,2522.5,3329.486616482635
provisional_without_form,2020-12,421132,758.3637278357442,1227.5,1412.5,1542.5,1732.5,1942.5,2142.5,2527.5,3379.2373951432714
provisional_without_form,2021-01,421548,757.8946108272062,1227.5,1412.5,1542.5,1727.5,1942.5,2142.5,2527.5,3352.336548470745
provisional_without_form,2021-02,422000,757.658480176009,1222.5,1412.5,1542.5,1727.5,1942.5,2142.5,2532.5,3378.069941942295
provisional_without_form,2021-03,422315,757.7765276549376,1227.5,1412.5,1542.5,1727.5,1937.5,2137.5,2527.5,3374.3977040673267
provisional_without_form,2021-04,422997,757.9620089061377,1227.5,1412.5,1542.5,1727.5,1937.5,2137.5,2532.5,3356.9203655210595
provisional_without_form,2021-05,424119,757.9226036604399,1227.5,1412.5,1542.5,1727.5,1937.5,2137.5,2532.5,3368.141550117986
provisional_without_form,2021-06,424918,758.5977805389495,1227.5,1412.5,1542.5,1727.5,1937.5,2137.5,2527.5,3342.6335653542355
provisional_without_form,2021-07,426942,758.702088722874,1227.5,1412.5,1542.5,1727.5,1937.5,2132.5,2522.5,3319.621240622568
provisional_without_form,2021-08,428806,758.140685333716,1227.5,1412.5,1542.5,1727.5,1932.5,2132.5,2527.5,3357.2987891777516
provisional_without_form,2021-09,430943,757.0732811411108,1222.5,1412.5,1542.5,1727.5,1932.5,2132.5,2532.5,3373.297744496073
provisional_without_form,2021-10,432646,756.7036251915303,1222.5,1407.5,1542.5,1722.5,1932.5,2132.5,2532.5,3400.7989738224587
provisional_without_form,2021-11,434809,756.471553023103,1222.5,1412.5,1542.5,1727.5,1937.5,2137.5,2532.5,3411.851585802483
provisional_without_form,2021-12,438200,757.6903424132099,1222.5,1407.5,1537.5,1722.5,1932.5,2127.5,2527.5,3478.200627706493
provisional_without_form,2022-01,441296,756.017732431725,1227.5,1412.5,1542.5,1722.5,1932.5,2132.5,2532.5,3500.4761346926543
provisional_without_form,2022-02,443320,757.1458795561596,1227.5,1412.5,1542.5,1722.5,1932.5,2132.5,2532.5,3473.906668567424
provisional_without_form,2022-03,445564,755.4365086563503,1227.5,1412.5,1542.5,1722.5,1932.5,2137.5,2537.5,3499.6120693592607
provisional_without_form,2022-04,448299,755.5004866291232,1227.5,1412.5,1542.5,1722.5,1932.5,2137.5,2537.5,3502.9820547907566
provisional_without_form,2022-05,451898,754.8101906569367,1227.5,1412.5,1542.5,1722.5,1927.5,2127.5,2527.5,3498.388540232607
provisional_without_form,2022-06,454636,754.172509205812,1227.5,1412.5,1537.5,1722.5,1927.5,2127.5,2532.5,3457.7162225038296
provisional_without_form,2022-07,457524,754.2244409650581,1227.5,1407.5,1537.5,1717.5,1922.5,2122.5,2527.5,3468.4244522123877
provisional_without_form,2022-08,460759,756.3904227837335,1222.5,1407.5,1537.5,1712.5,1917.5,2117.5,2522.5,3461.463034070078
provisional_without_form,2022-09,463718,755.905724865983,1227.5,1407.5,1537.5,1717.5,1922.5,2122.5,2522.5,3393.7572358177713
provisional_without_form,2022-10,466362,756.1170316465773,1227.5,1407.5,1537.5,1712.5,1917.5,2117.5,2517.5,3394.2257003628324
provisional_without_form,2022-11,469589,755.5070104052057,1227.5,1407.5,1537.5,1712.5,1917.5,2117.5,2517.5,3406.0182951342754
provisional_without_form,2022-12,473150,756.8071298434049,1227.5,1407.5,1532.5,1707.5,1912.5,2112.5,2517.5,3411.412211543175
provisional_without_form,2023-01,476049,755.7987155936239,1222.5,1407.5,1532.5,1707.5,1912.5,2112.5,2517.5,3395.3475199105906
provisional_without_form,2023-02,480059,757.5960190186005,1227.5,1407.5,1532.5,1707.5,1912.5,2112.5,2517.5,3407.759548543543
provisional_without_form,2023-03,483551,757.4658293245085,1227.5,1407.5,1532.5,1707.5,1912.5,2112.5,2517.5,3404.152601056803
provisional_without_form,2023-04,486614,756.2300249888455,1227.5,1407.5,1532.5,1702.5,1907.5,2107.5,2512.5,3403.8585678295003
provisional_without_form,2023-05,490437,754.6358181009399,1227.5,1407.5,1532.5,1707.5,1907.5,2107.5,2512.5,3405.649312528487
provisional_without_form,2023-06,493953,754.5894486411028,1227.5,1407.5,1532.5,1702.5,1907.5,2107.5,2512.5,3403.608848779803
provisional_without_form,2023-07,496992,755.1674760553817,1227.5,1407.5,1532.5,1702.5,1907.5,2107.5,2512.5,3331.8714789838414
provisional_without_form,2023-08,500593,753.8079648859301,1227.5,1407.5,1532.5,1702.5,1907.5,2107.5,2517.5,3359.9465490127227
provisional_without_form,2023-09,504526,755.1860722208388,1227.5,1407.5,1532.5,1702.5,1907.5,2107.5,2512.5,3399.869356547755
provisional_without_form,2023-10,506855,756.142998786755,1227.5,1407.5,1527.5,1702.5,1902.5,2102.5,2512.5,3392.8686295770262
provisional_without_form,2023-11,510680,756.6654449816292,1222.5,1402.5,1527.5,1697.5,1897.5,2097.5,2507.5,3372.1812981786898
provisional_without_form,2023-12,513968,754.7887607929916,1222.5,1402.5,1527.5,1697.5,1897.5,2097.5,2502.5,3322.1963673637356
provisional_without_form,2024-01,517402,753.4559706197405,1227.5,1402.5,1527.5,1692.5,1892.5,2097.5,2507.5,3387.1335438723895
provisional_without_form,2024-02,521940,753.1012757366375,1222.5,1402.5,1527.5,1697.5,1902.5,2102.5,2512.5,3379.260076625406
provisional_without_form,2024-03,525982,751.6155953398593,1222.5,1402.5,1522.5,1692.5,1892.5,2097.5,2507.5,3372.220158126431
provisional_without_form,2024-04,529797,754.5646970794356,1222.5,1402.5,1522.5,1692.5,1892.5,2092.5,2502.5,3424.1806694530233
provisional_without_form,2024-05,535092,753.899028796014,1222.5,1402.5,1527.5,1692.5,1892.5,2092.5,2497.5,3429.5912102504644
provisional_without_form,2024-06,538881,753.6366471349838,1222.5,1402.5,1522.5,1692.5,1887.5,2087.5,2497.5,3391.6510820925446
provisional_without_form,2024-07,541528,753.9665913242605,1227.5,1402.5,1522.5,1692.5,1887.5,2087.5,2497.5,3390.8930451195265
provisional_without_form,2024-08,545471,751.8339040903847,1222.5,1402.5,1522.5,1692.5,1892.5,2092.5,2502.5,3399.5618387532313
provisional_without_form,2024-09,548434,752.5205609140188,1222.5,1402.5,1527.5,1692.5,1892.5,2092.5,2497.5,3378.1328333823485
provisional_without_form,2024-10,551044,753.6832915931163,1222.5,1402.5,1527.5,1692.5,1892.5,2087.5,2497.5,3433.758263360458
provisional_without_form,2024-11,554867,753.2940214422881,1222.5,1402.5,1527.5,1692.5,1892.5,2092.5,2497.5,3399.883033918689
provisional_without_form,2024-12,558560,754.2089409786488,1217.5,1397.5,1522.5,1687.5,1882.5,2077.5,2487.5,3408.6174568900574
provisional_without_form,2025-01,562049,755.667807100686,1222.5,1402.5,1522.5,1687.5,1887.5,2087.5,2492.5,3423.12510548445
provisional_without_form,2025-02,566253,756.3306995817356,1222.5,1402.5,1522.5,1687.5,1887.5,2087.5,2492.5,3428.5593724479954
provisional_without_form,2025-03,569841,756.9136246799453,1222.5,1402.5,1522.5,1687.5,1887.5,2087.5,2492.5,3390.5377048303135
provisional_without_form,2025-04,572901,757.2942275107654,1227.5,1402.5,1527.5,1692.5,1887.5,2087.5,2492.5,3403.839845444542
provisional_without_form,2025-05,576432,755.073088915741,1222.5,1402.5,1527.5,1692.5,1887.5,2087.5,2497.5,3418.161636018023
provisional_without_form,2025-06,580020,753.9374268449989,1222.5,1402.5,1527.5,1687.5,1887.5,2087.5,2492.5,3391.9543599460094
provisional_without_form,2025-07,583072,753.6430951343713,1222.5,1402.5,1527.5,1692.5,1887.5,2087.5,2502.5,3429.3730068926275
provisional_without_form,2025-08,586106,752.7015685656457,1222.5,1402.5,1527.5,1687.5,1887.5,2087.5,2492.5,3413.3132069673043
provisional_without_form,2025-09,588993,751.3242279584115,1222.5,1402.5,1527.5,1692.5,1887.5,2087.5,2492.5,3412.3903994831526
provisional_without_form,2025-10,591352,749.7950129943342,1222.5,1402.5,1522.5,1687.5,1882.5,2082.5,2492.5,3389.9478136956427
provisional_without_form,2025-11,594327,750.0154122581789,1227.5,1407.5,1527.5,1692.5,1887.5,2087.5,2497.5,3429.7209308145657
provisional_without_form,2025-12,597530,750.6894340756154,1222.5,1402.5,1522.5,1687.5,1882.5,2082.5,2492.5,3428.4348488193173
